"dates","ABBV.Open","ABBV.High","ABBV.Low","ABBV.Close","ABBV.Volume","ABBV.Adjusted"
"2013-01-02",34.919998,35.400002,34.099998,35.119999,13767900,25.103134
"2013-01-03",35,35,34.16,34.830002,16739300,24.895849
"2013-01-04",34.619999,34.889999,34.25,34.389999,21372100,24.581341
"2013-01-07",34.150002,35.450001,34.150002,34.459999,17897100,24.631376
"2013-01-08",34.290001,34.639999,33.360001,33.709999,17863300,24.095289
"2013-01-09",33.610001,33.950001,33.610001,33.900002,18800400,24.231102
"2013-01-10",33.66,34,33.330002,34,15658100,24.302576
"2013-01-11",33.59,33.900002,33.349998,33.849998,11191500,24.483398
"2013-01-14",34.009998,34.25,33.799999,34.09,11584900,24.656996
"2013-01-15",33.709999,34.720001,33.709999,34.599998,13040200,25.025873
"2013-01-16",34.470001,35.540001,34.450001,35.540001,16512700,25.705767
"2013-01-17",35.75,36.700001,35.75,36.419998,14424800,26.342262
"2013-01-18",36.43,37.32,36.040001,37.32,17842200,26.993223
"2013-01-22",36.98,37.25,35.93,36.419998,15809700,26.342262
"2013-01-23",36.91,37.84,36.5,37.799999,10981600,27.340395
"2013-01-24",37.790001,38.52,37.23,37.459999,11327100,27.094479
"2013-01-25",37.52,37.84,36.639999,37.599998,8934600,27.195742
"2013-01-28",37.650002,37.869999,36.709999,36.889999,7140100,26.682205
"2013-01-29",36.709999,37.459999,36.25,37.310001,8838500,26.985992
"2013-01-30",36.810001,37.529999,36.810001,36.93,10841800,26.71114
"2013-01-31",36.84,36.93,36.27,36.689999,10720700,26.537544
"2013-02-01",36.84,37.200001,36.52,37.18,9527500,26.89196
"2013-02-04",36.639999,37.299999,36.549999,37.279999,6348000,26.964287
"2013-02-05",37.419998,37.73,37.18,37.200001,7284400,26.906422
"2013-02-06",36.959999,37.279999,36.860001,37.139999,5738900,26.863029
"2013-02-07",37.57,37.57,35.799999,36.419998,9872500,26.342262
"2013-02-08",36.369999,36.419998,35.830002,36.25,13858700,26.219303
"2013-02-11",36.130001,36.18,35.75,35.849998,6032100,25.929977
"2013-02-12",35.77,35.900002,35.200001,35.419998,7473800,25.618965
"2013-02-13",35.419998,35.57,35.150002,35.27,4859800,25.510471
"2013-02-14",35.049999,36.73,35.009998,36.57,7570100,26.450754
"2013-02-15",36.93,37.810001,36.93,37.580002,13296300,27.181276
"2013-02-19",37.540001,38.330002,37.110001,38.189999,8292700,27.622486
"2013-02-20",38.16,39.130001,37.610001,38.610001,8096400,27.926262
"2013-02-21",38.490002,39.029999,38.189999,38.779999,7260900,28.049229
"2013-02-22",38.790001,38.849998,38.139999,38.459999,4490400,27.817776
"2013-02-25",38.540001,38.610001,37.369999,37.369999,4665600,27.029381
"2013-02-26",37.599998,37.599998,36.959999,37.09,4463000,26.826857
"2013-02-27",36.970001,36.98,36.400002,36.73,12238400,26.566477
"2013-02-28",36.66,37.139999,36.5,36.919998,10321000,26.703901
"2013-03-01",36.799999,38.07,36.549999,37.810001,8929400,27.347631
"2013-03-04",37.529999,38.25,37.529999,38.240002,5420800,27.658648
"2013-03-05",38.450001,38.57,37.290001,37.509998,6650400,27.130644
"2013-03-06",37.560001,37.860001,37.369999,37.740002,5489500,27.296999
"2013-03-07",37.650002,38.009998,37.439999,37.490002,4442500,27.116177
"2013-03-08",37.639999,37.650002,37.16,37.34,4114500,27.007683
"2013-03-11",37.25,38.150002,37.080002,37.669998,4614400,27.246363
"2013-03-12",37.700001,38.299999,37.049999,37.169998,6523900,26.88472
"2013-03-13",37.200001,37.59,37.040001,37.169998,3710600,26.88472
"2013-03-14",37.43,37.59,36.860001,37.560001,9859700,27.166811
"2013-03-15",37.439999,38.540001,37.279999,38.5,12208300,27.846701
"2013-03-18",38.049999,38.490002,37.990002,38.16,5178700,27.600782
"2013-03-19",38.25,38.400002,37.84,38.360001,5108400,27.745441
"2013-03-20",38.5,39.189999,38.41,39.060001,7072900,28.251741
"2013-03-21",38.82,38.970001,38.48,38.490002,4736100,27.83947
"2013-03-22",38.57,38.970001,38.299999,38.970001,3323400,28.186651
"2013-03-25",39.119999,39.52,38.93,39.32,6065000,28.439798
"2013-03-26",39.57,40.52,39.57,40.209999,7249500,29.083534
"2013-03-27",40.220001,40.290001,39.66,40.150002,4274800,29.040127
"2013-03-28",40.259998,40.799999,39.779999,40.779999,7263400,29.495802
"2013-04-01",39.959999,41.139999,39.959999,41.119999,5740000,29.741722
"2013-04-02",41.220001,41.220001,40.52,40.709999,5510700,29.445175
"2013-04-03",40.75,41.450001,40.349998,40.57,4122100,29.343914
"2013-04-04",40.77,41.779999,40.619999,41.599998,20687600,30.0889
"2013-04-05",41.310001,41.5,41.09,41.310001,14089800,29.879152
"2013-04-08",41.27,41.869999,41.07,41.77,16449200,30.211876
"2013-04-09",41.959999,43.560001,41.799999,42.549999,8673900,30.77603
"2013-04-10",42.650002,43.77,42.5,43.619999,7809200,31.549952
"2013-04-11",43.419998,43.709999,43.110001,43.200001,6494100,31.535357
"2013-04-12",42.970001,43.290001,42.619999,43.09,4199800,31.455055
"2013-04-15",42.869999,43.029999,41.41,41.439999,7152500,30.25058
"2013-04-16",41.669998,42.529999,41.130001,42.450001,6998000,30.987864
"2013-04-17",42.139999,42.43,41.419998,42.240002,5046200,30.83457
"2013-04-18",42.369999,42.639999,41.889999,42.32,5009000,30.892962
"2013-04-19",42.509998,42.580002,42.200001,42.389999,6493200,30.944065
"2013-04-22",43,44.830002,42.880001,44.200001,8531300,32.265339
"2013-04-23",44.610001,46.32,44.400002,45.139999,9378100,32.951527
"2013-04-24",45.139999,45.34,43.939999,44.32,5541300,32.352932
"2013-04-25",44.75,44.790001,43.759998,44.240002,5236900,32.294537
"2013-04-26",44.950001,46.310001,44.75,45.84,10096800,33.462513
"2013-04-29",45.830002,45.93,45.049999,45.23,6024700,33.017212
"2013-04-30",45.049999,46.23,45.009998,46.049999,6798600,33.615814
"2013-05-01",45.740002,46.09,45.549999,45.549999,6398100,33.250816
"2013-05-02",45.68,45.68,43.860001,43.990002,9649400,32.112041
"2013-05-03",44.310001,44.77,43.830002,44.68,4641200,32.61573
"2013-05-06",44.950001,44.950001,44.150002,44.59,4085700,32.550034
"2013-05-07",44.5,45,44.419998,44.91,3745600,32.783619
"2013-05-08",45.009998,45.049999,43.389999,43.490002,6973200,31.747049
"2013-05-09",43.34,44.450001,43.25,44.240002,5046900,32.294537
"2013-05-10",44.209999,45.009998,44.200001,45.009998,4455800,32.856621
"2013-05-13",44.790001,44.790001,44.169998,44.540001,3738400,32.513519
"2013-05-14",44.09,45.52,44.09,45.349998,5760300,33.10482
"2013-05-15",45.720001,46.93,45.48,46.029999,6702500,33.601212
"2013-05-16",46.060001,46.900002,46.009998,46.209999,4605300,33.732597
"2013-05-17",46.029999,47.34,45.849998,47.169998,5244800,34.433392
"2013-05-20",47.119999,47.139999,46.07,46.259998,3537800,33.769104
"2013-05-21",46.189999,46.959999,46.169998,46.540001,4708800,33.973499
"2013-05-22",46.459999,48,45.849998,46.759998,5203500,34.134087
"2013-05-23",46.119999,46.950001,46.02,46.59,3306200,34.010006
"2013-05-24",46.25,46.48,45.310001,45.439999,4511700,33.170517
"2013-05-28",45.889999,46.040001,44.700001,45.389999,6181800,33.134026
"2013-05-29",44.889999,45.18,43.790001,43.880001,6908400,32.031746
"2013-05-30",44.07,45.119999,44.07,44.549999,4852200,32.520832
"2013-05-31",44.27,44.689999,42.68,42.689999,9308800,31.163073
"2013-06-03",42.880001,43.580002,42.75,43.360001,7176800,31.652159
"2013-06-04",43.419998,44.470001,43.380001,43.630001,4528400,31.849245
"2013-06-05",43.490002,43.900002,42.689999,43.040001,4801300,31.418556
"2013-06-06",43.220001,43.57,42.650002,43.5,4261300,31.754349
"2013-06-07",43.720001,44.27,43.5,44,5463200,32.119339
"2013-06-10",44.330002,44.330002,43.220001,43.919998,4702700,32.060944
"2013-06-11",43.310001,44.049999,43.049999,43.59,3574800,31.820044
"2013-06-12",43.91,44,42.720001,42.77,3742600,31.221468
"2013-06-13",42.419998,43.200001,40.099998,43.150002,6096500,31.498857
"2013-06-14",42.98,43.5,42.5,43.209999,4078500,31.542648
"2013-06-17",43.400002,43.5,42.68,43.009998,3457700,31.396664
"2013-06-18",42.970001,43.560001,42.630001,43.540001,3644900,31.783558
"2013-06-19",43.560001,43.830002,43.009998,43.040001,3663300,31.418556
"2013-06-20",42.650002,42.779999,40.91,41.060001,7474900,29.973185
"2013-06-21",41.66,42.709999,41.200001,42.619999,9825700,31.111959
"2013-06-24",42.07,42.400002,41.32,41.889999,6042400,30.579077
"2013-06-25",42.150002,42.77,41.610001,42.630001,4686900,31.119268
"2013-06-26",43.099998,43.610001,43.029999,43.380001,4733700,31.666756
"2013-06-27",43.560001,43.98,42.740002,43.130001,5163900,31.484253
"2013-06-28",42.529999,42.970001,41.32,41.34,10753100,30.177586
"2013-07-01",41.400002,41.93,41.07,41.610001,4588200,30.374683
"2013-07-02",41.580002,42.57,41.580002,42.209999,4365900,30.812672
"2013-07-03",41.880001,42.310001,41.610001,42.23,2417500,30.827269
"2013-07-05",42.450001,42.830002,42.310001,42.720001,2743700,31.184975
"2013-07-08",42.900002,43.689999,42.82,43.68,3978300,31.885757
"2013-07-09",44,44.23,43.25,43.32,3805700,31.622953
"2013-07-10",43.360001,44.119999,43.360001,43.91,3080100,32.05365
"2013-07-11",43.939999,44.110001,43.330002,43.779999,4061400,32.25256
"2013-07-12",43.93,45.110001,43.799999,45.049999,5693900,33.18816
"2013-07-15",44.950001,44.970001,44.540001,44.619999,3265800,32.871376
"2013-07-16",44.540001,44.77,43.700001,43.810001,3714500,32.274658
"2013-07-17",43.970001,44.150002,43.740002,43.959999,3645400,32.385159
"2013-07-18",43.959999,44.560001,43.810001,44.32,3043700,32.650368
"2013-07-19",44.490002,44.91,44.119999,44.52,4317900,32.797707
"2013-07-22",44.299999,45.099998,43.799999,44.970001,3810500,33.129215
"2013-07-23",44.919998,45.09,44.23,44.310001,3535100,32.642998
"2013-07-24",44.279999,44.369999,43.389999,43.639999,3088100,32.149414
"2013-07-25",43.41,44.43,43.349998,44.240002,4088500,32.591438
"2013-07-26",45.009998,45.119999,44.169998,44.790001,4491100,32.99662
"2013-07-29",44.720001,45.450001,44.470001,45.060001,4326200,33.195526
"2013-07-30",45.080002,45.23,44.200001,44.700001,3619700,32.930309
"2013-07-31",44.84,45.91,44.810001,45.48,6020600,33.504929
"2013-08-01",45.139999,45.900002,45.040001,45.25,3652400,33.335495
"2013-08-02",45.110001,45.419998,44.810001,45.32,3190700,33.38707
"2013-08-05",45.049999,45.369999,44.48,44.709999,2953500,32.937675
"2013-08-06",44.419998,44.990002,44.419998,44.880001,4980600,33.062923
"2013-08-07",44.700001,44.860001,44.220001,44.57,3299400,32.834549
"2013-08-08",44.860001,45.18,44.610001,45.060001,2892400,33.195526
"2013-08-09",44.900002,45,44.470001,44.709999,3290800,32.937675
"2013-08-12",44.709999,45.200001,44.389999,45.040001,3826400,33.180786
"2013-08-13",45.119999,45.18,44.68,44.93,2791800,33.099754
"2013-08-14",44.849998,45.23,44.450001,44.580002,2990500,32.841911
"2013-08-15",44.599998,44.619999,43.130001,43.209999,4363100,31.83263
"2013-08-16",42.939999,43.139999,42.419998,43,6093300,31.677927
"2013-08-19",43.009998,43.810001,42.950001,43.369999,3326900,31.950506
"2013-08-20",43.290001,43.48,42.849998,42.970001,2803000,31.655823
"2013-08-21",42.82,42.880001,42.25,42.310001,4118800,31.169607
"2013-08-22",42.400002,43.099998,42.290001,42.919998,4077700,31.618992
"2013-08-23",43.009998,43.5,42.849998,43.43,2738100,31.994709
"2013-08-26",43.43,43.740002,43.189999,43.450001,3493400,32.009441
"2013-08-27",43.02,43.09,42.599998,42.630001,4473000,31.405346
"2013-08-28",42.529999,42.810001,42.349998,42.560001,3009700,31.353781
"2013-08-29",42.32,43.09,42.259998,42.619999,2788900,31.397982
"2013-08-30",42.759998,43.029999,42.299999,42.610001,3170700,31.390615
"2013-09-03",43,43.279999,42.310001,42.59,2925600,31.375889
"2013-09-04",42.599998,43.139999,42.59,43.130001,3190700,31.773708
"2013-09-05",43.029999,43.66,43,43.509998,3355500,32.05365
"2013-09-06",43.529999,44.349998,42.889999,43.889999,3992200,32.333576
"2013-09-09",43.880001,44.439999,43.5,44.43,3287500,32.731392
"2013-09-10",44.580002,44.810001,44.099998,44.779999,4282300,32.989246
"2013-09-11",44.810001,44.970001,44.389999,44.950001,3441700,33.114483
"2013-09-12",44.84,44.950001,44.5,44.700001,2597900,32.930309
"2013-09-13",44.709999,44.889999,44.43,44.889999,2273500,33.070278
"2013-09-16",45.32,45.950001,45.189999,45.82,3531700,33.755417
"2013-09-17",45.919998,47.700001,45.860001,47.599998,7293800,35.066727
"2013-09-18",47.189999,48.419998,46.880001,47.919998,6689400,35.302471
"2013-09-19",48.209999,48.23,47.310001,47.400002,5326500,34.919399
"2013-09-20",47.439999,48,47.330002,47.84,10495300,35.243542
"2013-09-23",47.560001,47.560001,46.93,47.099998,3179500,34.69838
"2013-09-24",46.950001,46.950001,45.939999,45.98,7162700,33.873283
"2013-09-25",46.09,46.16,45.02,45.330002,4571900,33.394428
"2013-09-26",45.330002,45.619999,44.810001,45,5033900,33.151321
"2013-09-27",44.869999,44.900002,44.02,44.330002,6617300,32.657734
"2013-09-30",44.52,44.950001,44.029999,44.73,5818400,32.952423
"2013-10-01",44.810001,45.900002,44.810001,45.799999,4159700,33.740677
"2013-10-02",45.34,45.970001,45.119999,45.950001,4056800,33.851185
"2013-10-03",45.599998,46.34,45.099998,46.009998,7020800,33.895386
"2013-10-04",46.18,46.880001,46,46.799999,4141400,34.477371
"2013-10-07",46.119999,46.98,46.09,46.09,4703700,33.954334
"2013-10-08",46.290001,46.32,44.389999,44.52,7091500,32.797707
"2013-10-09",44.720001,45.310001,44.32,44.810001,5113000,33.011345
"2013-10-10",45.099998,45.68,44.509998,45.68,3967500,33.955379
"2013-10-11",45.700001,45.700001,44.959999,45.650002,2985700,33.933086
"2013-10-14",45.209999,46.450001,45.07,46.330002,3377300,34.438549
"2013-10-15",46.049999,46.380001,45.75,46.080002,3533300,34.252716
"2013-10-16",46.310001,47.27,46.200001,47.060001,4399900,34.981182
"2013-10-17",46.950001,48.32,46.950001,48.169998,7242400,35.806274
"2013-10-18",48.380001,48.950001,47.77,48.330002,9212900,35.925201
"2013-10-21",48.080002,48.549999,47.759998,48.349998,4713200,35.940067
"2013-10-22",48.389999,49.310001,48.110001,49,6937500,36.423244
"2013-10-23",48.759998,48.860001,48.279999,48.330002,4130300,35.925201
"2013-10-24",48.630001,48.98,47.740002,47.93,5077900,35.627876
"2013-10-25",49.099998,49.830002,48.560001,49.299999,6956800,36.646236
"2013-10-28",49.130001,49.970001,48.970001,49.419998,5555000,36.735432
"2013-10-29",49.48,50.200001,49.48,49.790001,5022900,37.010475
"2013-10-30",49.57,49.57,48.720001,48.799999,4011600,36.27457
"2013-10-31",48.68,49,48.439999,48.450001,4563700,36.014408
"2013-11-01",48.639999,49.330002,48.5,48.959999,3866900,36.393505
"2013-11-04",49.189999,49.189999,48,48.759998,4095600,36.244831
"2013-11-05",48.59,48.759998,48.029999,48.169998,4095400,35.806274
"2013-11-06",48.5,48.740002,48,48.049999,4308100,35.717068
"2013-11-07",48.169998,48.360001,47.18,47.240002,4444900,35.114986
"2013-11-08",47.130001,48.099998,46.830002,48.029999,5190900,35.702206
"2013-11-11",48.23,48.669998,48.189999,48.57,2282900,36.103596
"2013-11-12",48.450001,48.48,47.279999,47.48,5351100,35.293381
"2013-11-13",47.360001,47.93,47.290001,47.849998,3745100,35.568409
"2013-11-14",47.990002,48.470001,47.689999,48.040001,3411800,35.709644
"2013-11-15",48.029999,48.75,48,48.439999,6257100,36.006977
"2013-11-18",48.889999,49.959999,48.73,48.869999,8585700,36.326603
"2013-11-19",48.73,49,48.369999,48.459999,4050700,36.021839
"2013-11-20",48.419998,48.540001,47.830002,47.950001,3120300,35.642746
"2013-11-21",48.279999,48.669998,47.990002,48.57,4459800,36.103596
"2013-11-22",48.650002,49.139999,48.57,48.939999,5810100,36.378639
"2013-11-25",49,49.279999,48.32,48.41,3343200,35.984669
"2013-11-26",48.380001,49.18,48.310001,48.599998,4732300,36.125904
"2013-11-27",48.830002,48.950001,48.240002,48.25,3414900,35.865749
"2013-11-29",48.43,48.93,48.07,48.450001,4044300,36.014408
"2013-12-02",48.490002,48.68,48.02,48.389999,4321900,35.969807
"2013-12-03",49.130001,50.259998,48.970001,49.970001,9480100,37.144272
"2013-12-04",49.75,50.290001,49.299999,49.669998,5309200,36.921268
"2013-12-05",49.419998,50.07,49.049999,49.759998,5449100,36.988171
"2013-12-06",50.169998,51.5,50.049999,51.349998,7285800,38.170059
"2013-12-09",51.450001,51.810001,50.77,51.209999,5470800,38.06601
"2013-12-10",51.25,54.130001,50.720001,52.139999,14906900,38.757301
"2013-12-11",52.669998,53.25,52.02,52.669998,10775500,39.151272
"2013-12-12",52.560001,52.619999,51.799999,52.389999,7766400,38.943146
"2013-12-13",52.299999,52.599998,51.84,52.369999,6465300,38.928265
"2013-12-16",53.419998,54.779999,52.98,53.369999,9846300,39.671597
"2013-12-17",53.43,53.919998,53,53.630001,7987300,39.864857
"2013-12-18",52.779999,54.43,52.220001,54.32,9635600,40.377754
"2013-12-19",53.209999,53.209999,52.02,52.630001,8383400,39.12154
"2013-12-20",52.77,53.009998,52.290001,52.59,12471800,39.091801
"2013-12-23",52.73,52.939999,52.240002,52.580002,4957700,39.084377
"2013-12-24",52.779999,52.790001,52.279999,52.360001,1747000,38.92083
"2013-12-26",52.59,53.060001,52.34,52.990002,2401500,39.38913
"2013-12-27",52.919998,53.049999,52.380001,52.549999,2354100,39.062073
"2013-12-30",52.73,53.029999,52.599998,53.009998,2898800,39.404003
"2013-12-31",52.990002,53.060001,52.360001,52.810001,3019700,39.255329
"2014-01-02",52.119999,52.330002,51.52,51.98,4569100,38.638371
"2014-01-03",52.25,52.669998,51.970001,52.299999,4794300,38.876232
"2014-01-06",52.700001,52.700001,50.029999,50.389999,11871100,37.45647
"2014-01-07",50.84,51.209999,50.299999,50.490002,9719900,37.530811
"2014-01-08",50.630001,51.110001,50.240002,50.360001,6811100,37.43417
"2014-01-09",50.59,51.650002,49.869999,51.220001,6960300,38.073441
"2014-01-10",51.27,51.490002,50.759998,50.900002,5517700,37.835567
"2014-01-13",50.66,50.740002,49.639999,49.830002,7055200,37.333584
"2014-01-14",49.939999,50.880001,49.630001,50.599998,6610800,37.91048
"2014-01-15",50.650002,50.669998,50.07,50.110001,4728400,37.543381
"2014-01-16",50.099998,50.619999,50.02,50.5,4972300,37.835575
"2014-01-17",50.639999,50.66,50.009998,50.060001,8606800,37.505917
"2014-01-21",50.259998,50.919998,49.91,50,5823000,37.460957
"2014-01-22",49.98,50,48.619999,49.080002,8181700,36.771675
"2014-01-23",48.740002,49.060001,48.389999,48.869999,7270500,36.614342
"2014-01-24",48.419998,49.099998,47.77,47.790001,9197900,35.805183
"2014-01-27",47.790001,47.830002,46.419998,46.830002,10749800,35.085934
"2014-01-28",47.080002,48.470001,47.080002,47.689999,12298600,35.730263
"2014-01-29",47.150002,47.84,46.98,47.610001,7608500,35.670326
"2014-01-30",47.970001,48.880001,47.900002,48.310001,7669500,36.194771
"2014-01-31",49.939999,50.549999,49.07,49.23,12863500,36.884064
"2014-02-03",49.400002,49.490002,47.060001,47.349998,10314600,35.475529
"2014-02-04",47.18,47.970001,46.950001,47.950001,9606100,35.925056
"2014-02-05",47.759998,48.07,47.16,47.73,6987100,35.760235
"2014-02-06",47.889999,48.18,47.450001,47.93,4957800,35.91008
"2014-02-07",48,49.029999,47.66,48.889999,6979500,36.629322
"2014-02-10",48.75,50.189999,48.720001,49.549999,7907500,37.12381
"2014-02-11",49.41,49.970001,49.040001,49.66,7217600,37.206226
"2014-02-12",49.630001,50.93,49.59,50.560001,6534500,37.880527
"2014-02-13",50.299999,50.52,49.880001,50.349998,4946000,37.72319
"2014-02-14",50.560001,50.91,50.169998,50.73,4118700,38.007896
"2014-02-18",50.639999,51.560001,50.560001,51.459999,4984900,38.554825
"2014-02-19",51.169998,51.860001,50.639999,51.189999,5242800,38.352531
"2014-02-20",51.189999,52.110001,50.73,51.860001,6078900,38.854504
"2014-02-21",51.82,51.970001,51.009998,51.040001,5842700,38.240147
"2014-02-24",51.009998,51.560001,50.830002,50.849998,5693000,38.097797
"2014-02-25",50.93,51.130001,50.5,50.720001,5425000,38.000389
"2014-02-26",49.950001,50.970001,49.93,50.740002,5710700,38.015377
"2014-02-27",50.599998,50.919998,50.470001,50.91,5052900,38.142757
"2014-02-28",50.84,51.959999,50.509998,50.91,7095600,38.142757
"2014-03-03",50.34,50.860001,49.790001,50.09,6817700,37.528385
"2014-03-04",50.73,51.73,50.529999,51.59,6198000,38.65221
"2014-03-05",51.68,52.119999,51.299999,51.700001,5251100,38.734638
"2014-03-06",52.040001,52.77,51.970001,52.040001,6529000,38.989365
"2014-03-07",52.25,52.5,51.009998,51.459999,5860700,38.554825
"2014-03-10",51.900002,51.900002,50.860001,51.66,3086000,38.70467
"2014-03-11",51.68,52.139999,51.5,51.75,3629800,38.772091
"2014-03-12",51.459999,51.740002,51.07,51.639999,3924800,38.689682
"2014-03-13",51.889999,52.099998,51.139999,51.32,4839400,38.449928
"2014-03-14",51.25,51.419998,50.799999,51.209999,5466700,38.367519
"2014-03-17",51.470001,52.189999,51.259998,51.98,3875500,38.944416
"2014-03-18",52.080002,53.220001,51.970001,53.099998,4712300,39.78355
"2014-03-19",53.09,53.529999,52.439999,53.110001,6408600,39.791035
"2014-03-20",52.860001,53.799999,52.52,53.68,6922700,40.21809
"2014-03-21",54.220001,54.73,53.09,53.459999,12930500,40.053265
"2014-03-24",53.529999,53.619999,51.349998,51.360001,10161400,38.4799
"2014-03-25",51.68,52.099998,51.5,51.689999,6127200,38.727139
"2014-03-26",52,52.34,51.459999,51.5,5684900,38.584789
"2014-03-27",51.529999,51.84,51.43,51.66,4778000,38.70467
"2014-03-28",51.830002,52.130001,50.889999,50.98,4208300,38.195183
"2014-03-31",51.34,51.700001,50.950001,51.400002,4813100,38.509865
"2014-04-01",51.619999,52.380001,51.540001,52.099998,4250800,39.034325
"2014-04-02",52.099998,53.41,51.990002,53.34,6007200,39.963345
"2014-04-03",53.349998,53.830002,53.209999,53.5,6841400,40.083229
"2014-04-04",53.779999,54.439999,52.049999,52.200001,7013200,39.109241
"2014-04-07",51.68,52.310001,49.650002,50.619999,9146600,37.925468
"2014-04-08",50.349998,50.869999,48.93,49.099998,8246900,36.786663
"2014-04-09",49.490002,50.759998,49.259998,50.630001,6018200,37.932976
"2014-04-10",50.080002,50.27,47.290001,47.349998,13177200,35.475529
"2014-04-11",46.580002,47.209999,45.5,46.459999,11465800,35.120243
"2014-04-14",47.099998,47.5,46.209999,46.830002,7290800,35.39994
"2014-04-15",47.419998,48.09,46.759998,47.860001,9531100,36.178532
"2014-04-16",48.580002,48.84,47.619999,48.119999,7151000,36.375092
"2014-04-17",47.919998,48.779999,47.720001,48.549999,6196800,36.700123
"2014-04-21",48.5,49.450001,48.400002,49.43,4445000,37.365341
"2014-04-22",49.490002,50.419998,49.349998,50.009998,6613200,37.803776
"2014-04-23",50.139999,50.259998,49.389999,50.139999,6578300,37.902046
"2014-04-24",50.130001,50.130001,49,49.32,6628800,37.282192
"2014-04-25",50.209999,50.98,48.950001,49.139999,7289100,37.146122
"2014-04-28",49.549999,50.919998,49.5,50.869999,7932200,38.453861
"2014-04-29",50.939999,51.529999,50.759998,51.369999,5601300,38.831829
"2014-04-30",51.380001,52.169998,51,52.080002,7430600,39.368542
"2014-05-01",51.889999,52.099998,51.41,51.610001,4279800,39.013252
"2014-05-02",51.41,51.720001,51,51.18,3341300,38.688206
"2014-05-05",50.990002,51.369999,50.310001,51.360001,2580300,38.824276
"2014-05-06",51.200001,51.299999,50.830002,50.91,3353200,38.484112
"2014-05-07",52.380001,52.869999,51.27,52.790001,7022600,39.905243
"2014-05-08",52.689999,53.09,51.959999,52.150002,4092100,39.421463
"2014-05-09",52.07,52.349998,51.080002,52.259998,5012500,39.504604
"2014-05-12",52.360001,52.560001,52.220001,52.369999,3626400,39.587761
"2014-05-13",52.450001,52.5,51.919998,52.200001,4145200,39.459248
"2014-05-14",52.23,53,52.080002,52.869999,4878400,39.965725
"2014-05-15",52.959999,53.07,52.419998,52.689999,6963800,39.829651
"2014-05-16",52.650002,52.970001,52.41,52.93,5826200,40.011074
"2014-05-19",52.84,54.209999,52.709999,54.110001,6010500,40.903072
"2014-05-20",53.860001,53.93,53.310001,53.540001,5021200,40.472191
"2014-05-21",53.5,53.84,53.099998,53.27,4088000,40.268093
"2014-05-22",53.290001,54.34,52.939999,53.630001,4486400,40.540226
"2014-05-23",53.939999,54.380001,53.84,53.950001,3023500,40.782124
"2014-05-27",54.200001,54.200001,53.779999,53.990002,3816300,40.812355
"2014-05-28",53.959999,54.610001,53.82,54.07,4108300,40.872833
"2014-05-29",54.099998,54.450001,53.75,54.029999,2768600,40.84259
"2014-05-30",53.98,54.43,53.889999,54.330002,4025600,41.069363
"2014-06-02",54.43,54.950001,53.91,54.150002,3635000,40.9333
"2014-06-03",54.060001,54.470001,53.869999,54.369999,3078000,41.099609
"2014-06-04",53.919998,54.639999,53.669998,54.580002,3388200,41.258354
"2014-06-05",54.549999,55.32,54.360001,55.299999,4847300,41.802616
"2014-06-06",55.32,55.400002,54.889999,55.099998,3449800,41.651428
"2014-06-09",54.419998,54.880001,53.720001,53.84,6297500,40.698978
"2014-06-10",53.139999,54.080002,52.290001,53.970001,8414700,40.797237
"2014-06-11",53.849998,54.700001,53.75,54.23,5386800,40.993778
"2014-06-12",54.220001,54.25,53.459999,53.66,3941600,40.562901
"2014-06-13",53.669998,54.310001,53.439999,54.16,4413000,40.940868
"2014-06-16",54.18,54.310001,53.450001,54,4410400,40.819908
"2014-06-17",54.490002,54.540001,53.849998,54.299999,3385000,41.046684
"2014-06-18",54.27,54.610001,54,54.57,3337300,41.250793
"2014-06-19",54.139999,54.810001,53.919998,54.189999,3952800,40.963543
"2014-06-20",55.619999,55.619999,53.16,53.299999,13457700,40.290768
"2014-06-23",53.759998,54.400002,53.540001,53.75,6235600,40.630932
"2014-06-24",53.740002,53.950001,53.43,53.59,5483500,40.509987
"2014-06-25",53.52,55.790001,53.400002,55,11085100,41.575832
"2014-06-26",55.07,56.540001,54.970001,56.509998,10716400,42.717285
"2014-06-27",56.580002,56.900002,56.279999,56.790001,7490800,42.928936
"2014-06-30",56.509998,56.889999,56.099998,56.439999,6229700,42.664368
"2014-07-01",56.419998,57.200001,56.169998,56.889999,6869800,43.004539
"2014-07-02",57.459999,58.110001,56.919998,58.110001,6198500,43.926762
"2014-07-03",57.900002,58.27,57.650002,58.220001,3828900,44.009922
"2014-07-07",57.91,58.150002,57.389999,57.400002,4736300,43.390045
"2014-07-08",56.68,56.970001,55.48,55.689999,9297300,42.097424
"2014-07-09",55.560001,55.639999,54.82,55.009998,11516300,41.583401
"2014-07-10",54.5,55.880001,54.279999,55.790001,7553100,42.173016
"2014-07-11",55.34,56.599998,54.48,54.959999,13586800,41.860737
"2014-07-14",53.889999,55.049999,53.720001,54.849998,30823300,41.776955
"2014-07-15",54.52,54.689999,53.389999,53.439999,16796400,40.703014
"2014-07-16",53.25,53.669998,51.82,53.650002,23291200,40.862968
"2014-07-17",53.209999,55,52.880001,53.52,18699000,40.763954
"2014-07-18",53,55.119999,53,54.91,42456000,41.822655
"2014-07-21",54.139999,54.450001,53.91,54,22334900,41.129547
"2014-07-22",53.82,54.380001,53.75,54.049999,14724300,41.167622
"2014-07-23",54.48,54.810001,54.07,54.48,15011300,41.495152
"2014-07-24",54.220001,54.560001,53.970001,54.080002,11712800,41.190483
"2014-07-25",54.400002,54.490002,53.029999,53.18,11680900,40.504993
"2014-07-28",53.419998,54,53.169998,53.740002,10466000,40.931515
"2014-07-29",53.549999,53.66,53.240002,53.43,16171500,40.695396
"2014-07-30",53.279999,53.889999,53.029999,53.75,12680100,40.939129
"2014-07-31",53.130001,53.400002,52.299999,52.34,15479900,39.865196
"2014-08-01",52.029999,52.639999,51.75,52.48,11593200,39.971821
"2014-08-04",52.580002,53.400002,52.369999,53.290001,10456300,40.588772
"2014-08-05",52.77,53.189999,52.450001,52.790001,12783800,40.207939
"2014-08-06",51.48,52.66,51.369999,52.049999,18126200,39.64431
"2014-08-07",51.59,52.709999,51.419998,52.43,17171700,39.933743
"2014-08-08",52.720001,52.889999,52.290001,52.82,13117700,40.230793
"2014-08-11",53,53.650002,52.77,53.310001,10074600,40.604012
"2014-08-12",53.220001,53.299999,52.57,52.84,8524600,40.246025
"2014-08-13",52.970001,53.639999,52.75,53.599998,9029400,40.82489
"2014-08-14",53.619999,54.23,53.529999,54.189999,7959800,41.274269
"2014-08-15",54.34,54.59,53.580002,53.900002,10109300,41.053387
"2014-08-18",54.389999,54.52,53.84,54.310001,7370500,41.365662
"2014-08-19",54.48,55.310001,54.18,55.290001,9159300,42.112083
"2014-08-20",54.82,55.18,54.689999,55.060001,7612200,41.936897
"2014-08-21",54.790001,55.119999,54.68,54.959999,8063200,41.860737
"2014-08-22",54.869999,55.27,54.360001,55.200001,9314600,42.043526
"2014-08-25",55.380001,55.919998,55.18,55.869999,7553500,42.553852
"2014-08-26",55.68,55.939999,55.639999,55.75,9309800,42.462452
"2014-08-27",55.849998,55.849998,55.400002,55.700001,11022600,42.42437
"2014-08-28",55.52,55.68,55.25,55.599998,7277900,42.348206
"2014-08-29",55.75,55.799999,55.240002,55.279999,7524400,42.104454
"2014-09-02",55.43,55.529999,54.959999,55.07,7354900,41.944527
"2014-09-03",55.16,55.529999,54.830002,55.509998,7562100,42.279648
"2014-09-04",55.360001,55.599998,55.09,55.540001,10019400,42.302502
"2014-09-05",55.490002,55.939999,54.869999,55.939999,9914300,42.607162
"2014-09-08",55.779999,55.950001,55.369999,55.57,6568800,42.325356
"2014-09-09",55.529999,57.18,55.43,56.950001,17558900,43.376442
"2014-09-10",56.900002,57.32,56.509998,57.189999,8740300,43.559238
"2014-09-11",57,57.880001,56.849998,57.849998,9943900,44.061928
"2014-09-12",57.849998,58.77,57.740002,57.880001,15556200,44.084785
"2014-09-15",57.75,58.150002,57.470001,57.93,8632700,44.122864
"2014-09-16",57.630001,58.700001,57.459999,58.599998,9112400,44.633175
"2014-09-17",58.889999,60.02,58.75,59.619999,14389400,45.410065
"2014-09-18",59.599998,59.650002,59.099998,59.450001,10980500,45.28059
"2014-09-19",59.84,59.93,59.009998,59.060001,13986900,44.983536
"2014-09-22",59.23,59.299999,58.41,58.709999,9045900,44.716953
"2014-09-23",56.799999,58.27,56.599998,57.560001,24204400,43.841053
"2014-09-24",57.66,59.349998,57.610001,59.049999,15763800,44.975922
"2014-09-25",58.470001,59.5,57.970001,58,10079400,44.176178
"2014-09-26",58.540001,59.240002,58.099998,59.189999,15866000,45.082546
"2014-09-29",58.139999,58.830002,57.939999,58.52,7640400,44.57225
"2014-09-30",58.259998,58.810001,57.73,57.759998,8599000,43.993385
"2014-10-01",57.93,57.939999,56.959999,57.23,8431900,43.589699
"2014-10-02",57.540001,57.700001,56.139999,56.669998,8371500,43.16317
"2014-10-03",57.419998,58.779999,57.34,58.689999,11675600,44.701721
"2014-10-06",58.59,58.990002,57.66,57.810001,7359900,44.031479
"2014-10-07",57.599998,57.599998,56.509998,56.650002,8923500,43.147949
"2014-10-08",56.540001,58.450001,56.18,58.34,10917200,44.435143
"2014-10-09",58.52,58.549999,56.709999,56.720001,11911600,43.201263
"2014-10-10",55.990002,56.669998,54.950001,54.970001,12108700,42.180695
"2014-10-13",54.880001,55.150002,53.580002,53.619999,16908200,41.144787
"2014-10-14",53.59,54.84,53.02,54.130001,14293600,41.536129
"2014-10-15",52.330002,55.720001,52.060001,54.630001,122740200,41.919807
"2014-10-16",55.799999,55.900002,52.84,52.900002,61236700,40.592312
"2014-10-17",53.779999,53.900002,52.900002,53.369999,31891900,40.952942
"2014-10-20",52.560001,54.59,52.25,54.41,17954600,41.750988
"2014-10-21",55.299999,56.450001,55.02,56.290001,17522100,43.193581
"2014-10-22",56.959999,57.450001,56.259998,56.900002,16048100,43.661663
"2014-10-23",58.099998,59.700001,57.880001,59.52,14729300,45.672104
"2014-10-24",59.34,60.41,59.34,60.290001,10391600,46.262947
"2014-10-27",60.349998,60.98,60.209999,60.490002,10010900,46.416416
"2014-10-28",60.759998,61.130001,60.439999,60.93,9412500,46.754051
"2014-10-29",60.990002,60.990002,59.360001,59.98,16547900,46.025066
"2014-10-30",60,61.43,59.91,61.18,11635300,46.945881
"2014-10-31",63.060001,63.990002,62.369999,63.459999,15009900,48.695419
"2014-11-03",63.66,63.900002,62.939999,63.25,8250800,48.534267
"2014-11-04",63.209999,63.610001,62.32,62.66,9741700,48.081543
"2014-11-05",63.490002,63.669998,62.200001,62.540001,6465000,47.989471
"2014-11-06",62.75,63.389999,62.419998,62.709999,5152400,48.119907
"2014-11-07",62.310001,62.330002,61.310001,61.5,7002600,47.191433
"2014-11-10",61.990002,64.059998,61.869999,63.790001,9513000,48.948639
"2014-11-11",63.689999,64.199997,63.5,63.849998,5041200,48.994678
"2014-11-12",63.560001,64.019997,63.560001,63.759998,5366700,48.925613
"2014-11-13",64.25,64.790001,63.400002,63.630001,4510200,48.825867
"2014-11-14",63.98,64,63.130001,64,4684900,49.109787
"2014-11-17",64.080002,65.410004,64.029999,65.040001,7117100,49.90781
"2014-11-18",64.779999,66.239998,64.779999,66.050003,6432200,50.682819
"2014-11-19",65.879997,66.150002,65.220001,65.5,5710900,50.26078
"2014-11-20",65.040001,65.68,64.93,65.190002,4975500,50.022926
"2014-11-21",66.410004,67.360001,65.75,67.360001,9165900,51.688049
"2014-11-24",67.400002,68.059998,67.400002,67.779999,7730400,52.010323
"2014-11-25",67.639999,68.209999,67.150002,68.059998,7550800,52.225182
"2014-11-26",68.339996,68.860001,67.879997,68.699997,4046000,52.716286
"2014-11-28",69,69.480003,68.889999,69.199997,2953700,53.099949
"2014-12-01",69.080002,69.5,68.830002,69.110001,4885100,53.030884
"2014-12-02",68.879997,69.489998,68.650002,69.269997,6491500,53.153652
"2014-12-03",69.169998,69.480003,68.410004,68.5,5817700,52.562809
"2014-12-04",68.349998,69.860001,68.290001,69.57,7665300,53.383877
"2014-12-05",69.519997,70.169998,69.339996,69.709999,4360100,53.491287
"2014-12-08",69.809998,70.760002,69.349998,69.419998,5452100,53.268761
"2014-12-09",68.209999,69.190002,67.610001,69.139999,6833800,53.053913
"2014-12-10",69.440002,69.440002,67.529999,67.580002,8575700,51.856861
"2014-12-11",66.480003,67.959999,66.239998,67.029999,9518000,51.434822
"2014-12-12",66.529999,67.169998,65.010002,65.269997,9215500,50.084305
"2014-12-15",65.75,66.470001,64.809998,65.620003,7226000,50.352875
"2014-12-16",65.110001,66.940002,64.800003,65.25,8545100,50.068954
"2014-12-17",65.5,66.739998,65.089996,66.57,5934900,51.081841
"2014-12-18",67.860001,68.010002,67.199997,67.919998,7184700,52.11776
"2014-12-19",67.690002,68.620003,66.839996,67.709999,12631000,51.956615
"2014-12-22",68.040001,68.25,66.830002,66.970001,12876600,51.388779
"2014-12-23",67.230003,67.32,64.019997,64.349998,12123000,49.378345
"2014-12-24",64.75,66.949997,64.75,66.209999,4705500,50.805603
"2014-12-26",66.510002,67.239998,66.510002,66.980003,4158200,51.396458
"2014-12-29",66.580002,67.370003,66.419998,67.139999,3872800,51.519226
"2014-12-30",66.769997,67.160004,66.019997,66.300003,5568800,50.874668
"2014-12-31",66.720001,67.099998,65.349998,65.440002,3917300,50.214752
"2015-01-02",65.440002,66.400002,65.440002,65.889999,5086100,50.560047
"2015-01-05",65.5,66.099998,63.880001,64.650002,8007400,49.608547
"2015-01-06",65.620003,65.75,63.700001,64.330002,5483700,49.363003
"2015-01-07",64.57,67.050003,64.480003,66.93,8283300,51.358082
"2015-01-08",68.160004,68.290001,67.419998,67.629997,7949000,51.895229
"2015-01-09",66.690002,67.199997,65.110001,65.779999,8779900,50.475647
"2015-01-12",66.339996,66.93,65.309998,65.760002,6159800,50.460293
"2015-01-13",65.720001,66.07,62.91,63.389999,13908400,49.00687
"2015-01-14",62.619999,64.07,61.860001,63.700001,9448300,49.246529
"2015-01-15",64,64.110001,62.869999,62.889999,6149100,48.620323
"2015-01-16",62.950001,64.620003,62.639999,64.540001,8106000,49.895931
"2015-01-20",65.059998,65.290001,62.75,63.450001,9065300,49.053257
"2015-01-21",63.099998,63.450001,62.279999,62.700001,7979500,48.473427
"2015-01-22",63.200001,63.450001,61.880001,62.98,8941700,48.689899
"2015-01-23",63.66,63.66,62.349998,62.43,6881100,48.26469
"2015-01-26",62.259998,63.040001,61.68,62.830002,8181100,48.573933
"2015-01-27",62.330002,63.5,62.200001,63.099998,6532300,48.782669
"2015-01-28",63.439999,63.560001,61.689999,61.849998,6910100,47.816292
"2015-01-29",62.119999,63.380001,61.59,63.119999,8485600,48.798134
"2015-01-30",62.09,62.68,60.119999,60.349998,17582500,46.656647
"2015-02-02",61.490002,61.490002,58.650002,60.700001,11491100,46.927231
"2015-02-03",61.599998,61.759998,59.98,61.650002,10721800,47.661671
"2015-02-04",58.950001,58.950001,56.650002,56.91,31250600,43.997173
"2015-02-05",57.549999,58.259998,56.150002,57.990002,18964700,44.83213
"2015-02-06",57.709999,57.830002,56.689999,56.900002,13890900,43.989449
"2015-02-09",55.669998,56.349998,55.18,55.48,22522000,42.89164
"2015-02-10",55.93,57.009998,55.599998,56.889999,18917000,43.981716
"2015-02-11",57.360001,57.830002,56.259998,56.689999,14681600,43.827095
"2015-02-12",57.400002,57.580002,56.16,57.049999,11940900,44.105415
"2015-02-13",57.349998,58.099998,56.900002,58.049999,11303200,44.87851
"2015-02-17",58.950001,59,57.900002,58.720001,12789700,45.396484
"2015-02-18",59.150002,59.48,58.310001,59.240002,10781700,45.7985
"2015-02-19",58.919998,59.080002,58.650002,59,8665500,45.612953
"2015-02-20",59.610001,61.34,59.220001,61.299999,15534000,47.391094
"2015-02-23",61.540001,61.900002,60.240002,60.57,11582700,46.826729
"2015-02-24",60.849998,61.299999,60.52,60.869999,7900700,47.058651
"2015-02-25",61.099998,61.099998,60.209999,60.619999,9983900,46.865387
"2015-02-26",60.349998,60.810001,60.27,60.52,7328200,46.788074
"2015-02-27",60.529999,60.990002,60.369999,60.5,8649100,46.772606
"2015-03-02",60.5,60.75,60.060001,60.459999,6150900,46.74168
"2015-03-03",60.349998,60.450001,59.439999,59.619999,7421000,46.092278
"2015-03-04",59.32,60.419998,59.029999,60.27,8536000,46.594803
"2015-03-05",57.209999,59.48,56.650002,56.860001,47051800,43.958515
"2015-03-06",56.950001,57.400002,55.439999,55.639999,22853000,43.015339
"2015-03-09",55.93,56.029999,55.259998,55.540001,14779900,42.938023
"2015-03-10",55.220001,56.299999,54.779999,55.84,17907700,43.16996
"2015-03-11",56.189999,56.880001,55.66,56.619999,14629000,43.772991
"2015-03-12",56.779999,58.91,56.650002,58,18227800,44.839851
"2015-03-13",58.119999,58.869999,57.349998,58,10114500,44.839851
"2015-03-16",58.459999,59.700001,58.330002,59.119999,12098700,45.705727
"2015-03-17",58.720001,60.18,58.700001,59.73,10983600,46.177315
"2015-03-18",59.759998,60.419998,59.25,59.889999,11889200,46.301018
"2015-03-19",60.09,61.48,59.990002,61.189999,14110500,47.306042
"2015-03-20",61.5,61.73,60.32,60.400002,13313100,46.695297
"2015-03-23",60.049999,61.189999,59.619999,60.48,7926400,46.757145
"2015-03-24",60.650002,60.82,59.450001,59.630001,7970000,46.100006
"2015-03-25",60.080002,60.09,58.209999,58.220001,11619200,45.009945
"2015-03-26",57.98,58.09,57.220001,57.27,10853900,44.27549
"2015-03-27",57.630001,58.049999,57.310001,57.650002,6830100,44.569271
"2015-03-30",57.93,58.34,57.790001,58.240002,5781900,45.025402
"2015-03-31",58.009998,58.810001,57.709999,58.540001,12313600,45.257332
"2015-04-01",58.48,58.490002,56.330002,57.099998,14903300,44.144066
"2015-04-02",57.439999,57.810001,56.900002,57.009998,8787000,44.074478
"2015-04-06",56.810001,57.889999,56.68,57.610001,10280100,44.538349
"2015-04-07",58.25,58.75,57.790001,58.419998,10171500,45.164555
"2015-04-08",58.5,58.98,57.950001,58.810001,11075800,45.466068
"2015-04-09",59.200001,60.43,59.049999,60.32,12698000,46.633446
"2015-04-10",60.5,62.330002,60.32,62,17894700,47.932266
"2015-04-13",61.810001,62.16,61.060001,61.200001,11400900,47.7062
"2015-04-14",61.400002,61.810001,60.509998,61.720001,13071400,48.111542
"2015-04-15",62.099998,62.700001,61.970001,62.029999,11534200,48.353199
"2015-04-16",61.799999,62.91,61.650002,62.59,9815600,48.78973
"2015-04-17",62.119999,62.790001,61.869999,62.290001,9905600,48.555874
"2015-04-20",62.91,64,62.799999,63.540001,12779200,49.530262
"2015-04-21",63.889999,64.239998,63.27,63.610001,8457300,49.584824
"2015-04-22",63.599998,64.730003,63.560001,64.519997,13874300,50.294174
"2015-04-23",65.260002,65.309998,62.73,64.25,18405300,50.083714
"2015-04-24",64.309998,66.370003,64.139999,66.07,14859500,51.502426
"2015-04-27",66.019997,66.660004,64.860001,65.019997,18141700,50.683933
"2015-04-28",64.599998,66.489998,64.199997,66.489998,13084900,51.829826
"2015-04-29",65.699997,66.18,65.510002,65.629997,9864300,51.159443
"2015-04-30",65.389999,65.919998,64.32,64.660004,10298600,50.40332
"2015-05-01",65.089996,65.5,63.880001,64.32,9870800,50.138279
"2015-05-04",64.32,65.440002,64.010002,64.68,8493500,50.418907
"2015-05-05",64.199997,64.900002,63.779999,63.860001,7635900,49.779705
"2015-05-06",64.110001,64.529999,63.400002,63.939999,8476300,49.84206
"2015-05-07",63.59,64.809998,63.59,64.699997,8638200,50.434486
"2015-05-08",65.099998,65.800003,64.900002,65.239998,7541100,50.855438
"2015-05-11",65.190002,65.800003,65.080002,65.199997,7978700,50.824249
"2015-05-12",64.75,65.269997,64.589996,64.809998,5927000,50.520252
"2015-05-13",64.980003,65.32,64.629997,65.300003,8519200,50.902203
"2015-05-14",65.860001,66.269997,64.940002,65.970001,5868900,51.424477
"2015-05-15",65.93,66.519997,65.910004,65.989998,6786400,51.440067
"2015-05-18",65.790001,65.910004,65.139999,65.610001,7858100,51.143848
"2015-05-19",65.709999,66.120003,65.400002,65.730003,7674600,51.237396
"2015-05-20",65.919998,66.199997,65.389999,65.889999,9956000,51.36211
"2015-05-21",65.449997,65.809998,64.870003,65.650002,10553400,51.17503
"2015-05-22",65.480003,65.870003,65.309998,65.480003,14041500,51.042526
"2015-05-26",65.720001,67,65.660004,66.099998,21034300,51.525806
"2015-05-27",66.75,67.989998,66.57,67.379997,40778800,52.523598
"2015-05-28",67.419998,67.529999,66.629997,67.470001,12891500,52.593754
"2015-05-29",67.220001,67.519997,66.389999,66.589996,9451000,51.90778
"2015-06-01",66.800003,67.260002,66.260002,66.93,12426700,52.172802
"2015-06-02",66.699997,67.230003,66.330002,66.620003,11133200,51.93116
"2015-06-03",66.900002,67.300003,66.620003,67.010002,20804000,52.235168
"2015-06-04",66.550003,67.870003,66.519997,67.419998,10539000,52.554768
"2015-06-05",66.980003,67.760002,66.620003,67.400002,8908900,52.539185
"2015-06-08",67.860001,68.199997,67.529999,67.790001,10276700,52.843197
"2015-06-09",67.519997,68.080002,67.510002,67.669998,8132800,52.749645
"2015-06-10",67.660004,68.440002,67.540001,68.239998,7349300,53.193962
"2015-06-11",68.669998,68.669998,67.650002,68.040001,7552200,53.038071
"2015-06-12",67.889999,67.93,66.589996,67.050003,8249900,52.266357
"2015-06-15",66.660004,67.050003,66.099998,66.910004,7028400,52.157223
"2015-06-16",66.720001,67.400002,66.620003,66.769997,5200700,52.048088
"2015-06-17",66.970001,67.989998,66.879997,67.769997,7377100,52.827595
"2015-06-18",67.790001,69.07,67.790001,68.980003,9079000,53.770813
"2015-06-19",68.5,69.75,68.5,69.480003,9979500,54.160568
"2015-06-22",69.849998,70.599998,69.730003,70.120003,10124900,54.659458
"2015-06-23",70.010002,70.489998,69.57,70.019997,8720000,54.581501
"2015-06-24",70.519997,70.75,69.029999,69.220001,9308200,53.957897
"2015-06-25",69.669998,70.379997,69.290001,69.82,6191200,54.425613
"2015-06-26",69.949997,70.599998,69.68,70.459999,9669500,54.924488
"2015-06-29",69.269997,70.019997,67.080002,67.18,12057200,52.367683
"2015-06-30",68,68.220001,66.660004,67.190002,11459600,52.375477
"2015-07-01",67.900002,68.599998,67.68,68.510002,7694900,53.404434
"2015-07-02",68.68,68.900002,67.790001,68.209999,6245700,53.170593
"2015-07-06",67.529999,69,67.489998,68.220001,17029100,53.178383
"2015-07-07",68.419998,68.790001,67.32,68.559998,7821600,53.443417
"2015-07-08",67.790001,68.440002,67.580002,67.660004,5027200,52.741848
"2015-07-09",68.480003,68.919998,67.800003,67.970001,6516800,52.983505
"2015-07-10",68.940002,69.5,68.529999,69.230003,6891400,53.965698
"2015-07-13",69.419998,69.699997,69.169998,69.57,5507000,54.633209
"2015-07-14",69.709999,70.519997,69.400002,69.800003,6628300,54.81382
"2015-07-15",69.809998,70.040001,69.309998,69.75,16761400,54.774563
"2015-07-16",70.139999,70.300003,69.830002,69.989998,6843800,54.963024
"2015-07-17",69.989998,70.129997,69.699997,69.989998,6141200,54.963024
"2015-07-20",70,71.110001,69.860001,70.800003,9633000,55.599117
"2015-07-21",70.809998,71.599998,70.220001,70.540001,5028500,55.394939
"2015-07-22",70.260002,70.650002,70.029999,70.559998,5701700,55.410629
"2015-07-23",70.25,70.93,70.139999,70.519997,5636600,55.37923
"2015-07-24",67.529999,69.019997,67.349998,68.080002,13495200,53.463108
"2015-07-27",68.459999,70.959999,68.459999,69.339996,12841500,54.452572
"2015-07-28",69.5,71.440002,69.080002,71.230003,10098300,55.936787
"2015-07-29",71.290001,71.510002,70.739998,70.769997,6793300,55.57555
"2015-07-30",70.860001,70.879997,69.269997,70.160004,6820400,55.096519
"2015-07-31",70.379997,70.379997,69.730003,70.010002,6181300,54.978729
"2015-08-03",70.190002,70.790001,69.279999,69.730003,9872300,54.758842
"2015-08-04",70.040001,70.389999,69.669998,69.949997,5410900,54.931602
"2015-08-05",70.099998,70.639999,70.050003,70.300003,10090200,55.20647
"2015-08-06",70.370003,70.779999,68.800003,69.239998,6172200,54.374043
"2015-08-07",69.080002,69.300003,67.769997,68.620003,6214500,53.887165
"2015-08-10",68.919998,69.43,68.5,69.209999,8189400,54.350491
"2015-08-11",68.5,69.290001,67.940002,68.25,7473200,53.5966
"2015-08-12",67.830002,68.919998,67.239998,68.75,8337600,53.989258
"2015-08-13",68.68,69.089996,68.209999,68.540001,7184900,53.824341
"2015-08-14",68.559998,69.440002,68.410004,68.650002,5864800,53.910717
"2015-08-17",68.709999,69.82,68.300003,69.370003,17669900,54.476139
"2015-08-18",69.419998,69.739998,68.669998,68.860001,6376500,54.075638
"2015-08-19",68.75,69.080002,68.209999,68.589996,6270300,53.863609
"2015-08-20",68,68.43,67.480003,67.480003,9600900,52.991932
"2015-08-21",66.739998,67.160004,65.830002,65.900002,16277100,51.751148
"2015-08-24",61.169998,64.849998,53.869999,63.450001,24292600,49.827171
"2015-08-25",65.110001,65.120003,60.650002,60.709999,15267000,47.675457
"2015-08-26",62.470001,63.220001,60.880001,63.139999,15289600,49.583725
"2015-08-27",64.029999,64.599998,63,64.510002,12592100,50.659588
"2015-08-28",63.91,64.779999,63.439999,63.98,7316400,50.24337
"2015-08-31",64.139999,64.309998,62.25,62.41,15581100,49.010452
"2015-09-01",61,61.630001,60.16,60.5,12703200,47.510544
"2015-09-02",61.560001,61.599998,60.279999,60.98,12044500,47.887474
"2015-09-03",61.450001,62.279999,61.349998,61.580002,11777400,48.358665
"2015-09-04",60.650002,60.799999,58.959999,59.77,9281400,46.937275
"2015-09-08",60.220001,60.939999,59.91,60.57,9263200,47.565514
"2015-09-09",61.52,61.52,59.110001,59.259998,8436900,46.536774
"2015-09-10",59.360001,60.130001,58.889999,59.580002,9306600,46.788074
"2015-09-11",59.619999,59.759998,58.970001,59.349998,9365400,46.607449
"2015-09-14",59.43,59.619999,57.540001,58.939999,9095600,46.285465
"2015-09-15",58.98,59.439999,58.369999,59.200001,10474700,46.489651
"2015-09-16",59.5,59.639999,58.630001,59.509998,8044200,46.733089
"2015-09-17",59.560001,60.919998,59.389999,59.860001,10281700,47.007954
"2015-09-18",59.419998,61.830002,58.970001,61.220001,28957000,48.075954
"2015-09-21",61.240002,61.740002,59.290001,59.389999,11038100,46.63887
"2015-09-22",58.169998,58.259998,56.91,57.740002,14192000,45.343124
"2015-09-23",57.900002,58.400002,57.150002,57.43,9827000,45.099674
"2015-09-24",56.93,57.48,55.919998,56.57,8625500,44.424316
"2015-09-25",57.84,57.880001,55.080002,55.740002,8673500,43.77253
"2015-09-28",55.389999,55.43,52.34,52.5,15123000,41.228161
"2015-09-29",53.099998,54.189999,51.880001,52.790001,12842800,41.455894
"2015-09-30",53.540001,54.5,53.360001,54.41,11895500,42.728069
"2015-10-01",54.68,55.23,53.93,55.130001,9255800,43.293495
"2015-10-02",53.869999,55.849998,53.720001,55.82,6942600,43.835342
"2015-10-05",56.389999,56.950001,55.439999,56.68,9332800,44.510708
"2015-10-06",56.259998,56.669998,53.959999,55.080002,9008300,43.25423
"2015-10-07",54.849998,56.549999,53.91,55.630001,11056100,43.686142
"2015-10-08",55.130001,56.16,54.799999,56.040001,6737300,44.008114
"2015-10-09",56.18,56.5,55.470001,55.639999,7178500,43.693993
"2015-10-12",55.799999,56.27,55.52,55.77,6515000,43.796078
"2015-10-13",55.169998,55.360001,53.709999,53.799999,9467900,42.638954
"2015-10-14",54.09,54.619999,53.57,53.939999,8727400,42.749912
"2015-10-15",54.32,56.200001,53.849998,56.139999,7781600,44.493519
"2015-10-16",56.290001,56.970001,55.790001,56.529999,7342800,44.802601
"2015-10-19",56.290001,56.700001,55.689999,56.16,6463000,44.509377
"2015-10-20",56.150002,56.380001,54.630001,54.830002,6494600,43.45528
"2015-10-21",55.279999,55.610001,53.07,53.830002,11638800,42.662743
"2015-10-22",53.880001,54.439999,45.450001,48.27,46517700,38.256187
"2015-10-23",49.41,51.73,48.639999,50.34,26214800,39.896759
"2015-10-26",50.169998,52.48,49.349998,51.869999,13890400,41.109352
"2015-10-27",52.009998,53.490002,52.009998,52.580002,11710800,41.672062
"2015-10-28",52.82,53.84,52.080002,53.259998,7869000,42.210995
"2015-10-29",53.200001,55.18,53.02,54.099998,9304400,42.876717
"2015-10-30",57.869999,60.73,57.66,59.549999,27465600,47.19611
"2015-11-02",61.599998,64.199997,61.439999,63.380001,17008700,50.23156
"2015-11-03",63.119999,63.720001,61.919998,62.43,8754700,49.478638
"2015-11-04",62.43,64.150002,62.299999,63.799999,10342600,50.564423
"2015-11-05",63.700001,64.18,61.689999,62.77,10237200,49.748093
"2015-11-06",62.25,64.300003,62.130001,64.129997,7261100,50.825962
"2015-11-09",63.619999,64.129997,63.110001,63.23,8239400,50.112679
"2015-11-10",63.330002,63.619999,62.279999,62.299999,6897600,49.375603
"2015-11-11",62.200001,62.27,60.57,60.860001,8212500,48.234337
"2015-11-12",60.790001,61.73,60.150002,60.23,7765500,47.735031
"2015-11-13",60.009998,60.970001,58.889999,59.860001,7834400,47.441799
"2015-11-16",59.740002,60.810001,59.560001,60.009998,6965100,47.560669
"2015-11-17",60.099998,61.73,59.73,60.380001,8405400,47.853909
"2015-11-18",60.259998,61.060001,59.849998,60.990002,5470200,48.337372
"2015-11-19",61.220001,61.73,60.139999,60.549999,5571200,47.988647
"2015-11-20",60.939999,61.360001,60.57,61.110001,7490200,48.432472
"2015-11-23",61.310001,61.529999,60.84,61.150002,6405000,48.464169
"2015-11-24",60.560001,61.650002,60.529999,61.130001,5213500,48.448322
"2015-11-25",61.099998,61.130001,60.209999,60.290001,4879800,47.782593
"2015-11-27",60.169998,60.450001,59.610001,60,2404100,47.55275
"2015-11-30",59.959999,60.209999,57.959999,58.150002,12660200,46.086533
"2015-12-01",58.23,59.099998,57.16,59.02,11290500,46.776051
"2015-12-02",59.169998,59.389999,57.369999,57.720001,7663000,45.74575
"2015-12-03",57.709999,57.75,55.529999,56.119999,9701500,44.477673
"2015-12-04",56.5,57.48,56.200001,57.18,6748100,45.31776
"2015-12-07",57.900002,57.990002,55.759998,56.27,7890900,44.596554
"2015-12-08",55.560001,56.869999,55.509998,56.669998,6896200,44.913567
"2015-12-09",56.279999,57.439999,55.720001,56.029999,6207900,44.406342
"2015-12-10",56,56.650002,55.650002,55.779999,6736900,44.208199
"2015-12-11",55.779999,55.779999,53.849998,54.040001,9388600,42.829174
"2015-12-14",53.709999,55.48,53.240002,55.439999,9419500,43.93874
"2015-12-15",56.150002,57,55.91,56.389999,6990000,44.691654
"2015-12-16",56.669998,57.689999,56.200001,57.630001,6282500,45.674419
"2015-12-17",57.66,57.93,56.349998,56.380001,7848900,44.683735
"2015-12-18",55.900002,56.099998,55.360001,55.740002,13807000,44.176502
"2015-12-21",56,56.259998,55.700001,56.200001,4572100,44.541073
"2015-12-22",56.540001,57.990002,56.419998,57.59,8390800,45.642712
"2015-12-23",57.880001,58.610001,57.610001,58.580002,6634400,46.427334
"2015-12-24",58.380001,58.73,58,58.459999,2152900,46.332226
"2015-12-28",58.27,58.970001,57.759998,58.75,5585800,46.562077
"2015-12-29",59.02,59.700001,59.02,59.450001,5073900,47.116844
"2015-12-30",59.400002,60.119999,59.310001,59.799999,5220300,47.394238
"2015-12-31",59.5,59.93,59.200001,59.240002,6104800,46.950417
"2016-01-04",58.060001,58.32,56.400002,57.610001,10308400,45.658573
"2016-01-05",57.990002,58.25,56.82,57.369999,7179600,45.468349
"2016-01-06",56.369999,57.560001,56.18,57.380001,8952700,45.476276
"2016-01-07",56.52,57.84,56.34,57.209999,9292600,45.341534
"2016-01-08",57.549999,57.810001,55.48,55.650002,7985200,44.105175
"2016-01-11",55.860001,55.98,52.830002,53.880001,10483300,42.702374
"2016-01-12",54.470001,54.970001,53.57,54.84,6799600,43.463219
"2016-01-13",54.549999,54.619999,50.98,51.18,10432200,40.988529
"2016-01-14",51.32,56.830002,50.709999,54.560001,16704900,43.695461
"2016-01-15",53.009998,57.41,53.009998,57.34,27008800,45.921883
"2016-01-19",57.529999,57.73,54.23,54.990002,13644500,44.039837
"2016-01-20",54.209999,57.93,53.700001,57.150002,11993100,45.769714
"2016-01-21",57.290001,58.77,56.919998,58.360001,12097000,46.738766
"2016-01-22",59.099998,59.43,57.82,58.830002,10383800,47.115173
"2016-01-25",59.029999,59.810001,58.18,58.650002,9681900,46.971027
"2016-01-26",59.009998,59.27,57.209999,58.259998,7421100,46.658688
"2016-01-27",58.360001,58.93,56.450001,57.110001,9077700,45.737682
"2016-01-28",57.23,57.73,54.779999,55.849998,10521100,44.728588
"2016-01-29",53.419998,55.310001,53.419998,54.900002,17768700,43.967762
"2016-02-01",54.16,54.880001,52.509998,54.389999,11693300,43.559322
"2016-02-02",53.639999,54.779999,53.32,53.950001,7918300,43.20694
"2016-02-03",54.529999,57.18,54.049999,56.84,16435700,45.521446
"2016-02-04",56.740002,57.310001,55.360001,56.759998,10351200,45.457378
"2016-02-05",56.25,56.34,52.619999,53.119999,13263200,42.542213
"2016-02-08",52.580002,54.099998,51.939999,52.889999,9369400,42.358013
"2016-02-09",52.310001,53.939999,52.060001,53.48,7655800,42.830532
"2016-02-10",54.110001,54.689999,52.549999,52.720001,9302800,42.221859
"2016-02-11",52.299999,53.119999,51.82,52.18,8551100,41.789391
"2016-02-12",52.529999,52.970001,51.599998,52.580002,9976200,42.109745
"2016-02-16",53.439999,53.869999,52.73,53.509998,8313000,42.854549
"2016-02-17",54.34,55.150002,53.349998,55.009998,10005600,44.055855
"2016-02-18",55.529999,55.529999,54.169998,54.549999,6555000,43.687462
"2016-02-19",54.5,55,53.98,54.290001,8532500,43.479233
"2016-02-22",54.290001,55.32,53.740002,55.279999,9381800,44.272083
"2016-02-23",55.700001,56.310001,55,55.07,8629700,44.103909
"2016-02-24",54.66,55.07,54.009998,54.889999,6633800,43.959747
"2016-02-25",55.169998,56.23,54.43,56.200001,7076300,45.008888
"2016-02-26",56.259998,56.790001,55.799999,56,5298000,44.848721
"2016-02-29",55.869999,56,54.470001,54.610001,8395100,43.735508
"2016-03-01",54.779999,56.34,54.240002,56.34,7106000,45.121006
"2016-03-02",56.169998,56.43,55.400002,55.700001,7054800,44.608448
"2016-03-03",55.689999,56.09,55.150002,55.93,9283900,44.79266
"2016-03-04",56,56.700001,55.299999,56.150002,6439700,44.968842
"2016-03-07",55.700001,56.5,54.830002,56.400002,7741800,45.169056
"2016-03-08",56.18,56.470001,55.23,55.32,5303700,44.304127
"2016-03-09",55.509998,56.650002,55.040001,56.389999,8402500,45.161053
"2016-03-10",56.560001,57.369999,55.32,56.23,5627900,45.032917
"2016-03-11",56.400002,57.869999,56.349998,57.73,6537400,46.234219
"2016-03-14",57.669998,57.73,56.970001,57.209999,4650800,45.817764
"2016-03-15",56.650002,56.93,55.130001,55.619999,5779600,44.54438
"2016-03-16",55.580002,56.540001,55.25,56.310001,6245400,45.096981
"2016-03-17",56.459999,56.459999,54.41,55.32,8308800,44.304127
"2016-03-18",55.59,56.599998,54.799999,56.57,11029800,45.305218
"2016-03-21",56.52,56.779999,55.73,56.009998,6632900,44.85672
"2016-03-22",55.75,57.540001,55.75,57.5,7661600,46.050014
"2016-03-23",57.16,57.5,56.220001,56.360001,5116400,45.137032
"2016-03-24",56.139999,56.25,55.669998,56.119999,5278900,44.944813
"2016-03-28",56.349998,56.700001,55.799999,56.110001,3803100,44.936813
"2016-03-29",56.099998,57.099998,55.220001,57.049999,4567900,45.689629
"2016-03-30",57.43,57.529999,56.720001,57,3650300,45.649586
"2016-03-31",57.02,57.459999,56.82,57.119999,4930300,45.745686
"2016-04-01",56.580002,57.57,56.360001,57.419998,4525700,45.985954
"2016-04-04",57.639999,59.400002,57.490002,59.209999,8108100,47.41951
"2016-04-05",58.540001,59.560001,58.09,58.540001,6779400,46.882927
"2016-04-06",58.52,59.900002,58.52,59.889999,6322800,47.964104
"2016-04-07",59.419998,59.900002,58.759998,59.299999,7827600,47.491592
"2016-04-08",59.490002,59.799999,58.169998,58.470001,5750000,46.826862
"2016-04-11",58.59,59.25,58.25,58.5,4894000,46.850891
"2016-04-12",58.98,60.049999,58.689999,59.889999,7243700,47.964104
"2016-04-13",59.869999,60,58.700001,59.060001,7023000,47.753872
"2016-04-14",59.150002,59.490002,59,59.279999,5185600,47.931755
"2016-04-15",59.549999,59.740002,58.779999,59.509998,4660800,48.117729
"2016-04-18",59.5,60.32,59.299999,59.880001,6089400,48.416904
"2016-04-19",60.09,61.23,59.669998,60.169998,6149300,48.651382
"2016-04-20",60.169998,61.110001,59.959999,60.48,4443600,48.902039
"2016-04-21",60.57,61.43,60.540001,61.369999,5702400,49.621658
"2016-04-22",61.299999,61.990002,60.959999,61.419998,5103000,49.66209
"2016-04-25",61.130001,61.299999,60.75,60.970001,4320500,49.298241
"2016-04-26",60.959999,61.290001,60.529999,60.93,4281700,49.265884
"2016-04-27",60.93,61.48,60.25,60.700001,6679200,49.079914
"2016-04-28",58.560001,62.099998,57.529999,61.200001,16235400,49.484203
"2016-04-29",61.029999,61.450001,60.48,61,13052700,49.322487
"2016-05-02",60.790001,62,60.700001,61.439999,9512000,49.678257
"2016-05-03",60.990002,62.09,60.720001,61.77,9316600,49.945084
"2016-05-04",61.299999,61.650002,61.009998,61.459999,8691400,49.694427
"2016-05-05",61.41,62.400002,61.09,62.34,8646200,50.405968
"2016-05-06",62,62.75,61.650002,62.509998,10880700,50.543419
"2016-05-09",62.360001,63.869999,62.279999,63.700001,9917400,51.505615
"2016-05-10",63.509998,63.759998,63.32,63.740002,12103400,51.537949
"2016-05-11",63.77,63.830002,62.639999,62.700001,9375200,50.697056
"2016-05-12",62.860001,63.07,62.389999,62.490002,9589500,50.527252
"2016-05-13",62.150002,62.860001,61.82,62,7339600,50.131054
"2016-05-16",61.91,62.619999,61.5,62.450001,6707400,50.494919
"2016-05-17",62.439999,62.790001,58.5,60.25,31528900,48.716061
"2016-05-18",59.869999,60.799999,59.560001,60.459999,10622000,48.885864
"2016-05-19",60.060001,60.349998,58.900002,59.279999,9917900,47.931755
"2016-05-20",59.630001,60.049999,59.029999,59.689999,11259400,48.263268
"2016-05-23",59.75,59.84,59.130001,59.299999,6468900,47.947929
"2016-05-24",59.73,60.91,59.52,60.700001,8888100,49.079914
"2016-05-25",61.080002,61.470001,60.790001,61.220001,5857600,49.500381
"2016-05-26",61,62.169998,60.900002,61.900002,6537100,50.050194
"2016-05-27",61.990002,63.200001,61.900002,62.709999,5768000,50.705132
"2016-05-31",62.709999,63.490002,62.639999,62.93,7147900,50.883011
"2016-06-01",62.93,63.169998,62.630001,62.830002,5284400,50.802166
"2016-06-02",62.869999,65.150002,62.830002,65.089996,11628000,52.629513
"2016-06-03",64.760002,65.370003,63.75,65,10621600,52.556751
"2016-06-06",62.130001,62.990002,61.869999,62.82,16403400,50.794075
"2016-06-07",62.59,63.59,62.299999,63.099998,10980100,51.020473
"2016-06-08",62.209999,62.299999,61.369999,61.73,13173000,49.912739
"2016-06-09",61.5,62.169998,60.52,60.75,11503700,49.120346
"2016-06-10",59.990002,61.009998,59.720001,61,11052300,49.322487
"2016-06-13",60.459999,61.389999,59.849998,59.93,11673600,48.457329
"2016-06-14",59.459999,60.380001,59.16,59.900002,11560200,48.433067
"2016-06-15",60.290001,61.27,60.009998,60.400002,7739300,48.837345
"2016-06-16",59.93,60.939999,59.91,60.900002,7011200,49.241627
"2016-06-17",60.880001,60.970001,59.57,60.009998,12574700,48.522007
"2016-06-20",60.639999,61.18,60.060001,60.110001,7076500,48.602863
"2016-06-21",60.200001,60.400002,59.75,59.98,6366500,48.497757
"2016-06-22",60,61.18,59.919998,60.389999,6718600,48.829254
"2016-06-23",60.860001,61.32,60.619999,61.310001,5328200,49.573147
"2016-06-24",59.259998,60.599998,59.18,59.860001,9878500,48.400715
"2016-06-27",59.380001,59.68,58.330002,58.68,7945500,47.446613
"2016-06-28",59.279999,60.130001,59.150002,59.990002,9897600,48.50584
"2016-06-29",60.580002,62.029999,60.23,61.810001,9308000,49.977428
"2016-06-30",61.790001,62.02,61.139999,61.91,7920600,50.058285
"2016-07-01",61.98,63.220001,61.830002,62.709999,6533700,50.705132
"2016-07-05",62.5,62.709999,61.77,61.919998,6293600,50.066368
"2016-07-06",61.84,63.759998,61.799999,63.369999,9202200,51.238785
"2016-07-07",63.599998,63.75,63.209999,63.43,7081900,51.2873
"2016-07-08",63.48,64.480003,62.740002,64.160004,7921700,51.877552
"2016-07-11",64.25,64.989998,64.07,64.349998,9641500,52.031189
"2016-07-12",64.669998,65.809998,64.32,65.5,11870500,52.96104
"2016-07-13",64.809998,65.040001,64.25,64.769997,7684200,52.830521
"2016-07-14",63.700001,64.139999,62.939999,63.619999,12090100,51.892513
"2016-07-15",63.82,64.169998,63.130001,63.32,8827500,51.647812
"2016-07-18",63.23,63.77,63.18,63.560001,6384800,51.843575
"2016-07-19",63.41,63.970001,63.09,63.32,5794500,51.647812
"2016-07-20",63.57,63.900002,63.330002,63.41,7502800,51.721222
"2016-07-21",63.23,64,63.169998,63.889999,6145500,52.11274
"2016-07-22",64,64.089996,63.580002,63.810001,4972900,52.047493
"2016-07-25",63.91,64.5,63.709999,64.32,7241200,52.463486
"2016-07-26",64.410004,64.730003,63.959999,64.449997,4885200,52.569519
"2016-07-27",64.419998,65.110001,64.32,64.900002,6220400,52.936565
"2016-07-28",64.790001,65.059998,63.93,64.720001,6556100,52.789742
"2016-07-29",65.269997,66.400002,65.150002,66.230003,10525000,54.021397
"2016-08-01",66.230003,67.080002,66.230003,66.940002,7599000,54.600513
"2016-08-02",66.93,67.059998,66.050003,66.779999,8763200,54.470028
"2016-08-03",66.809998,67,66.220001,66.57,6355100,54.298721
"2016-08-04",66.580002,66.980003,66.080002,66.099998,4901900,53.915356
"2016-08-05",66.150002,66.599998,66.120003,66.540001,5045600,54.27425
"2016-08-08",66.379997,66.669998,65.75,66.339996,5309300,54.111111
"2016-08-09",66.339996,67.25,66.25,66.760002,5717300,54.453701
"2016-08-10",66.699997,66.959999,66.190002,66.43,4506100,54.184532
"2016-08-11",66.860001,67.110001,66.699997,66.949997,4246600,54.608673
"2016-08-12",66.860001,67.389999,66.550003,67.190002,5215400,54.804436
"2016-08-15",67.470001,68.120003,67.32,67.389999,5215400,54.967564
"2016-08-16",67.129997,67.610001,66.5,66.739998,7147600,54.437382
"2016-08-17",66.690002,67.349998,66.349998,66.830002,7945400,54.510796
"2016-08-18",66.57,67.43,66.550003,66.769997,8205800,54.461853
"2016-08-19",66.57,67.18,66.510002,67.099998,6709400,54.731033
"2016-08-22",67.309998,67.790001,66.919998,67.010002,7884800,54.657608
"2016-08-23",67.260002,67.489998,65.989998,66.169998,10227800,53.972462
"2016-08-24",66.309998,66.529999,64.839996,65.059998,8551100,53.06707
"2016-08-25",65.040001,65.43,64.269997,64.720001,6379000,52.789742
"2016-08-26",64.68,65.019997,64.209999,64.610001,7041600,52.700024
"2016-08-29",64.839996,65.089996,64.190002,64.510002,5099200,52.618458
"2016-08-30",64.540001,64.709999,64.110001,64.160004,5531800,52.332973
"2016-08-31",64.209999,64.449997,63.5,64.099998,6750000,52.284035
"2016-09-01",64.099998,64.139999,63.610001,64.029999,5126700,52.226944
"2016-09-02",64.370003,64.480003,63.869999,64.120003,4100800,52.300346
"2016-09-06",64.699997,64.900002,64.050003,64.610001,6286300,52.700024
"2016-09-07",64.370003,65.139999,64.290001,64.970001,5714300,52.993656
"2016-09-08",63.959999,64.150002,63.439999,64.059998,8238800,52.2514
"2016-09-09",63.220001,64,63.060001,63.360001,8848500,51.680435
"2016-09-12",62.98,64.230003,62.66,64.080002,6653000,52.267719
"2016-09-13",63.66,64.150002,63.009998,63.34,7640400,51.664131
"2016-09-14",63.41,63.959999,63.060001,63.34,5890000,51.664131
"2016-09-15",63.169998,63.82,62.919998,63.349998,7806800,51.672283
"2016-09-16",63.529999,63.790001,63.169998,63.27,11165300,51.607037
"2016-09-19",63.619999,63.709999,62.830002,62.91,7903500,51.313393
"2016-09-20",63.360001,63.549999,62.759998,63.279999,4826500,51.615192
"2016-09-21",63.490002,64.25,63.200001,64.099998,7587400,52.284035
"2016-09-22",64.120003,65.199997,64.080002,65.080002,5416100,53.083378
"2016-09-23",65.050003,65.330002,64.75,64.980003,5154200,53.001812
"2016-09-26",64.519997,64.879997,64.019997,64.07,5567700,52.259556
"2016-09-27",63.950001,64.75,63.689999,64.57,4358300,52.667393
"2016-09-28",64.940002,64.940002,63.889999,64.220001,5645600,52.381912
"2016-09-29",64.300003,64.309998,62.799999,62.82,6431200,51.239983
"2016-09-30",62.669998,63.259998,62.450001,63.07,7325400,51.443901
"2016-10-03",63.02,63.290001,62.25,63.23,4239600,51.574406
"2016-10-04",63.310001,63.529999,62.549999,63,4719400,51.386803
"2016-10-05",63.080002,63.75,63,63.389999,4442500,51.704922
"2016-10-06",63.16,63.209999,62.560001,62.830002,4446100,51.248138
"2016-10-07",63.099998,63.580002,62.5,62.93,3812700,51.329708
"2016-10-10",63.07,63.66,62.919998,63.310001,3135300,51.63966
"2016-10-11",63.080002,63.259998,62.049999,62.389999,5308400,50.889252
"2016-10-12",62,62.23,61.02,61.209999,4563800,50.387104
"2016-10-13",60.959999,61.610001,60.68,61.150002,5988600,50.337723
"2016-10-14",61.450001,61.52,60.150002,60.169998,5606500,49.530994
"2016-10-17",60.099998,60.709999,59.860001,60.139999,6138700,49.506302
"2016-10-18",60.619999,61.619999,60.400002,61.549999,6655100,50.666988
"2016-10-19",62.040001,62.16,61.169998,61.43,5588900,50.568199
"2016-10-20",61.450001,61.98,61.330002,61.759998,4391300,50.839855
"2016-10-21",61.380001,61.439999,60.650002,60.98,4341700,50.197769
"2016-10-24",61.130001,61.68,61.02,61.119999,3934800,50.313019
"2016-10-25",61.060001,61.66,60.950001,61.549999,6432800,50.666988
"2016-10-26",61.509998,61.709999,60.709999,61.02,4560800,50.230698
"2016-10-27",61.450001,61.720001,60.599998,61.459999,6612500,50.592896
"2016-10-28",57.549999,58.389999,55.060001,57.599998,24865300,47.415413
"2016-10-31",57.060001,57.299999,55.720001,55.779999,14185800,45.91721
"2016-11-01",56,56.610001,55.68,56.450001,9799400,46.46875
"2016-11-02",56.459999,57.189999,56.400002,56.790001,9746200,46.748634
"2016-11-03",57.119999,57.290001,55.849998,55.889999,9842600,46.007759
"2016-11-04",56.07,56.869999,55.869999,56.040001,11187000,46.131245
"2016-11-07",56.810001,61.16,56.639999,58.91,17763100,48.493774
"2016-11-08",58.799999,59.610001,58.029999,58.810001,9353200,48.411476
"2016-11-09",64.099998,64.690002,60.41,62.639999,18694000,51.564259
"2016-11-10",63.060001,65.050003,62.790001,64,15948700,52.683796
"2016-11-11",63.540001,63.849998,62.790001,63.099998,10201600,51.942917
"2016-11-14",63.400002,63.639999,62.25,62.970001,8315700,51.835911
"2016-11-15",63.389999,63.389999,61.98,62.869999,5610300,51.753597
"2016-11-16",62.669998,62.970001,61.419998,61.540001,6571200,50.658756
"2016-11-17",61.75,61.990002,61.130001,61.700001,4879500,50.790459
"2016-11-18",61.650002,62.139999,60.389999,60.52,7023200,49.819107
"2016-11-21",60.700001,60.799999,60.200001,60.419998,6328300,49.73679
"2016-11-22",60.490002,60.560001,58.610001,58.93,8518600,48.510242
"2016-11-23",58.810001,60.380001,58.599998,60.18,5546600,49.539223
"2016-11-25",60.040001,60.669998,59.669998,60.509998,2941600,49.810879
"2016-11-28",59.130001,59.939999,59.009998,59.459999,6274600,48.946526
"2016-11-29",59.700001,62.099998,59.52,61.59,11858800,50.699924
"2016-11-30",61.630001,61.84,60.630001,60.799999,9025200,50.049595
"2016-12-01",60.830002,60.830002,58.75,59.16,8266200,48.699577
"2016-12-02",59.189999,60,58.950001,59.43,8020700,48.921837
"2016-12-05",59.599998,61.220001,59.57,60.860001,10227700,50.098991
"2016-12-06",60.759998,61.720001,60.330002,61.619999,7610400,50.724613
"2016-12-07",60.259998,60.650002,58.799999,59.990002,13095600,49.382824
"2016-12-08",60.02,60.98,59.09,60.900002,9192300,50.131916
"2016-12-09",61.189999,61.93,60.919998,61.540001,7102900,50.658756
"2016-12-12",61.529999,62.450001,61.509998,62.040001,5984500,51.070347
"2016-12-13",62.330002,62.439999,61.360001,61.990002,8599600,51.029198
"2016-12-14",61.549999,62.299999,61.509998,61.669998,5115700,50.765774
"2016-12-15",61.799999,62.110001,61.549999,62.02,6416900,51.053886
"2016-12-16",62.119999,62.490002,61.830002,62.220001,10555800,51.218517
"2016-12-19",62.369999,63.330002,62.119999,62.220001,5976800,51.218517
"2016-12-20",62.34,62.709999,61.75,62.16,5751800,51.169136
"2016-12-21",62.23,62.41,61.43,61.450001,5498700,50.584671
"2016-12-22",61.580002,61.919998,61.349998,61.66,5626000,50.757538
"2016-12-23",61.779999,62.400002,61.470001,62.34,4795900,51.317299
"2016-12-27",62.52,63.02,62.41,62.5,5396200,51.449017
"2016-12-28",62.509998,62.75,62.25,62.27,5190400,51.259678
"2016-12-29",62.389999,63.060001,62.389999,62.73,4990000,51.638348
"2016-12-30",62.73,62.93,62.41,62.619999,5999200,51.547787
"2017-01-03",62.919998,63.029999,61.939999,62.41,9328200,51.374924
"2017-01-04",62.639999,63.799999,62.639999,63.290001,8674800,52.099331
"2017-01-05",63.380001,63.950001,63.029999,63.77,5359400,52.494453
"2017-01-06",63.880001,64,63.52,63.790001,4722300,52.510921
"2017-01-09",63.799999,64.379997,63.75,64.209999,8794500,52.856659
"2017-01-10",64.050003,64.5,63.77,64.07,6523500,52.741405
"2017-01-11",63.380001,63.650002,60.59,61.139999,13565200,50.837299
"2017-01-12",60.77,61.43,60.419998,61.279999,8194400,50.953709
"2017-01-13",61.349998,62.41,61.049999,61.990002,7295100,51.544067
"2017-01-17",61.75,62.040001,61.099998,61.860001,8446700,51.435974
"2017-01-18",61.759998,62.139999,61.32,61.66,5519400,51.269676
"2017-01-19",61.450001,61.880001,61.119999,61.380001,5384200,51.036861
"2017-01-20",61.41,61.77,61.080002,61.150002,6730000,50.845623
"2017-01-23",61.02,61.259998,60.68,60.959999,5244700,50.687634
"2017-01-24",60.91,60.93,59.669998,60.580002,6642000,50.371666
"2017-01-25",60.599998,61.630001,60.34,61.380001,8052800,51.036861
"2017-01-26",61.16,61.900002,61.07,61.27,7765300,50.945396
"2017-01-27",60,61.25,59.52,60,14151200,49.8894
"2017-01-30",59.91,60.470001,59.27,60.43,7792700,50.246948
"2017-01-31",60.009998,61.32,59.75,61.110001,8149800,50.812363
"2017-02-01",61.07,61.099998,60.27,60.889999,5888700,50.629425
"2017-02-02",60.650002,61.119999,60.48,60.889999,5365300,50.629425
"2017-02-03",60.900002,61.060001,60.439999,60.669998,6470300,50.446503
"2017-02-06",60.509998,60.970001,60.349998,60.650002,5358100,50.429874
"2017-02-07",60.650002,60.869999,60.400002,60.560001,4210300,50.35503
"2017-02-08",60.139999,61.02,60.049999,60.52,5357800,50.321777
"2017-02-09",60.52,61,60.419998,60.84,4324600,50.587856
"2017-02-10",60.849998,61,60.27,60.419998,5749200,50.238632
"2017-02-13",60.580002,60.860001,60.43,60.509998,6396000,50.313465
"2017-02-14",60.439999,60.98,60.150002,60.82,13562200,50.57122
"2017-02-15",60.919998,61.84,60.400002,61.650002,8927600,51.261356
"2017-02-16",61.669998,61.91,60.810001,61.48,5662000,51.120003
"2017-02-17",61.540001,62.080002,61.169998,61.77,8124400,51.361137
"2017-02-21",61.84,62.110001,61.5,61.830002,8503500,51.411034
"2017-02-22",61.720001,61.950001,61.299999,61.360001,6422200,51.020226
"2017-02-23",61.68,62.240002,61.450001,61.939999,8057700,51.502491
"2017-02-24",61.919998,62.23,61.490002,62.09,6536400,51.62722
"2017-02-27",62.02,62.369999,61.68,62.220001,5214100,51.735313
"2017-02-28",62.110001,62.400002,61.689999,61.84,6756100,51.419342
"2017-03-01",62.16,62.93,61.950001,62.830002,7737400,52.242516
"2017-03-02",62.779999,63.599998,62.599998,63.25,8190000,52.591747
"2017-03-03",63.110001,63.529999,62.830002,63.34,6125800,52.66658
"2017-03-06",63,63.849998,62.880001,63.549999,6837000,52.84119
"2017-03-07",63.139999,64.139999,62.970001,63.689999,9638000,52.9576
"2017-03-08",63.75,64.68,63.5,64.139999,7049700,53.331772
"2017-03-09",64.139999,64.720001,64.050003,64.5,6957000,53.631104
"2017-03-10",65.300003,66.449997,65.110001,65.879997,12788100,54.778561
"2017-03-13",65.870003,65.940002,65.300003,65.849998,7577400,54.753616
"2017-03-14",65.879997,66.050003,65.599998,65.669998,3727200,54.603954
"2017-03-15",65.699997,66.790001,65.68,66.550003,5241200,55.335659
"2017-03-16",66.400002,66.449997,65.550003,65.900002,5162800,54.795197
"2017-03-17",66.040001,66.089996,65.5,65.690002,11288000,54.620583
"2017-03-20",65.779999,66.010002,65.559998,65.800003,4252100,54.712044
"2017-03-21",65.959999,66,65.040001,65.349998,5187400,54.337875
"2017-03-22",65.379997,65.730003,65.099998,65.519997,5662600,54.479229
"2017-03-23",65.519997,66.07,65.360001,65.650002,4099500,54.587322
"2017-03-24",65.510002,66.110001,65.32,65.620003,4056300,54.562386
"2017-03-27",65.370003,66.279999,65.239998,66.099998,4962300,54.961487
"2017-03-28",65.959999,66.209999,65.639999,65.980003,5067400,54.861717
"2017-03-29",65.949997,66.269997,65.68,65.769997,3649900,54.687096
"2017-03-30",65.760002,65.82,65.25,65.459999,3749600,54.429337
"2017-03-31",65.459999,65.519997,65.150002,65.160004,4057800,54.179893
"2017-04-03",65.239998,65.589996,64.879997,65.029999,5229600,54.071796
"2017-04-04",65.120003,65.300003,64.830002,65.110001,3457900,54.138329
"2017-04-05",65.230003,65.760002,64.860001,64.959999,4396300,54.013596
"2017-04-06",65.029999,65.190002,64.650002,65.080002,4628400,54.113369
"2017-04-07",65.059998,65.93,64.830002,65.540001,6089300,54.49585
"2017-04-10",65.5,65.779999,64.910004,64.970001,7136200,54.0219
"2017-04-11",64.43,64.43,63.32,64.18,5404500,53.895935
"2017-04-12",64.169998,64.410004,63.669998,64.370003,6122000,54.0555
"2017-04-13",64.239998,64.720001,64.080002,64.129997,3896700,53.853947
"2017-04-17",64.790001,64.970001,64.059998,64.309998,4189500,54.005112
"2017-04-18",64.029999,64.080002,63.119999,63.650002,4755800,53.450874
"2017-04-19",63.900002,63.93,63.310001,63.450001,4057100,53.282921
"2017-04-20",63.720001,64,63.290001,63.779999,5708600,53.560028
"2017-04-21",63.759998,64.290001,63.549999,63.82,4154900,53.593624
"2017-04-24",64.400002,65.160004,64.260002,64.660004,7121000,54.29903
"2017-04-25",64.940002,65.629997,64.82,65.099998,5352900,54.668522
"2017-04-26",65.190002,65.919998,65.019997,65.040001,5008900,54.618137
"2017-04-27",65.449997,67.5,65.120003,66.07,11692900,55.483089
"2017-04-28",66.059998,66.32,65.440002,65.940002,5521100,55.373924
"2017-05-01",66,66.669998,65.940002,66.480003,4575800,55.8274
"2017-05-02",66.510002,66.68,66.18,66.629997,4342800,55.953362
"2017-05-03",66.449997,66.879997,66.209999,66.739998,4993400,56.045731
"2017-05-04",66.739998,67.400002,66.620003,67.230003,4287400,56.457214
"2017-05-05",67.190002,67.220001,66.32,66.989998,4587800,56.255669
"2017-05-08",66.940002,66.949997,66.139999,66.209999,4497400,55.600651
"2017-05-09",66.199997,66.949997,65.860001,66.169998,4395200,55.567078
"2017-05-10",66.160004,66.230003,65.360001,65.980003,5140200,55.407513
"2017-05-11",65.900002,65.959999,64.660004,65.300003,7853800,54.836479
"2017-05-12",65.269997,66.190002,65.209999,66.059998,6093500,55.474693
"2017-05-15",66.07,66.849998,65.949997,66.669998,8527900,55.986946
"2017-05-16",66.730003,66.919998,66.330002,66.849998,6313500,56.138107
"2017-05-17",66.849998,66.849998,64.610001,65.370003,12771400,54.895264
"2017-05-18",65.370003,66.099998,65.199997,65.629997,6001000,55.113594
"2017-05-19",65.739998,66.010002,65.309998,65.580002,6731800,55.071617
"2017-05-22",65.550003,65.620003,64.800003,65.440002,5541700,54.954048
"2017-05-23",65.440002,66.260002,65.43,65.839996,4676500,55.28994
"2017-05-24",65.790001,66.120003,65.57,65.93,3174600,55.365528
"2017-05-25",66.059998,66.57,65.800003,66.32,4058300,55.693035
"2017-05-26",66.139999,66.410004,65.849998,66.059998,4083000,55.474693
"2017-05-30",65.889999,66.199997,65.809998,66.019997,4803900,55.441097
"2017-05-31",66.239998,66.410004,65.610001,66.019997,6935800,55.441097
"2017-06-01",66.260002,66.720001,66.120003,66.709999,4554700,56.020535
"2017-06-02",66.809998,67.309998,66.620003,67.25,5646000,56.474014
"2017-06-05",67.25,67.860001,66.879997,67.510002,4918100,56.692348
"2017-06-06",67.480003,68.099998,67.370003,67.870003,5494500,56.994675
"2017-06-07",68.010002,69.32,68.010002,68.75,8406300,57.733654
"2017-06-08",68.75,69.050003,68.330002,68.760002,6082500,57.742069
"2017-06-09",68.800003,69.830002,68.720001,69.669998,6159800,58.506237
"2017-06-12",69.790001,69.900002,69.25,69.529999,6084300,58.388672
"2017-06-13",69.620003,70.029999,69.419998,69.669998,5269000,58.506237
"2017-06-14",69.480003,70.790001,69.370003,70.519997,6639100,59.220032
"2017-06-15",70.339996,70.650002,69.879997,70.599998,4682700,59.287209
"2017-06-16",70.800003,71.120003,70.489998,71.050003,9342300,59.665108
"2017-06-19",71.110001,71.589996,70.940002,71.339996,6396300,59.908649
"2017-06-20",71.440002,71.809998,71.160004,71.220001,6542800,59.807865
"2017-06-21",71.110001,71.699997,71.050003,71.339996,6096800,59.908649
"2017-06-22",71.489998,73.669998,71.410004,73.18,9998900,61.453793
"2017-06-23",73.199997,73.489998,72.260002,72.639999,7064500,61.00034
"2017-06-26",72.790001,72.940002,72.410004,72.739998,4019500,61.084301
"2017-06-27",72.699997,73.059998,72.25,72.389999,4490600,60.79039
"2017-06-28",72.720001,73.540001,72.580002,72.919998,4196200,61.235462
"2017-06-29",73.150002,73.169998,71.910004,72.480003,4444700,60.865971
"2017-06-30",72.57,72.82,72.209999,72.510002,4729100,60.891167
"2017-07-03",72.760002,72.989998,72.370003,72.419998,2570700,60.815582
"2017-07-05",72.480003,72.739998,71.989998,72.480003,4751900,60.865971
"2017-07-06",72.239998,72.449997,71.410004,71.730003,4372100,60.236145
"2017-07-07",72.110001,72.110001,71.629997,72.029999,4333700,60.488075
"2017-07-10",71.800003,72.220001,71.580002,71.830002,3158300,60.320126
"2017-07-11",71.889999,72.169998,71.330002,71.839996,3535100,60.328529
"2017-07-12",71.510002,72.129997,71.300003,71.879997,4860200,60.90469
"2017-07-13",71.940002,72.900002,71.669998,72.629997,5189800,61.540173
"2017-07-14",72.620003,73.230003,72.510002,73.110001,4335700,61.94688
"2017-07-17",73.099998,73.470001,72.690002,72.699997,3461600,61.599495
"2017-07-18",72.629997,72.860001,71.75,72.230003,5269100,61.201256
"2017-07-19",72.480003,72.769997,72.019997,72.769997,3904100,61.658791
"2017-07-20",72.989998,74.220001,72.940002,74.010002,5329700,62.709465
"2017-07-21",73.980003,75.040001,73.849998,74.629997,4961500,63.234802
"2017-07-24",74.629997,74.75,73.839996,73.910004,5497800,62.624725
"2017-07-25",74.400002,74.550003,72.470001,72.519997,6354200,61.446968
"2017-07-26",72.370003,72.690002,71.949997,72.589996,4877000,61.506283
"2017-07-27",72.779999,72.800003,70.879997,71.730003,7389300,60.777592
"2017-07-28",71.639999,72.440002,69.379997,70.440002,8012400,59.684566
"2017-07-31",70.519997,70.580002,69.830002,69.910004,7770400,59.235489
"2017-08-01",70.029999,70.839996,69.849998,70.379997,6681700,59.63372
"2017-08-02",70.25,70.739998,69.93,70.709999,4922200,59.913345
"2017-08-03",70.610001,71.010002,70.360001,70.989998,4400400,60.150585
"2017-08-04",71.169998,71.370003,70.349998,70.989998,4732500,60.150585
"2017-08-07",70.940002,71.230003,70.639999,71.220001,3551100,60.345463
"2017-08-08",71.330002,71.910004,71.010002,71.470001,4398000,60.557293
"2017-08-09",71.260002,72.139999,71.099998,72.019997,4536300,61.023315
"2017-08-10",72.010002,72.190002,70.389999,70.440002,5940300,59.684566
"2017-08-11",70.739998,71.010002,70.43,70.629997,3248300,59.845543
"2017-08-14",71.230003,71.290001,70.699997,70.82,2648800,60.006546
"2017-08-15",71.080002,71.139999,70.279999,70.339996,3724100,59.599834
"2017-08-16",70.489998,70.75,70.110001,70.419998,4751600,59.667618
"2017-08-17",70.599998,70.68,69.830002,69.849998,5086000,59.184643
"2017-08-18",69.519997,70.440002,69.470001,69.959999,4016400,59.277855
"2017-08-21",69.919998,70.830002,69.910004,70.699997,4666400,59.904865
"2017-08-22",70.910004,71.879997,70.760002,71.75,3589000,60.79454
"2017-08-23",71.290001,71.900002,71.269997,71.519997,3071300,60.599655
"2017-08-24",71.720001,72.309998,71.400002,72.110001,4088300,61.099571
"2017-08-25",72.220001,72.779999,72.209999,72.480003,3871200,61.413082
"2017-08-28",72.669998,73.57,72.559998,73.32,4574400,62.124828
"2017-08-29",72.779999,73.900002,72.779999,73.889999,3390800,62.607784
"2017-08-30",73.620003,74.18,73.580002,73.919998,3189100,62.633198
"2017-08-31",74.110001,75.400002,73.919998,75.300003,6177600,63.802494
"2017-09-01",75.589996,76,75.260002,75.419998,3831700,63.904171
"2017-09-05",75.389999,75.580002,74.730003,75.25,6309100,63.760139
"2017-09-06",75.610001,77.459999,75.349998,77.050003,7755200,65.285271
"2017-09-07",77.290001,82.449997,77,81.779999,15377300,69.293053
"2017-09-08",81.290001,86.089996,81.110001,85.339996,14809100,72.309486
"2017-09-11",84.459999,87.099998,84.379997,87,12687000,73.716026
"2017-09-12",86.970001,87.970001,86.5,87.75,11155600,74.351524
"2017-09-13",87.580002,88.839996,87.419998,88.470001,9172200,74.961578
"2017-09-14",88.230003,89.32,88.150002,89.220001,10272200,75.597054
"2017-09-15",89.389999,89.690002,86.519997,87.370003,20441500,74.029533
"2017-09-18",87.470001,87.809998,85.080002,85.32,9656700,72.292542
"2017-09-19",85.540001,86.660004,85.379997,86.370003,7786400,73.182228
"2017-09-20",86.400002,87.480003,86.25,87.410004,6559400,74.063431
"2017-09-21",87.360001,87.699997,86.669998,87.410004,7340300,74.063431
"2017-09-22",87.220001,87.75,86.769997,87.480003,6807000,74.122749
"2017-09-25",86.919998,87.779999,86.400002,86.57,8287000,73.351685
"2017-09-26",86.349998,86.910004,85.160004,85.349998,5862400,72.317955
"2017-09-27",85.349998,85.389999,83.190002,84.75,6581200,71.809563
"2017-09-28",86.669998,90.949997,86.379997,88.959999,14809300,75.376755
"2017-09-29",88.690002,89.349998,87.669998,88.860001,6769400,75.29203
"2017-10-02",89.739998,90.410004,88.910004,90.389999,6600100,76.588417
"2017-10-03",90.440002,90.639999,89.019997,89.699997,4286900,76.003754
"2017-10-04",89.519997,90.440002,89.309998,89.900002,3251200,76.173233
"2017-10-05",89.690002,90.559998,89.480003,90.18,4382900,76.410469
"2017-10-06",90.199997,91.330002,89.949997,90.489998,3461800,76.673149
"2017-10-09",90.57,91.190002,90.150002,90.779999,4331500,76.918869
"2017-10-10",90.709999,91.220001,89.699997,91.169998,3560200,77.249306
"2017-10-11",91.470001,92.610001,90.970001,92.379997,6298500,78.274567
"2017-10-12",91.769997,91.989998,90.910004,91.419998,4818200,78.001534
"2017-10-13",91.410004,91.849998,90.540001,90.669998,6803900,77.36161
"2017-10-16",91.010002,91.989998,90.559998,91.040001,4640300,77.677307
"2017-10-17",91.089996,92.779999,90.949997,92.169998,5280500,78.641441
"2017-10-18",92.349998,96.440002,92.199997,96.040001,10979700,81.943405
"2017-10-19",95.5,96.620003,94.510002,96.480003,9303700,82.318832
"2017-10-20",96.779999,98.260002,94.889999,96.099998,6882600,81.994598
"2017-10-23",95.93,96,94.449997,94.510002,4483900,80.637978
"2017-10-24",94,94.139999,90.769997,91.690002,10301100,78.231911
"2017-10-25",91.779999,92.080002,90.730003,91.769997,6924800,78.300148
"2017-10-26",91.860001,91.860001,85.239998,89.559998,10307500,76.414513
"2017-10-27",92.699997,94.970001,90.75,91.93,9066300,78.436684
"2017-10-30",91.699997,92.059998,88.910004,90.959999,6526200,77.609055
"2017-10-31",90.879997,91.82,90.040001,90.25,7065600,77.00325
"2017-11-01",90.779999,93.339996,90.269997,92.440002,7048800,78.871811
"2017-11-02",92.080002,92.339996,90.190002,91.019997,4981900,77.66024
"2017-11-03",91.300003,92.559998,90.910004,92.309998,3620800,78.760895
"2017-11-06",92.220001,93.580002,91.419998,92.959999,5633600,79.315491
"2017-11-07",92.980003,95.68,92.959999,93.959999,7014000,80.168716
"2017-11-08",94.309998,96.370003,93.839996,95.709999,6802600,81.661842
"2017-11-09",95.290001,96.370003,95.260002,95.889999,5187000,81.815437
"2017-11-10",95.349998,95.940002,93.559998,95.43,6170100,81.422966
"2017-11-13",95.370003,95.419998,94.040001,95.120003,4035700,81.158455
"2017-11-14",94.639999,94.910004,93.120003,94.75,4717300,80.842758
"2017-11-15",94.629997,94.699997,92.720001,93.760002,4745700,79.998062
"2017-11-16",94.440002,95.169998,93.279999,94.470001,4301600,80.603867
"2017-11-17",93.800003,94.489998,93.57,93.610001,3386400,79.870094
"2017-11-20",93.919998,94.309998,92.889999,93.599998,4352200,79.861534
"2017-11-21",93.699997,95.400002,93.599998,94.68,4346200,80.78302
"2017-11-22",94.690002,95.400002,94.220001,94.470001,2560700,80.603867
"2017-11-24",94,94.970001,93.550003,94.720001,1932900,80.817169
"2017-11-27",94.690002,95.629997,94.440002,95.419998,3044600,81.414406
"2017-11-28",95.940002,96.889999,94.830002,95.419998,5105400,81.414406
"2017-11-29",95.760002,96.349998,95.029999,95.82,4081400,81.755707
"2017-11-30",96.360001,97.529999,96.209999,96.919998,7889600,82.694275
"2017-12-01",97.190002,98.519997,94.300003,96.32,4823200,82.182327
"2017-12-04",96.370003,96.650002,94.650002,95.220001,4934400,81.243767
"2017-12-05",96.279999,96.720001,95,95.410004,5553000,81.405891
"2017-12-06",95.699997,95.790001,93.470001,94.400002,5114200,80.544144
"2017-12-07",94.029999,94.57,92.900002,94.239998,4524500,80.407616
"2017-12-08",95.68,96.540001,94.620003,95.949997,5297000,81.866615
"2017-12-11",96.389999,97.309998,95.769997,96.470001,4181100,82.310295
"2017-12-12",95.720001,96.690002,94.760002,96.300003,4195200,82.16526
"2017-12-13",96.599998,98.870003,96.599998,97.349998,6148700,83.061142
"2017-12-14",97.330002,97.440002,95.650002,96.300003,3985800,82.16526
"2017-12-15",96.860001,97.879997,96.639999,97.449997,11564700,83.146477
"2017-12-18",97.669998,99.099998,97.550003,98.190002,4768300,83.777847
"2017-12-19",98.419998,98.550003,97.699997,97.919998,2817700,83.54747
"2017-12-20",97.860001,98.900002,97.220001,97.410004,3411900,83.112328
"2017-12-21",97.82,98.349998,97.720001,97.910004,2249500,83.53894
"2017-12-22",97.860001,98.690002,97.709999,98.209999,2835600,83.794907
"2017-12-26",98.150002,98.360001,97.050003,97.75,2363800,83.402428
"2017-12-27",97.730003,98.230003,97.440002,98.089996,1927300,83.692528
"2017-12-28",98.190002,98.389999,97.519997,97.790001,1870400,83.436554
"2017-12-29",98.139999,98.43,96.709999,96.709999,3214400,82.51506
