"dates","ANET.Open","ANET.High","ANET.Low","ANET.Close","ANET.Volume","ANET.Adjusted"
"2014-06-06",55.25,60,55,55,7255100,55
"2014-06-09",56.25,57,55,55.200001,716900,55.200001
"2014-06-10",55.25,60,55.25,60,986800,60
"2014-06-11",60,63.5,58.66,63.5,660500,63.5
"2014-06-12",63.650002,67.830002,63.07,66,729300,66
"2014-06-13",68.470001,72,67,69.580002,1065700,69.580002
"2014-06-16",71.220001,71.5,67.635002,71.5,417000,71.5
"2014-06-17",71.889999,72.629997,69,69.709999,278600,69.709999
"2014-06-18",70.07,71,67.879997,68.959999,208800,68.959999
"2014-06-19",68.029999,68.809998,64.510002,65.669998,651600,65.669998
"2014-06-20",65.050003,68.5,64.5,65.150002,294000,65.150002
"2014-06-23",65.019997,67.489998,65.019997,65.709999,116500,65.709999
"2014-06-24",66.349998,66.75,63.869999,64.279999,192800,64.279999
"2014-06-25",63.810001,65.358002,62,64.489998,186200,64.489998
"2014-06-26",64.809998,64.809998,62.5,63.810001,97100,63.810001
"2014-06-27",63.91,63.91,62.25,62.549999,244700,62.549999
"2014-06-30",62.07,65.199997,62.07,62.389999,232000,62.389999
"2014-07-01",66.970001,76.830002,66.099998,76,1658200,76
"2014-07-02",78.739998,80.529999,73.199997,75.349998,1126500,75.349998
"2014-07-03",76.440002,77.626999,74.099998,76.410004,243900,76.410004
"2014-07-07",75.160004,77.290001,72.029999,72.169998,316600,72.169998
"2014-07-08",71.93,72.050003,63.139999,69.43,1178700,69.43
"2014-07-09",69.300003,72.900002,66.010002,71.900002,372000,71.900002
"2014-07-10",67.519997,70.139999,67.124001,67.739998,296800,67.739998
"2014-07-11",68.800003,70.5,68.349998,69.629997,191700,69.629997
"2014-07-14",71.400002,72,68.529999,68.949997,131000,68.949997
"2014-07-15",69.449997,70.559998,66,66.690002,226100,66.690002
"2014-07-16",67.07,68,63.610001,64.529999,247700,64.529999
"2014-07-17",63.889999,65.620003,63.110001,63.759998,130200,63.759998
"2014-07-18",64.029999,64.900002,63.349998,64,123700,64
"2014-07-21",64.129997,64.730003,63.009998,63.23,143700,63.23
"2014-07-22",63.759998,66.959999,63.459999,65.510002,235900,65.510002
"2014-07-23",65.889999,66.68,64.400002,64.82,147900,64.82
"2014-07-24",65.110001,66.160004,63.77,64.25,182600,64.25
"2014-07-25",64.150002,64.779999,62.509998,63.639999,115600,63.639999
"2014-07-28",64.519997,64.543999,63.029999,63.41,67400,63.41
"2014-07-29",63.59,64.050003,63.150002,63.849998,106400,63.849998
"2014-07-30",64.480003,67.900002,63.970001,67.790001,608100,67.790001
"2014-07-31",66.339996,67,65.110001,66.120003,257700,66.120003
"2014-08-01",65.82,67.5,65.25,65.610001,193700,65.610001
"2014-08-04",65.989998,69.5,65.68,69.230003,255600,69.230003
"2014-08-05",68.830002,73,68.019997,72.089996,402400,72.089996
"2014-08-06",71.379997,72.5,69.529999,70.82,225600,70.82
"2014-08-07",71.769997,72.660004,71.183998,72.220001,412600,72.220001
"2014-08-08",79.25,79.879997,71.5,72.029999,1426400,72.029999
"2014-08-11",72.690002,73.400002,67.309998,69.860001,740100,69.860001
"2014-08-12",69.480003,71.685997,69.480003,71.110001,223000,71.110001
"2014-08-13",71.139999,71.970001,69.337997,69.839996,273500,69.839996
"2014-08-14",69.730003,71.699997,68.800003,70.809998,266600,70.809998
"2014-08-15",71.419998,71.419998,69.379997,69.82,141600,69.82
"2014-08-18",70.849998,71.370003,69.25,70.510002,175900,70.510002
"2014-08-19",70.739998,75.18,70.165001,75,478100,75
"2014-08-20",74.330002,77.268997,72.901001,76.400002,395900,76.400002
"2014-08-21",75.879997,78.389999,75.330002,77.349998,435300,77.349998
"2014-08-22",76.489998,76.959999,75.25,75.620003,177600,75.620003
"2014-08-25",76.050003,77.440002,74.809998,75.580002,177400,75.580002
"2014-08-26",75.440002,76.769997,74.665001,76.169998,162700,76.169998
"2014-08-27",75.989998,83.470001,75.970001,83.160004,724200,83.160004
"2014-08-28",82.959999,83.889999,81.57,83.449997,343300,83.449997
"2014-08-29",84.889999,85.789001,82.739998,83.849998,330500,83.849998
"2014-09-02",85.139999,86.68,84.230003,86.099998,329600,86.099998
"2014-09-03",87.160004,87.559998,84.910004,85.610001,335300,85.610001
"2014-09-04",85.410004,89.300003,85.190002,87.489998,322700,87.489998
"2014-09-05",87.419998,91.330002,86.129997,91.120003,234800,91.120003
"2014-09-08",91.150002,93.940002,85.690002,87.660004,740400,87.660004
"2014-09-09",88,88.882004,83.779999,84.279999,339900,84.279999
"2014-09-10",84.989998,88.839996,83.139999,88.75,330800,88.75
"2014-09-11",88.099998,90.889999,87.639999,88.75,180100,88.75
"2014-09-12",88.889999,89.410004,85,86.269997,195100,86.269997
"2014-09-15",87.32,88.25,82.540001,82.830002,410000,82.830002
"2014-09-16",82.269997,85.339996,80.800003,84,268500,84
"2014-09-17",84.790001,85.940002,83.220001,83.510002,200800,83.510002
"2014-09-18",84.5,86.440002,84.029999,86.129997,235500,86.129997
"2014-09-19",86.940002,87.650002,84.900002,87.650002,522200,87.650002
"2014-09-22",86.889999,88.650002,83.559998,83.839996,454400,83.839996
"2014-09-23",83.440002,86.309998,83.059998,84.470001,294800,84.470001
"2014-09-24",83.199997,87.900002,83.199997,87.110001,280400,87.110001
"2014-09-25",86.709999,88.440002,83.82,84.300003,329500,84.300003
"2014-09-26",84.349998,85.915001,84.339996,85.129997,289600,85.129997
"2014-09-29",84.459999,93.75,84,93.309998,760300,93.309998
"2014-09-30",93.559998,94.839996,86.610001,88.330002,1101300,88.330002
"2014-10-01",88.040001,88.529999,83.120003,84.059998,602800,84.059998
"2014-10-02",84.449997,85.050003,79.620003,84.230003,479400,84.230003
"2014-10-03",85.779999,87.110001,83.470001,85.730003,344700,85.730003
"2014-10-06",85.980003,86.580002,82.809998,84.68,361500,84.68
"2014-10-07",83.129997,84.480003,82.214996,82.809998,450200,82.809998
"2014-10-08",84.330002,88.919998,83.040001,88.440002,592400,88.440002
"2014-10-09",88.440002,90.25,84.654999,85.82,521100,85.82
"2014-10-10",84.629997,86.709999,77.769997,78.129997,1369300,78.129997
"2014-10-13",78.580002,79.620003,73.305,73.690002,604200,73.690002
"2014-10-14",74,75.379997,70.300003,73.519997,696200,73.519997
"2014-10-15",73,75.720001,71,75.050003,604300,75.050003
"2014-10-16",74.489998,76.220001,73.400002,74.57,586700,74.57
"2014-10-17",75.93,77.489998,75.870003,76.720001,648100,76.720001
"2014-10-20",77.419998,79.25,75.419998,76.389999,293000,76.389999
"2014-10-21",78.309998,78.379997,76.809998,77.510002,348300,77.510002
"2014-10-22",78,78.150002,71.68,72.18,498800,72.18
"2014-10-23",73.269997,75.389999,72.260002,73.839996,507000,73.839996
"2014-10-24",73.800003,74.989998,72.75,74.93,279600,74.93
"2014-10-27",74.699997,74.699997,73.099998,73.360001,205300,73.360001
"2014-10-28",73.540001,74.306,72.559998,73.839996,432600,73.839996
"2014-10-29",73.849998,75.599998,72.230003,73.029999,318500,73.029999
"2014-10-30",73.300003,75,73.089996,73.889999,307900,73.889999
"2014-10-31",74.839996,82.931999,74.599998,81.25,647600,81.25
"2014-11-03",84.75,86,81.360001,85.690002,501100,85.690002
"2014-11-04",85.690002,87.209999,82.559998,86.389999,578400,86.389999
"2014-11-05",89.279999,89.889999,82.769997,84.120003,760700,84.120003
"2014-11-06",85.419998,87.300003,83.199997,87.25,722000,87.25
"2014-11-07",78.849998,81.050003,76.5,77.830002,1650800,77.830002
"2014-11-10",78.025002,80.339996,76.610001,76.790001,751000,76.790001
"2014-11-11",74.540001,79.379997,74,78.739998,1486800,78.739998
"2014-11-12",78.739998,79.379997,76.5,77.239998,570900,77.239998
"2014-11-13",77,78.75,76.230003,76.970001,377700,76.970001
"2014-11-14",76.970001,77.739998,76.510002,77.690002,324300,77.690002
"2014-11-17",76.639999,77.150002,75.82,76.699997,371800,76.699997
"2014-11-18",76.699997,77.449997,76.309998,76.800003,316300,76.800003
"2014-11-19",76.199997,77.309998,76.199997,77,381200,77
"2014-11-20",76.370003,76.370003,74.669998,75.18,601000,75.18
"2014-11-21",75.5,76.25,74.050003,74.150002,422300,74.150002
"2014-11-24",74.25,74.690002,72.660004,72.940002,425500,72.940002
"2014-11-25",73.330002,74.805,73,73.739998,422000,73.739998
"2014-11-26",74.900002,77.899002,74.449997,76.150002,528000,76.150002
"2014-11-28",76.68,76.925003,75.559998,75.870003,206800,75.870003
"2014-12-01",74,75.349998,71.349998,71.580002,733700,71.580002
"2014-12-02",71.470001,72.5,67.580002,69.419998,1054700,69.419998
"2014-12-03",69.419998,72.959999,69.209999,72.629997,1082700,72.629997
"2014-12-04",72.699997,74,71.660004,73.529999,335900,73.529999
"2014-12-05",73.25,74.5,67.699997,68.239998,1853000,68.239998
"2014-12-08",67.610001,67.610001,59.16,64.82,2972400,64.82
"2014-12-09",63.599998,66.349998,63.419998,66.190002,751900,66.190002
"2014-12-10",65.980003,66.300003,64.839996,65.169998,632100,65.169998
"2014-12-11",65.5,68.160004,65.5,67.900002,699500,67.900002
"2014-12-12",66.639999,68.708,66,67.949997,636600,67.949997
"2014-12-15",67.18,67.889999,66.940002,67.389999,498300,67.389999
"2014-12-16",67.029999,68.860001,66.559998,68.339996,6e+05,68.339996
"2014-12-17",68.150002,69.400002,66.830002,67.279999,606600,67.279999
"2014-12-18",67.860001,68.300003,66,66.769997,1119800,66.769997
"2014-12-19",67.300003,68.919998,66.300003,66.529999,629500,66.529999
"2014-12-22",66.099998,66.389999,63.610001,65.269997,737700,65.269997
"2014-12-23",65.339996,65.900002,63.450001,64.699997,539500,64.699997
"2014-12-24",64.910004,65.290001,64.410004,65,274400,65
"2014-12-26",65.809998,65.809998,63.889999,65.25,385900,65.25
"2014-12-29",65.220001,65.639999,61.220001,61.57,766800,61.57
"2014-12-30",61.09,62.5,60.290001,60.639999,604800,60.639999
"2014-12-31",60.700001,61.91,60.700001,60.759998,357100,60.759998
"2015-01-02",60.759998,62.875,60.16,62.68,370500,62.68
"2015-01-05",63,64.75,62.049999,63.799999,469100,63.799999
"2015-01-06",64,64.910004,62.209999,63.810001,360600,63.810001
"2015-01-07",64.389999,65.5,63.98,65.139999,410000,65.139999
"2015-01-08",65.709999,66.830002,64.856003,66.120003,474500,66.120003
"2015-01-09",66.029999,66.75,65.639999,66.419998,252800,66.419998
"2015-01-12",66.080002,66.419998,65.400002,66.07,436400,66.07
"2015-01-13",66.07,66.07,64.010002,65.269997,618300,65.269997
"2015-01-14",64.5,65.139999,64,65.059998,350200,65.059998
"2015-01-15",65.550003,65.82,63.014999,63.209999,440500,63.209999
"2015-01-16",62.48,64.800003,62.200001,64.540001,368300,64.540001
"2015-01-20",64.540001,65.669998,63.976002,65.470001,281400,65.470001
"2015-01-21",65.470001,66.220001,64.07,64.279999,253200,64.279999
"2015-01-22",64.080002,64.43,62.75,63.5,377200,63.5
"2015-01-23",63.5,64.690002,62.82,63.41,470500,63.41
"2015-01-26",63.41,64.349998,62.220001,64.349998,311500,64.349998
"2015-01-27",63.889999,64.114998,62.77,63.619999,166200,63.619999
"2015-01-28",64.099998,66.230003,63.709999,65.43,530800,65.43
"2015-01-29",65.809998,66.870003,61.66,63.459999,640900,63.459999
"2015-01-30",62.59,63.43,62.32,63.119999,456800,63.119999
"2015-02-02",62.959999,63.790001,61.5,62.66,412300,62.66
"2015-02-03",62.639999,63.330002,62.529999,62.709999,241600,62.709999
"2015-02-04",61.5,61.973999,59.799999,60.860001,660700,60.860001
"2015-02-05",60.860001,61.958,60.185001,60.5,250600,60.5
"2015-02-06",60.400002,60.439999,56.110001,56.709999,874000,56.709999
"2015-02-09",56.509998,60,56.501999,60,609800,60
"2015-02-10",60,65.949997,59.630001,63.07,1226500,63.07
"2015-02-11",62.560001,62.98,60.630001,61.509998,341000,61.509998
"2015-02-12",61.950001,61.950001,60.080002,60.990002,396800,60.990002
"2015-02-13",60.959999,63.939999,60.875,62.93,319600,62.93
"2015-02-17",63.830002,64.900002,63.400002,63.990002,229100,63.990002
"2015-02-18",63.860001,65.18,62.599998,65.18,362800,65.18
"2015-02-19",65.489998,68,65.25,67.989998,1186700,67.989998
"2015-02-20",72.209999,74,67.900002,68.5,3548000,68.5
"2015-02-23",69.949997,71.400002,68.300003,69.050003,1081300,69.050003
"2015-02-24",67.949997,68.5,66.25,66.349998,1960600,66.349998
"2015-02-25",66.349998,68.080002,66.230003,67.029999,995300,67.029999
"2015-02-26",67.379997,68.839996,67.150002,68.769997,843000,68.769997
"2015-02-27",68.870003,70,68.5,69.209999,728100,69.209999
"2015-03-02",69,69.889999,68.160004,69.07,530600,69.07
"2015-03-03",69,70,68.010002,69.389999,778900,69.389999
"2015-03-04",68.760002,69.18,67.120003,67.419998,623200,67.419998
"2015-03-05",67.669998,69.610001,67.120003,69.279999,703500,69.279999
"2015-03-06",68.5,68.910004,66.940002,67.889999,548700,67.889999
"2015-03-09",68.110001,68.989998,67.690002,68.489998,670000,68.489998
"2015-03-10",67.949997,68.519997,67.792,68.019997,361700,68.019997
"2015-03-11",68.660004,68.989998,67.739998,68.790001,495200,68.790001
"2015-03-12",68.410004,69.629997,67.93,68.93,428800,68.93
"2015-03-13",68.739998,69.440002,68.550003,69.050003,818300,69.050003
"2015-03-16",69,71.699997,68.860001,71.529999,1230100,71.529999
"2015-03-17",71.75,74.230003,71.400002,73.650002,1885200,73.650002
"2015-03-18",74.32,74.440002,72.739998,74.230003,839900,74.230003
"2015-03-19",74,74.519997,72.599998,73.25,851200,73.25
"2015-03-20",73.580002,73.720001,71.400002,71.900002,2589400,71.900002
"2015-03-23",71.879997,73.209999,70.940002,72.650002,540100,72.650002
"2015-03-24",71.290001,71.629997,70.019997,70.120003,1072000,70.120003
"2015-03-25",70.550003,70.75,67.760002,68.720001,705800,68.720001
"2015-03-26",67.389999,69.139999,66.93,68.830002,614300,68.830002
"2015-03-27",68.190002,69.050003,67.519997,67.879997,307700,67.879997
"2015-03-30",68.220001,68.660004,67.099998,68.519997,332300,68.519997
"2015-03-31",68.389999,70.650002,67,70.529999,611300,70.529999
"2015-04-01",69.779999,70.165001,68.190002,69.620003,611200,69.620003
"2015-04-02",67.330002,67.5,65.519997,66.010002,1741700,66.010002
"2015-04-06",66.150002,66.669998,65.275002,65.790001,638400,65.790001
"2015-04-07",66,67.18,65.699997,66.160004,410500,66.160004
"2015-04-08",66.25,66.5,64.800003,66.110001,414300,66.110001
"2015-04-09",65.730003,67.220001,65.25,65.629997,340200,65.629997
"2015-04-10",65.529999,65.730003,64.349998,65.25,547100,65.25
"2015-04-13",65.470001,66.690002,65.43,66.139999,420500,66.139999
"2015-04-14",66,67.25,66,66.32,388300,66.32
"2015-04-15",66.559998,67.790001,66,67.790001,526800,67.790001
"2015-04-16",67.510002,67.675003,65.519997,65.669998,483500,65.669998
"2015-04-17",65.309998,65.690002,64.800003,64.970001,488700,64.970001
"2015-04-20",65.370003,65.685997,63.650002,65.07,534600,65.07
"2015-04-21",65.489998,67.239998,65.480003,65.870003,431700,65.870003
"2015-04-22",65.860001,66.632004,65.220001,66.269997,251400,66.269997
"2015-04-23",66.07,66.900002,65.449997,66.150002,328900,66.150002
"2015-04-24",66.970001,69.459999,65.959999,66.389999,319400,66.389999
"2015-04-27",66.75,66.949997,64.559998,64.599998,394800,64.599998
"2015-04-28",64.82,66.370003,63.66,65.709999,333600,65.709999
"2015-04-29",65.669998,66.139999,64.440002,64.760002,602900,64.760002
"2015-04-30",64.559998,65,63.799999,64.010002,349900,64.010002
"2015-05-01",64.080002,64.839996,63.25,64.709999,279400,64.709999
"2015-05-04",64.239998,65.290001,63.779999,64.650002,311800,64.650002
"2015-05-05",64.660004,65,63.5,63.82,261600,63.82
"2015-05-06",64,64.57,63.16,63.529999,317100,63.529999
"2015-05-07",63.470001,65.550003,63.470001,64.949997,273300,64.949997
"2015-05-08",65.199997,66,65.019997,65.800003,241100,65.800003
"2015-05-11",65.949997,67.769997,65.760002,67.650002,287200,67.650002
"2015-05-12",67.019997,67.458,65.385002,65.849998,783100,65.849998
"2015-05-13",66.199997,66.580002,66.029999,66.309998,459100,66.309998
"2015-05-14",66.989998,69,66.099998,68.910004,1353000,68.910004
"2015-05-15",66.379997,67.400002,64.050003,65.419998,2127000,65.419998
"2015-05-18",65.400002,67.879997,65.125,67.730003,740400,67.730003
"2015-05-19",67.879997,68.470001,67.050003,67.550003,498400,67.550003
"2015-05-20",67.559998,67.919998,66.889999,67.480003,482500,67.480003
"2015-05-21",67.5,68.449997,67.162003,67.910004,511700,67.910004
"2015-05-22",67.879997,68.959999,67.760002,68.870003,457800,68.870003
"2015-05-26",69,69.800003,68.32,68.75,1001000,68.75
"2015-05-27",68.510002,68.970001,67.940002,68.169998,445700,68.169998
"2015-05-28",68.260002,69.400002,68,69.050003,405500,69.050003
"2015-05-29",69.120003,69.910004,68.779999,69.910004,795500,69.910004
"2015-06-01",69.949997,70,69.239998,69.809998,504000,69.809998
"2015-06-02",69.68,71.75,69.129997,71.610001,786900,71.610001
"2015-06-03",72.080002,74.870003,71.751999,74.849998,1717100,74.849998
"2015-06-04",74.559998,74.940002,73.642998,73.989998,679800,73.989998
"2015-06-05",73.599998,77.900002,73.5,77.089996,1422600,77.089996
"2015-06-08",78.150002,79.419998,77.080002,78.730003,1136400,78.730003
"2015-06-09",78.889999,79.809998,78.260002,79.779999,661700,79.779999
"2015-06-10",79.779999,81.489998,78.559998,81.010002,1277700,81.010002
"2015-06-11",81.5,81.714996,79.540001,80.339996,602400,80.339996
"2015-06-12",79.910004,81.699997,78.681999,81.160004,758500,81.160004
"2015-06-15",80.940002,83.949997,80.360001,83.239998,992700,83.239998
"2015-06-16",83.440002,85.839996,83.360001,84.970001,974400,84.970001
"2015-06-17",85.860001,86.629997,84.18,85.720001,878900,85.720001
"2015-06-18",86.160004,87.879997,85.959999,87.07,1070200,87.07
"2015-06-19",87,87.480003,86.120003,86.709999,1158400,86.709999
"2015-06-22",87.110001,88.300003,85.760002,87.68,793200,87.68
"2015-06-23",87.550003,88.309998,86.900002,87.459999,586600,87.459999
"2015-06-24",87.629997,88.559998,85.559998,87.209999,741100,87.209999
"2015-06-25",87.660004,87.660004,85.059998,85.360001,800100,85.360001
"2015-06-26",84.489998,84.830002,81.43,82.239998,2823700,82.239998
"2015-06-29",81,83.269997,80.540001,80.959999,1068000,80.959999
"2015-06-30",82,82.514999,81.32,81.739998,646000,81.739998
"2015-07-01",82.599998,83.5,81.589996,81.839996,599300,81.839996
"2015-07-02",82.190002,83,81.370003,81.860001,511400,81.860001
"2015-07-06",81.519997,82.239998,80.099998,80.82,809800,80.82
"2015-07-07",81,81.931999,76.620003,79.849998,1006300,79.849998
"2015-07-08",79.389999,79.389999,77.010002,77.489998,735500,77.489998
"2015-07-09",78.940002,79.400002,78,78.290001,465200,78.290001
"2015-07-10",79.339996,80.75,78.75,80.529999,397900,80.529999
"2015-07-13",81.190002,81.550003,78.510002,79.470001,492700,79.470001
"2015-07-14",80.290001,82.07,79.5,81.550003,478400,81.550003
"2015-07-15",81.360001,82.849998,81.349998,81.879997,503100,81.879997
"2015-07-16",82.800003,84.610001,82.029999,83.93,782000,83.93
"2015-07-17",84.290001,84.779999,83.800003,84.699997,464900,84.699997
"2015-07-20",85,86.169998,83.480003,84.059998,515600,84.059998
"2015-07-21",84.269997,84.68,83.07,83.580002,350000,83.580002
"2015-07-22",83.029999,85.800003,82.68,85.199997,573600,85.199997
"2015-07-23",85.199997,88.25,83.760002,84.190002,817800,84.190002
"2015-07-24",84.900002,86.695,84.5,84.720001,448400,84.720001
"2015-07-27",85.25,85.25,82.269997,82.739998,349700,82.739998
"2015-07-28",82.959999,83.889999,80.410004,80.75,645600,80.75
"2015-07-29",81.010002,81.919998,79.101997,80.410004,734100,80.410004
"2015-07-30",80.540001,85.050003,79.889999,84.970001,544800,84.970001
"2015-07-31",85.809998,85.830002,83.650002,84.470001,591000,84.470001
"2015-08-03",84.290001,84.709999,83.209999,84.629997,399200,84.629997
"2015-08-04",84.139999,84.529999,82.285004,82.940002,443700,82.940002
"2015-08-05",83.209999,85.599998,83.209999,84.589996,446000,84.589996
"2015-08-06",84.059998,84.877998,81.239998,81.580002,1203000,81.580002
"2015-08-07",82.660004,87.599998,81.68,84.080002,2246300,84.080002
"2015-08-10",84.5,85.5,81.699997,83.519997,792400,83.519997
"2015-08-11",82.790001,83.610001,78.410004,79.519997,793000,79.519997
"2015-08-12",79.120003,80.93,78.013,80.349998,597800,80.349998
"2015-08-13",80.449997,81.970001,80.360001,81.389999,327200,81.389999
"2015-08-14",81.220001,81.989998,79.910004,80.800003,345300,80.800003
"2015-08-17",79.779999,82.57,79.440002,81.980003,334100,81.980003
"2015-08-18",81.989998,81.989998,79.839996,79.879997,400400,79.879997
"2015-08-19",78.32,80.580002,77.690002,79.540001,395500,79.540001
"2015-08-20",79.260002,79.519997,73.989998,74.089996,669300,74.089996
"2015-08-21",72.839996,76.300003,71.25,73.970001,853100,73.970001
"2015-08-24",70.010002,71.620003,63.360001,71.620003,1249900,71.620003
"2015-08-25",73.190002,74.940002,72.010002,72.050003,407100,72.050003
"2015-08-26",73.669998,74.839996,72.5,74.669998,548500,74.669998
"2015-08-27",75.099998,76.580002,74.290001,75.239998,419900,75.239998
"2015-08-28",75.989998,76.900002,74.716003,76.370003,295300,76.370003
"2015-08-31",75.919998,76.269997,74.220001,74.790001,308000,74.790001
"2015-09-01",73.300003,74.519997,71.720001,71.910004,629400,71.910004
"2015-09-02",73.010002,73.689003,70.5,73.199997,704700,73.199997
"2015-09-03",73.75,74.860001,73.040001,73.959999,589200,73.959999
"2015-09-04",73.129997,75.360001,73.129997,74.870003,579400,74.870003
"2015-09-08",75.669998,78.769997,75.400002,78.260002,803300,78.260002
"2015-09-09",78.5,78.5,73.790001,74.029999,795800,74.029999
"2015-09-10",73.730003,74.389999,69.629997,69.879997,1170000,69.879997
"2015-09-11",69.169998,69.209999,61.060001,64.459999,3455200,64.459999
"2015-09-14",65.459999,66.480003,62.685001,63.189999,1505600,63.189999
"2015-09-15",64.019997,65.260002,62.040001,63.5,981100,63.5
"2015-09-16",64,64.389999,62.187,63.509998,1066900,63.509998
"2015-09-17",63.759998,66,63.599998,64.730003,1119000,64.730003
"2015-09-18",64.309998,67.93,64.302002,66.879997,2298700,66.879997
"2015-09-21",67.720001,67.849998,65.110001,66.669998,1139200,66.669998
"2015-09-22",65.610001,66.989998,65.089996,66.360001,957900,66.360001
"2015-09-23",66.279999,66.440002,64.989998,65.519997,845000,65.519997
"2015-09-24",65.540001,65.919998,63.599998,65,1051800,65
"2015-09-25",65.290001,65.830002,63.119999,63.5,719700,63.5
"2015-09-28",63.5,64.849998,61.330002,62.240002,1191200,62.240002
"2015-09-29",62.529999,63.279999,60.095001,60.869999,515600,60.869999
"2015-09-30",61.200001,61.549999,60.490002,61.189999,500800,61.189999
"2015-10-01",61.119999,61.709999,59.700001,61,709800,61
"2015-10-02",60.43,62.900002,60.380001,62.799999,537100,62.799999
"2015-10-05",63.450001,64.410004,63.150002,63.91,679100,63.91
"2015-10-06",63.740002,69,61.740002,67.379997,1722000,67.379997
"2015-10-07",67.349998,68.959999,65.82,66.970001,820500,66.970001
"2015-10-08",66.5,67.720001,65.589996,66.75,449000,66.75
"2015-10-09",67.07,67.540001,65.402,67.209999,399200,67.209999
"2015-10-12",67.260002,67.660004,65.800003,66.599998,499400,66.599998
"2015-10-13",65.75,68.029999,65.559998,65.669998,493200,65.669998
"2015-10-14",65.779999,66.050003,64.800003,64.93,464400,64.93
"2015-10-15",66.230003,67.970001,65.68,67.300003,488600,67.300003
"2015-10-16",67.449997,67.830002,66.800003,67.599998,281400,67.599998
"2015-10-19",67.510002,67.910004,65.690002,65.949997,308600,65.949997
"2015-10-20",65.879997,67.339996,64.279999,64.660004,604700,64.660004
"2015-10-21",65.010002,65.309998,62.990002,64.470001,463200,64.470001
"2015-10-22",64.389999,67.75,64.389999,67.129997,515700,67.129997
"2015-10-23",67.800003,69,67.400002,68.400002,608100,68.400002
"2015-10-26",68.199997,68.690002,67.400002,67.970001,224400,67.970001
"2015-10-27",67.650002,68.720001,65.620003,65.900002,392800,65.900002
"2015-10-28",65.959999,66.845001,65.059998,66.010002,520900,66.010002
"2015-10-29",65.57,65.879997,64.431,65.160004,585500,65.160004
"2015-10-30",65.599998,66.160004,64.099998,64.510002,489300,64.510002
"2015-11-02",62.5,63.25,58.77,61.900002,1177400,61.900002
"2015-11-03",61.900002,62.580002,60.259998,62.23,869300,62.23
"2015-11-04",62.43,63.470001,62.242001,63,592700,63
"2015-11-05",62.68,63.040001,61.415001,61.959999,1227400,61.959999
"2015-11-06",65.050003,71.949997,64.800003,70.459999,3089500,70.459999
"2015-11-09",71.040001,72.620003,65.540001,68.900002,1231800,68.900002
"2015-11-10",68.400002,68.900002,67.800003,68.900002,481800,68.900002
"2015-11-11",68.889999,68.970001,67.150002,67.25,424900,67.25
"2015-11-12",66.970001,67.720001,65.459999,65.879997,460600,65.879997
"2015-11-13",65.559998,66.370003,64.660004,65.190002,438400,65.190002
"2015-11-16",65.110001,68,64.800003,67.879997,424000,67.879997
"2015-11-17",67.889999,69.870003,67.589996,69.150002,682400,69.150002
"2015-11-18",68.730003,69.739998,68.364998,69.690002,483900,69.690002
"2015-11-19",69.440002,71.75,69.040001,71.43,541100,71.43
"2015-11-20",71.540001,72.730003,71.209999,71.419998,498500,71.419998
"2015-11-23",71.300003,74.300003,71.269997,73.970001,679500,73.970001
"2015-11-24",73.389999,75,73.059998,74.68,483300,74.68
"2015-11-25",74.519997,74.830002,73.019997,73.760002,463600,73.760002
"2015-11-27",73.970001,73.970001,72.480003,73,138300,73
"2015-11-30",73.580002,73.980003,72.75,73.519997,415500,73.519997
"2015-12-01",73.730003,74.5,72.199997,74.300003,295500,74.300003
"2015-12-02",74.519997,75.910004,74.120003,75.32,435000,75.32
"2015-12-03",75.349998,75.980003,74.860001,75.220001,541600,75.220001
"2015-12-04",75.129997,75.184998,72.589996,74.199997,273900,74.199997
"2015-12-07",73.889999,74.889999,72.720001,74.220001,380700,74.220001
"2015-12-08",73.260002,73.830002,71.57,73.199997,455300,73.199997
"2015-12-09",73.419998,73.790001,71.589996,71.839996,297900,71.839996
"2015-12-10",72.5,72.699997,69.769997,70.5,326000,70.5
"2015-12-11",70,70.824997,67.349998,67.540001,494400,67.540001
"2015-12-14",67.779999,72.709999,67.709999,70.379997,1051400,70.379997
"2015-12-15",70.709999,72.315002,70,71.809998,536400,71.809998
"2015-12-16",71.309998,72.300003,70.18,71.599998,737900,71.599998
"2015-12-17",72.080002,73.610001,71.5,72.860001,725300,72.860001
"2015-12-18",72.769997,73,69.910004,70.269997,3478500,70.269997
"2015-12-21",70.669998,71.650002,70.160004,71.559998,503600,71.559998
"2015-12-22",71.489998,73.57,71.139999,72.75,489100,72.75
"2015-12-23",73.199997,74.779999,72.75,74.75,533700,74.75
"2015-12-24",74.389999,75.209999,74.389999,75.010002,273000,75.010002
"2015-12-28",74.589996,78.739998,74.510002,78.040001,1227000,78.040001
"2015-12-29",78,79.440002,77.580002,78.699997,825300,78.699997
"2015-12-30",78.419998,79.379997,78,78.75,660200,78.75
"2015-12-31",78.220001,79.434998,77.730003,77.839996,464600,77.839996
"2016-01-04",77.849998,78,75.760002,77.400002,1037900,77.400002
"2016-01-05",78.18,79.224998,77.349998,78.279999,816200,78.279999
"2016-01-06",77.529999,78.175003,72.220001,73.529999,1331900,73.529999
"2016-01-07",72.199997,72.459999,67.760002,68.75,1005600,68.75
"2016-01-08",69.839996,70.860001,68.190002,68.870003,751100,68.870003
"2016-01-11",69.489998,69.489998,66.374001,68.010002,592400,68.010002
"2016-01-12",68.82,69.669998,65.065002,66.480003,585100,66.480003
"2016-01-13",66.940002,67.919998,63.810001,64.709999,609700,64.709999
"2016-01-14",65.629997,66.330002,63.759998,65.389999,643000,65.389999
"2016-01-15",64.029999,65.120003,62.200001,64.849998,646400,64.849998
"2016-01-19",65.5,65.610001,61.869999,62.599998,798000,62.599998
"2016-01-20",61.630001,63.43,59.450001,63.360001,1019900,63.360001
"2016-01-21",63.150002,64.309998,62.035,62.540001,583400,62.540001
"2016-01-22",63.310001,65.339996,63.242001,64.330002,495300,64.330002
"2016-01-25",64.330002,64.349998,59.830002,59.900002,1105500,59.900002
"2016-01-26",60.040001,61.380001,58.540001,60.009998,1028300,60.009998
"2016-01-27",61.5,62.362999,60.740002,60.849998,685100,60.849998
"2016-01-28",61.349998,61.630001,58.349998,59.450001,795300,59.450001
"2016-01-29",59.959999,60.18,59.099998,60.029999,795900,60.029999
"2016-02-01",59.560001,59.560001,57.009998,59.259998,993200,59.259998
"2016-02-02",59,60.75,53.52,57.639999,1668800,57.639999
"2016-02-03",58.779999,62.48,58.5,61.950001,1429600,61.950001
"2016-02-04",61.869999,63.279999,61.59,62.369999,703300,62.369999
"2016-02-05",62.049999,62.049999,59.029999,59.220001,698800,59.220001
"2016-02-08",58.279999,58.470001,52.669998,53.959999,1307800,53.959999
"2016-02-09",53.549999,54.994999,52.505001,53,980900,53
"2016-02-10",53.529999,55.18,52.847,53.57,719800,53.57
"2016-02-11",53.130001,54.900002,52.77,54.369999,834500,54.369999
"2016-02-12",55,56.700001,54.669998,56.240002,469200,56.240002
"2016-02-16",57.099998,59.330002,57.099998,59.150002,960900,59.150002
"2016-02-17",59.5,61.119999,58.869999,59.860001,769900,59.860001
"2016-02-18",60.139999,60.380001,57.73,58.150002,1667100,58.150002
"2016-02-19",61.990002,67.25,61.57,65,4317300,65
"2016-02-22",66,66.669998,65.050003,65.400002,885300,65.400002
"2016-02-23",65.900002,67.059998,65.050003,65.959999,701200,65.959999
"2016-02-24",66.349998,67.529999,65.07,67.43,803700,67.43
"2016-02-25",67.720001,68.870003,66.529999,67.660004,603200,67.660004
"2016-02-26",67.5,69.370003,67.230003,69.019997,712700,69.019997
"2016-02-29",69.010002,69.989998,68.5,68.540001,629100,68.540001
"2016-03-01",68.769997,69.269997,66.75,69.239998,557800,69.239998
"2016-03-02",68.089996,68.190002,66.25,66.699997,934700,66.699997
"2016-03-03",66.239998,67.592003,65.154999,67.099998,1004800,67.099998
"2016-03-04",67.139999,67.699997,64.230003,64.25,994800,64.25
"2016-03-07",64.160004,65.629997,63.060001,64.400002,2063500,64.400002
"2016-03-08",64.190002,64.459999,61.759998,61.880001,844900,61.880001
"2016-03-09",62.529999,64.089996,61.939999,63.740002,737600,63.740002
"2016-03-10",63.610001,65.099998,60.360001,61.110001,1048700,61.110001
"2016-03-11",61.419998,63.029999,61.200001,62.810001,665600,62.810001
"2016-03-14",61.82,61.82,55.650002,56.529999,3251500,56.529999
"2016-03-15",56.529999,57.32,56.02,56.099998,1183300,56.099998
"2016-03-16",55.52,58.330002,55.000999,57.759998,1193800,57.759998
"2016-03-17",57.540001,59.029999,56.25,58.509998,822900,58.509998
"2016-03-18",58.459999,59.48,58.080002,58.369999,864400,58.369999
"2016-03-21",58.75,61.330002,58.27,60.799999,1370900,60.799999
"2016-03-22",60.09,60.659,59.41,59.509998,707000,59.509998
"2016-03-23",59.48,60.689999,59,59.470001,716700,59.470001
"2016-03-24",58.73,59.950001,58.419998,59.009998,457200,59.009998
"2016-03-28",59.34,59.889999,58.439999,59.080002,578500,59.080002
"2016-03-29",59.189999,62.41,57.889999,61.889999,1074000,61.889999
"2016-03-30",62.689999,62.779999,61.150002,62.41,948000,62.41
"2016-03-31",62.34,63.974998,61.77,63.099998,607600,63.099998
"2016-04-01",62.369999,63,60.599998,62.139999,846700,62.139999
"2016-04-04",62.200001,63.790001,61.950001,63.369999,594600,63.369999
"2016-04-05",63.07,63.5,61.790001,62.619999,600500,62.619999
"2016-04-06",62.919998,65,62.240002,64.940002,722000,64.940002
"2016-04-07",64.68,65.199997,63.200001,64.120003,670400,64.120003
"2016-04-08",64.540001,66.190002,63.990002,65.010002,554500,65.010002
"2016-04-11",64.959999,65.199997,63.52,63.560001,463600,63.560001
"2016-04-12",63.139999,63.594002,61.549999,61.869999,651600,61.869999
"2016-04-13",62.580002,64.760002,61.890999,64.669998,448300,64.669998
"2016-04-14",64.400002,64.959999,63.060001,64.489998,283000,64.489998
"2016-04-15",63.869999,64.019997,62.650002,63.389999,470000,63.389999
"2016-04-18",62.98,64.760002,62.400002,63.880001,474800,63.880001
"2016-04-19",63.139999,63.823002,62.200001,63.049999,645700,63.049999
"2016-04-20",62.880001,64.245003,61.830002,63.950001,341700,63.950001
"2016-04-21",64.080002,64.080002,62.119999,63.220001,412500,63.220001
"2016-04-22",63.689999,65.720001,63.014999,65.650002,469800,65.650002
"2016-04-25",64.940002,66.410004,64.559998,65.910004,598200,65.910004
"2016-04-26",65.870003,66.709999,65.400002,66,483900,66
"2016-04-27",65.459999,66.839996,63.869999,66.730003,605000,66.730003
"2016-04-28",66.120003,66.720001,65.593002,65.760002,454200,65.760002
"2016-04-29",65.790001,66.830002,65.050003,66.620003,667500,66.620003
"2016-05-02",67.050003,67.239998,66.010002,67.07,668900,67.07
"2016-05-03",66.650002,66.650002,64.175003,64.269997,590700,64.269997
"2016-05-04",63.790001,64.089996,61.849998,62.549999,828300,62.549999
"2016-05-05",63.02,63.650002,62.139999,63.580002,1150500,63.580002
"2016-05-06",65.419998,67.400002,62.009998,66.830002,2363100,66.830002
"2016-05-09",66.809998,67.190002,64.889999,65.260002,930400,65.260002
"2016-05-10",65.82,68.644997,65.720001,67.529999,1278200,67.529999
"2016-05-11",67.230003,68.220001,67.019997,67.309998,670000,67.309998
"2016-05-12",67.470001,67.470001,65.230003,66.57,823000,66.57
"2016-05-13",66.150002,68,65.900002,67.459999,824300,67.459999
"2016-05-16",67.360001,68.5,67.260002,68.010002,823900,68.010002
"2016-05-17",67.980003,68.260002,66.800003,66.900002,401900,66.900002
"2016-05-18",66.419998,68.860001,66.010002,68.029999,831400,68.029999
"2016-05-19",68.010002,69.139999,67.464996,68.199997,720000,68.199997
"2016-05-20",68.349998,70.25,68.237,70.120003,926100,70.120003
"2016-05-23",69.68,72.425003,69.43,71.589996,834400,71.589996
"2016-05-24",71.599998,72.5,71.029999,72.32,568600,72.32
"2016-05-25",72.5,72.82,71.709999,71.959999,617300,71.959999
"2016-05-26",71.669998,72.330002,71.269997,72.019997,614100,72.019997
"2016-05-27",72,72.879997,71.129997,72.860001,768300,72.860001
"2016-05-31",73,73.580002,72.599998,73.290001,522300,73.290001
"2016-06-01",72.730003,74.18,72.099998,74.080002,492300,74.080002
"2016-06-02",74.099998,74.900002,73.675003,74.900002,609300,74.900002
"2016-06-03",74.900002,75.339996,74.209999,75.080002,831200,75.080002
"2016-06-06",75,75.400002,74.300003,74.660004,417400,74.660004
"2016-06-07",74.660004,74.989998,74,74.580002,688900,74.580002
"2016-06-08",74.349998,75.199997,73.529999,74.82,646100,74.82
"2016-06-09",74.68,75.32,74.18,75.120003,484700,75.120003
"2016-06-10",74.589996,74.870003,72.849998,73.080002,434800,73.080002
"2016-06-13",72.550003,72.900002,71.669998,72.209999,677800,72.209999
"2016-06-14",72,72.639999,71.695,72.449997,704800,72.449997
"2016-06-15",72.809998,73.459999,72.610001,73.080002,666300,73.080002
"2016-06-16",72.690002,73.364998,71.889999,72.510002,666300,72.510002
"2016-06-17",72.660004,73.199997,71.949997,72.059998,580200,72.059998
"2016-06-20",73.150002,73.620003,72.324997,72.5,347200,72.5
"2016-06-21",72.470001,72.730003,71.339996,72.620003,454300,72.620003
"2016-06-22",72.480003,72.775002,69.709999,71.360001,1155900,71.360001
"2016-06-23",72,73.82,71.580002,73.82,756200,73.82
"2016-06-24",68.029999,71,66.400002,66.650002,2178300,66.650002
"2016-06-27",63.18,63.5,60.509998,60.93,2730000,60.93
"2016-06-28",61.650002,62.419998,60.560001,62,609400,62
"2016-06-29",62.84,64.089996,62.099998,63.759998,745800,63.759998
"2016-06-30",63.91,64.419998,62.919998,64.379997,505600,64.379997
"2016-07-01",64.559998,65.129997,63.040001,63.66,612600,63.66
"2016-07-05",63,63.59,62.209999,63.450001,591100,63.450001
"2016-07-06",63.18,64.669998,62.77,64.629997,889100,64.629997
"2016-07-07",64.720001,66.199997,64.720001,66,587500,66
"2016-07-08",66.489998,68.220001,66.059998,67.730003,624700,67.730003
"2016-07-11",68.660004,71.540001,68.660004,69.800003,1257200,69.800003
"2016-07-12",70.559998,70.849998,69.980003,70.089996,871200,70.089996
"2016-07-13",70.220001,70.989998,69.529999,70.260002,951900,70.260002
"2016-07-14",70.489998,70.769997,69.120003,70,606200,70
"2016-07-15",70.349998,70.440002,69.379997,69.989998,442800,69.989998
"2016-07-18",70.230003,71.550003,70.120003,71.379997,778300,71.379997
"2016-07-19",71.199997,71.639999,70.599998,70.959999,359500,70.959999
"2016-07-20",70.959999,71.449997,69.639999,71.290001,1103100,71.290001
"2016-07-21",71.419998,71.910004,70.290001,70.370003,389300,70.370003
"2016-07-22",70.459999,71.362999,70.32,70.459999,446000,70.459999
"2016-07-25",70.459999,71.540001,70.410004,71.169998,512200,71.169998
"2016-07-26",71.18,71.769997,70.800003,70.989998,634400,70.989998
"2016-07-27",71.5,71.5,70.129997,70.699997,486500,70.699997
"2016-07-28",70.730003,70.846001,68.839996,69.620003,719100,69.620003
"2016-07-29",69.629997,71.419998,69.230003,71.269997,533700,71.269997
"2016-08-01",71.139999,72.440002,71.044998,72.120003,547700,72.120003
"2016-08-02",72,72,69.949997,70.190002,728200,70.190002
"2016-08-03",70.370003,71.360001,70.209999,71.300003,539500,71.300003
"2016-08-04",71,72.309998,70.82,71.989998,805100,71.989998
"2016-08-05",68.75,72.440002,68.75,71.75,1875900,71.75
"2016-08-08",72.18,72.879997,71.839996,72.07,1047200,72.07
"2016-08-09",72.379997,74.080002,72.18,74.059998,900800,74.059998
"2016-08-10",73.800003,74.160004,73.25,74,474700,74
"2016-08-11",74,76,73.824997,75.459999,887900,75.459999
"2016-08-12",75.449997,75.889999,75.059998,75.779999,571000,75.779999
"2016-08-15",75.540001,78.349998,75.269997,78.25,1294900,78.25
"2016-08-16",77.989998,78.279999,76.830002,77.599998,843700,77.599998
"2016-08-17",77.580002,77.839996,76.709999,77.339996,652000,77.339996
"2016-08-18",77.800003,79.080002,77.800003,79.029999,984400,79.029999
"2016-08-19",79.129997,79.699997,78.519997,79.120003,776900,79.120003
"2016-08-22",78.690002,79.029999,77.169998,77.480003,696400,77.480003
"2016-08-23",76.559998,78.279999,76.010002,78.040001,920600,78.040001
"2016-08-24",78.389999,78.839996,77.349998,77.529999,411800,77.529999
"2016-08-25",77.099998,78.879997,76.995003,78.790001,527300,78.790001
"2016-08-26",78.5,79.489998,77.820999,78.989998,551900,78.989998
"2016-08-29",78.809998,79.879997,78.620003,79.769997,695600,79.769997
"2016-08-30",79.360001,80.480003,78.919998,79.690002,718300,79.690002
"2016-08-31",79.709999,79.82,78.910004,79.68,489300,79.68
"2016-09-01",79.93,80.389999,79.290001,79.669998,672800,79.669998
"2016-09-02",80.080002,81.089996,79.300003,80.949997,720600,80.949997
"2016-09-06",80.940002,81.690002,80.139999,81.190002,488000,81.190002
"2016-09-07",80.879997,81.839996,80.716003,81.349998,431000,81.349998
"2016-09-08",81.25,81.75,80.980003,81.349998,339600,81.349998
"2016-09-09",80.900002,81.790001,79.739998,79.760002,537800,79.760002
"2016-09-12",79.160004,81.260002,78.160004,80.900002,528600,80.900002
"2016-09-13",80.5,81.239998,80.129997,80.730003,597900,80.730003
"2016-09-14",80.739998,84.269997,80.730003,83.129997,1804200,83.129997
"2016-09-15",82.529999,84.690002,82.190002,84.43,679400,84.43
"2016-09-16",84.07,85.099998,83.699997,85.029999,1174000,85.029999
"2016-09-19",83.480003,83.980003,81.300003,82.029999,1026500,82.029999
"2016-09-20",82.300003,83.290001,81.610001,81.82,634400,81.82
"2016-09-21",82.260002,83.860001,82.260002,83.769997,434800,83.769997
"2016-09-22",84.400002,85.589996,84.274002,85.330002,710900,85.330002
"2016-09-23",84.900002,85.940002,84.239998,85.720001,705100,85.720001
"2016-09-26",84.970001,85.360001,84.380997,85.089996,329800,85.089996
"2016-09-27",84.639999,86.32,84.639999,86.32,472600,86.32
"2016-09-28",85.879997,86.349998,85.139999,85.760002,792000,85.760002
"2016-09-29",85.790001,86.260002,84.404999,85.220001,540900,85.220001
"2016-09-30",85.639999,85.860001,84.370003,85.080002,711000,85.080002
"2016-10-03",84.910004,85.519997,84.580002,85.050003,621900,85.050003
"2016-10-04",85.589996,85.785004,84.760002,85.25,406000,85.25
"2016-10-05",85.809998,85.989998,84.879997,84.970001,524200,84.970001
"2016-10-06",85.110001,85.5,84.559998,85.470001,340400,85.470001
"2016-10-07",85.690002,85.75,84.820999,85.139999,340500,85.139999
"2016-10-10",85.699997,87.620003,84.989998,86.529999,1057900,86.529999
"2016-10-11",86.5,86.5,82.410004,83.010002,639400,83.010002
"2016-10-12",82.800003,82.989998,81.739998,82.089996,366200,82.089996
"2016-10-13",80.550003,81.089996,78.82,80.760002,693700,80.760002
"2016-10-14",82,82.690002,79.75,80.449997,495900,80.449997
"2016-10-17",80.489998,81.120003,79.720001,80.720001,446300,80.720001
"2016-10-18",81.669998,81.82,80.82,80.860001,235800,80.860001
"2016-10-19",80.760002,82.120003,80.169998,81.900002,355800,81.900002
"2016-10-20",81.919998,82.120003,81.300003,81.860001,235200,81.860001
"2016-10-21",81.650002,83.830002,80.879997,83.580002,366400,83.580002
"2016-10-24",84.480003,84.650002,83.900002,84.029999,258400,84.029999
"2016-10-25",84.620003,85.120003,84.209999,84.32,298500,84.32
"2016-10-26",84,84.894997,83.860001,84.220001,338300,84.220001
"2016-10-27",84.470001,84.699997,83.559998,84.610001,532700,84.610001
"2016-10-28",84.459999,86.300003,83.779999,85.099998,930700,85.099998
"2016-10-31",85.099998,85.800003,84.599998,84.75,685200,84.75
"2016-11-01",84.370003,85.480003,83.120003,84.169998,745900,84.169998
"2016-11-02",84.32,84.839996,82.540001,82.910004,568700,82.910004
"2016-11-03",83.400002,83.919998,81.5,82.080002,1033100,82.080002
"2016-11-04",80.900002,84.230003,79.050003,83.309998,1839400,83.309998
"2016-11-07",84.620003,85.900002,83.949997,85.839996,1274800,85.839996
"2016-11-08",86,86.580002,84.370003,86.07,843800,86.07
"2016-11-09",83.830002,85.730003,82.5,85.400002,837000,85.400002
"2016-11-10",86.239998,87.184998,84.690002,85.910004,1079000,85.910004
"2016-11-11",85.830002,86.580002,84.730003,86.150002,728300,86.150002
"2016-11-14",86.769997,88.260002,86.580002,87.830002,1197100,87.830002
"2016-11-15",87.790001,88.879997,86,87.790001,1009100,87.790001
"2016-11-16",87.769997,88.510002,86.639999,88.07,461500,88.07
"2016-11-17",88.010002,88.525002,87.739998,88.040001,275600,88.040001
"2016-11-18",88.529999,89.360001,87.82,87.980003,537000,87.980003
"2016-11-21",89.260002,94.760002,89.260002,94.480003,2402200,94.480003
"2016-11-22",94.480003,94.940002,94.07,94.779999,854900,94.779999
"2016-11-23",94.75,95.470001,94.5,95.190002,488800,95.190002
"2016-11-25",94.75,95,93.589996,94.660004,365300,94.660004
"2016-11-28",95.059998,96.059998,94.110001,95.970001,620100,95.970001
"2016-11-29",96,96.839996,95.290001,95.529999,594000,95.529999
"2016-11-30",96.080002,96.68,94.540001,94.809998,666500,94.809998
"2016-12-01",94.739998,96.25,92.100998,93.300003,783700,93.300003
"2016-12-02",92.809998,94.93,92.059998,93.169998,846100,93.169998
"2016-12-05",92.57,93.669998,91.93,92.75,768400,92.75
"2016-12-06",93.050003,94.730003,92.330002,93.860001,681900,93.860001
"2016-12-07",94.610001,98.220001,93.559998,97.870003,1278500,97.870003
"2016-12-08",98.510002,98.790001,95.400002,95.760002,664100,95.760002
"2016-12-09",96,96.620003,93.970001,94.410004,512600,94.410004
"2016-12-12",93.519997,94,91.040001,93.139999,908500,93.139999
"2016-12-13",93.239998,95.620003,93.239998,95.029999,611800,95.029999
"2016-12-14",94.940002,98.900002,93.790001,97.879997,1430200,97.879997
"2016-12-15",98.059998,98.334999,96.183998,96.790001,988900,96.790001
"2016-12-16",96.769997,98.809998,96.370003,96.68,888700,96.68
"2016-12-19",97.339996,98.779999,97.339996,97.940002,926900,97.940002
"2016-12-20",97.830002,98.768997,97.75,98,554600,98
"2016-12-21",98.059998,98.699997,97.860001,97.949997,326300,97.949997
"2016-12-22",97.949997,98.550003,96.510002,96.860001,479600,96.860001
"2016-12-23",96.839996,97.400002,96.559998,96.93,138700,96.93
"2016-12-27",97.199997,98.741997,97.199997,97.82,448100,97.82
"2016-12-28",98.050003,98.489998,96.57,97.25,434900,97.25
"2016-12-29",97.239998,97.870003,96.220001,96.730003,240000,96.730003
"2016-12-30",97.18,97.529999,96.459999,96.769997,250200,96.769997
"2017-01-03",97.540001,98.290001,96.675003,97.059998,548200,97.059998
"2017-01-04",97.489998,102.279999,97.449997,101.730003,2121600,101.730003
"2017-01-05",101.989998,103,101.230003,101.940002,976500,101.940002
"2017-01-06",102.110001,102.610001,100.669998,101.279999,473800,101.279999
"2017-01-09",100.870003,100.934998,98.620003,99.519997,752700,99.519997
"2017-01-10",99.940002,101.300003,99.559998,100.419998,420600,100.419998
"2017-01-11",100.93,100.93,98.120003,99.470001,484700,99.470001
"2017-01-12",99.989998,99.989998,96.440002,99,590400,99
"2017-01-13",99.43,101.040001,99.43,100.269997,367800,100.269997
"2017-01-17",94,94.339996,87.330002,88.230003,4583300,88.230003
"2017-01-18",87.900002,91,87.669998,88.709999,1240900,88.709999
"2017-01-19",89.379997,89.919998,88.669998,89.720001,632300,89.720001
"2017-01-20",90.620003,90.900002,89.410004,89.800003,732100,89.800003
"2017-01-23",89.809998,89.879997,87.541,89.669998,743500,89.669998
"2017-01-24",90.199997,92.599998,90.150002,92.470001,694900,92.470001
"2017-01-25",93.919998,94.75,92.07,93.080002,497200,93.080002
"2017-01-26",93.059998,93.589996,91.639999,92.910004,319200,92.910004
"2017-01-27",92.580002,93.940002,92.349998,93.779999,349600,93.779999
"2017-01-30",93.620003,94.059998,92.425003,93.669998,367500,93.669998
"2017-01-31",93.839996,94.199997,92.779999,94,407100,94
"2017-02-01",94.169998,94.800003,92.879997,94.279999,455300,94.279999
"2017-02-02",94.279999,95.639999,93.650002,94.879997,588900,94.879997
"2017-02-03",95.029999,95.805,93.690002,95.519997,441500,95.519997
"2017-02-06",95.260002,96.120003,94.93,95.510002,358600,95.510002
"2017-02-07",95.610001,96.489998,95.010002,95.989998,279700,95.989998
"2017-02-08",95.989998,98.389999,95.190002,97.459999,519500,97.459999
"2017-02-09",97.459999,98.980003,97.449997,97.809998,461100,97.809998
"2017-02-10",98.25,99.199997,97.269997,98.779999,407300,98.779999
"2017-02-13",98.779999,100.449997,98.620003,99.900002,843500,99.900002
"2017-02-14",99.889999,100.800003,99.349998,100.720001,526300,100.720001
"2017-02-15",100.089996,101.32,99.589996,100.669998,715500,100.669998
"2017-02-16",100.669998,102.190002,99.514999,100.169998,1763300,100.169998
"2017-02-17",111,119.449997,110.309998,119.059998,5910400,119.059998
"2017-02-21",118.949997,123.120003,118.559998,122.620003,1664600,122.620003
"2017-02-22",121.300003,122.980003,120.75,121.800003,859500,121.800003
"2017-02-23",122,122.489998,117.650002,117.849998,1142000,117.849998
"2017-02-24",117,120.650002,115.855003,120.589996,898300,120.589996
"2017-02-27",121.470001,121.68,119.879997,120.389999,621400,120.389999
"2017-02-28",119.959999,120.949997,118.75,118.989998,649100,118.989998
"2017-03-01",120,121.110001,118.779999,120.639999,777900,120.639999
"2017-03-02",120.510002,121.75,119.339996,119.489998,470000,119.489998
"2017-03-03",119.510002,120.260002,118.599998,119.970001,501200,119.970001
"2017-03-06",118.970001,120.730003,117.950996,119.43,734200,119.43
"2017-03-07",119.790001,122.599998,118.705002,121.080002,931400,121.080002
"2017-03-08",121.510002,125,120.489998,123.529999,1433300,123.529999
"2017-03-09",123.220001,124.5,121.790001,123.089996,552200,123.089996
"2017-03-10",124.480003,124.489998,123.360001,124.169998,581900,124.169998
"2017-03-13",125,127.639999,124.809998,127.470001,1122000,127.470001
"2017-03-14",127.529999,127.836998,126.010002,127,729400,127
"2017-03-15",128,128.490005,126.269997,128.279999,1130100,128.279999
"2017-03-16",128.839996,128.929993,126.989998,127.139999,895900,127.139999
"2017-03-17",127.519997,128.559998,126.797997,128.100006,1025500,128.100006
"2017-03-20",129.690002,131.429993,129.460007,130.330002,715200,130.330002
"2017-03-21",131.279999,131.320007,127.629997,127.970001,1108800,127.970001
"2017-03-22",128.449997,130.75,128.257996,130.539993,882200,130.539993
"2017-03-23",130.380005,131.119995,129.399994,130.080002,560900,130.080002
"2017-03-24",131.059998,131.979996,130.031006,131.770004,633500,131.770004
"2017-03-27",131.350006,132.550003,130.149994,132.179993,546600,132.179993
"2017-03-28",132.259995,134.179993,132.100006,133.970001,767000,133.970001
"2017-03-29",134.039993,134.649994,132.270004,133.300003,517400,133.300003
"2017-03-30",133.710007,134.25,132.660004,132.809998,408000,132.809998
"2017-03-31",132.990005,133.149994,131.649994,132.270004,737700,132.270004
"2017-04-03",131.729996,132.460007,128.660004,131.699997,1039200,131.699997
"2017-04-04",130.75,133.710007,130.199997,133.199997,1021300,133.199997
"2017-04-05",133.899994,134.509995,133.259995,134,1571000,134
"2017-04-06",133.529999,135.270004,132.544998,134.399994,917200,134.399994
"2017-04-07",132.869995,133.699997,132.229996,132.449997,611200,132.449997
"2017-04-10",132.449997,134.100006,132.050003,133.270004,419600,133.270004
"2017-04-11",132.979996,134.25,131.470001,133.330002,497300,133.330002
"2017-04-12",133.75,133.75,130.089996,131.470001,726600,131.470001
"2017-04-13",131.850006,133.612,131.160004,131.360001,326600,131.360001
"2017-04-17",131.410004,133.199997,131.119995,132.75,480700,132.75
"2017-04-18",132.75,133.649994,132.080002,132.960007,322400,132.960007
"2017-04-19",133.419998,134.800003,133.110001,133.830002,450500,133.830002
"2017-04-20",135.149994,137.089996,134.039993,136.470001,722200,136.470001
"2017-04-21",136.470001,136.75,135.020004,136.660004,421600,136.660004
"2017-04-24",138.100006,139.389999,136.910004,139,669900,139
"2017-04-25",139.199997,140.320007,138.660004,139.419998,594900,139.419998
"2017-04-26",139.600006,139.979996,137.869995,139.360001,704100,139.360001
"2017-04-27",137,139.839996,137,139.649994,630000,139.649994
"2017-04-28",139.210007,139.960007,138.360001,139.639999,924000,139.639999
"2017-05-01",139.509995,141.917999,138.610992,141.100006,705700,141.100006
"2017-05-02",141.539993,141.910004,138.949997,141.190002,949500,141.190002
"2017-05-03",140.990005,141.850006,139.710007,140.679993,678900,140.679993
"2017-05-04",141.75,142.899994,138.380005,140.199997,1610500,140.199997
"2017-05-05",138.949997,144.940002,135.210007,144.720001,2258000,144.720001
"2017-05-08",145,147.550003,141.320007,142.75,890300,142.75
"2017-05-09",143.509995,145.580002,142.619995,144.929993,692700,144.929993
"2017-05-10",145.660004,146.029999,143.779999,145.429993,713200,145.429993
"2017-05-11",145.009995,146.449997,144.259995,146.020004,563600,146.020004
"2017-05-12",145.679993,147.149994,144.764999,146.820007,476900,146.820007
"2017-05-15",147.389999,148.128998,146.509995,147.419998,582100,147.419998
"2017-05-16",148.119995,148.600006,146.100006,147.449997,1180900,147.449997
"2017-05-17",145.990005,146.869995,142.229996,142.360001,907200,142.360001
"2017-05-18",140.929993,143.850006,138.800003,143.479996,803900,143.479996
"2017-05-19",144.820007,145.399994,143.639999,144.070007,621900,144.070007
"2017-05-22",143.419998,144.300003,142.246002,143.149994,708100,143.149994
"2017-05-23",142.679993,144.029999,141.050003,143.199997,814400,143.199997
"2017-05-24",143.589996,144.330002,143.210007,144.279999,397900,144.279999
"2017-05-25",145,148.229996,144.860001,148.059998,992100,148.059998
"2017-05-26",148.059998,148.399994,145.070007,146.449997,619100,146.449997
"2017-05-30",146.449997,147.460007,145.5,147.220001,653300,147.220001
"2017-05-31",147.800003,148.039993,145.330002,147.380005,2609300,147.380005
"2017-06-01",147.509995,148.949997,144.309998,148.520004,1573800,148.520004
"2017-06-02",148.630005,152.539993,148.130005,152.259995,1281200,152.259995
"2017-06-05",152.259995,154.889999,152.259995,154.330002,928500,154.330002
"2017-06-06",153.559998,157.268005,153.259995,155.350006,648400,155.350006
"2017-06-07",156.240005,156.770004,154.850006,156.050003,624900,156.050003
"2017-06-08",155.539993,157.320007,154.725006,157.270004,585400,157.270004
"2017-06-09",157.559998,158.567993,147.009995,149.460007,1015700,149.460007
"2017-06-12",147.479996,149.759995,143,149.759995,1153700,149.759995
"2017-06-13",150.949997,153.369995,149.389999,151.779999,630400,151.779999
"2017-06-14",151.850006,153.380005,148.925003,151.050003,550600,151.050003
"2017-06-15",149.369995,151.330002,147.904999,151.229996,539500,151.229996
"2017-06-16",152.369995,153.149994,151.050003,151.580002,1558100,151.580002
"2017-06-19",153.449997,157.660004,153.449997,156.660004,819100,156.660004
"2017-06-20",156.070007,157.899994,154.800003,155.029999,585900,155.029999
"2017-06-21",155.360001,158.839996,155.244995,158.160004,834100,158.160004
"2017-06-22",158,159.479996,156,158.779999,540300,158.779999
"2017-06-23",159.080002,162.970001,158.899994,161.619995,1527600,161.619995
"2017-06-26",161.740005,162.279999,156,157.779999,913700,157.779999
"2017-06-27",157.380005,158.580994,152.520004,152.820007,755900,152.820007
"2017-06-28",153.970001,155.820007,151.770996,155.270004,738700,155.270004
"2017-06-29",154.779999,155.179993,147.710007,149.949997,730700,149.949997
"2017-06-30",150.429993,151.210007,148.770004,149.789993,547100,149.789993
"2017-07-03",151.059998,151.100006,146.350006,146.889999,357800,146.889999
"2017-07-05",147.100006,149.520004,147.100006,148.619995,920500,148.619995
"2017-07-06",146.5,147.679993,144.190002,145.429993,634600,145.429993
"2017-07-07",146.050003,149.160004,146.050003,148.770004,722600,148.770004
"2017-07-10",148.860001,150.779999,147.919998,149.350006,672800,149.350006
"2017-07-11",149.570007,153.259003,149.570007,153.160004,550400,153.160004
"2017-07-12",155,156.059998,154.270004,155.380005,612700,155.380005
"2017-07-13",155.869995,156.639999,153.649994,154.770004,375300,154.770004
"2017-07-14",155.020004,155.690002,154.119995,155.110001,301000,155.110001
"2017-07-17",155.309998,155.679993,152.800003,155.220001,372300,155.220001
"2017-07-18",154.850006,156.126007,154.009995,155.990005,419400,155.990005
"2017-07-19",156.800003,159,156.729996,157.630005,441500,157.630005
"2017-07-20",158.309998,158.610001,155.270004,156.800003,374400,156.800003
"2017-07-21",151,154,149,152.919998,1181300,152.919998
"2017-07-24",152.5,156.179993,152.020004,155.220001,518600,155.220001
"2017-07-25",155.059998,158.070007,153.789993,158,405100,158
"2017-07-26",158.350006,159,157,157.199997,575600,157.199997
"2017-07-27",158.089996,158.789993,150.059998,152.039993,745000,152.039993
"2017-07-28",151.050003,153.570007,149.410004,150.399994,991900,150.399994
"2017-07-31",151.199997,151.764008,148.490005,149.289993,1009900,149.289993
"2017-08-01",150.429993,150.429993,147.339996,147.800003,717300,147.800003
"2017-08-02",148.960007,148.970001,142.660004,143.460007,1162400,143.460007
"2017-08-03",143.820007,145.035004,141.779999,144.050003,1926200,144.050003
"2017-08-04",167.600006,175.399994,166.5,172.050003,4997700,172.050003
"2017-08-07",170.050003,176.5,169.520004,173.75,1650900,173.75
"2017-08-08",173.690002,174.899994,169.929993,169.940002,1171900,169.940002
"2017-08-09",168.990005,169.880005,167.110001,167.460007,1119200,167.460007
"2017-08-10",167.009995,167.029999,160.940002,164.699997,1491500,164.699997
"2017-08-11",164.529999,168.809998,163.410004,165.690002,626300,165.690002
"2017-08-14",168.080002,170.690002,167.542007,169.800003,639700,169.800003
"2017-08-15",171,171.990005,169.300003,170.589996,567900,170.589996
"2017-08-16",170.600006,174.880005,170.203995,173.669998,851500,173.669998
"2017-08-17",173.5,174.539993,170.220001,171.059998,787300,171.059998
"2017-08-18",171,174.108994,169.940002,172.009995,651900,172.009995
"2017-08-21",172,173.889999,169.850006,172.009995,664600,172.009995
"2017-08-22",172.070007,175.990005,171.914993,175.25,840400,175.25
"2017-08-23",174.440002,175.110001,172.339996,173.509995,891800,173.509995
"2017-08-24",174.320007,176.380005,173.554993,175.110001,633100,175.110001
"2017-08-25",175.639999,176.880005,173.589996,173.729996,418400,173.729996
"2017-08-28",174.229996,175.759995,171.350006,174.110001,523500,174.110001
"2017-08-29",172.429993,174.660004,171.550003,173.279999,420100,173.279999
"2017-08-30",174.259995,178.350006,174.259995,177.949997,574800,177.949997
"2017-08-31",178.690002,179.710007,175.350006,176.149994,780200,176.149994
"2017-09-01",176.770004,177.630005,175.089996,177.490005,436600,177.490005
"2017-09-05",176.740005,177.559998,173.660004,175.229996,808800,175.229996
"2017-09-06",175.550003,176.449997,169.610001,172.729996,835800,172.729996
"2017-09-07",173,174.050003,171.779999,173.649994,482000,173.649994
"2017-09-08",173.330002,174.449997,172.059998,172.679993,318000,172.679993
"2017-09-11",173.929993,176.095001,173.270004,175.309998,391800,175.309998
"2017-09-12",175.639999,176.802994,172.820007,173.820007,423200,173.820007
"2017-09-13",173.820007,175.130005,172.139999,174.889999,656000,174.889999
"2017-09-14",173.949997,176.380005,173.740005,174.940002,607500,174.940002
"2017-09-15",175.130005,177.889999,173.669998,176.960007,1380500,176.960007
"2017-09-18",179,185.410004,178.889999,182.679993,1134800,182.679993
"2017-09-19",183.929993,183.990005,181.050003,181.720001,771000,181.720001
"2017-09-20",186.240005,188.720001,184.070007,188.490005,973300,188.490005
"2017-09-21",188.169998,188.850006,184.479996,187.229996,605800,187.229996
"2017-09-22",187.199997,192.080002,187.029999,191.050003,906500,191.050003
"2017-09-25",192,193.240005,180.570007,180.830002,1276100,180.830002
"2017-09-26",182.850006,186.979996,180.009995,182.660004,650400,182.660004
"2017-09-27",184.759995,190.960007,184.759995,186.550003,606400,186.550003
"2017-09-28",186.009995,188.229996,183.610001,187.550003,585300,187.550003
"2017-09-29",188.25,189.899994,187.800003,189.610001,446200,189.610001
"2017-10-02",190,191.850006,188.630005,190.429993,465600,190.429993
"2017-10-03",190.919998,191.875,188.410004,189.419998,314800,189.419998
"2017-10-04",189.419998,191.029999,187.559998,190.679993,390600,190.679993
"2017-10-05",191.139999,191.960007,188.899994,190.360001,360500,190.360001
"2017-10-06",190.110001,193.399994,189.800003,192.929993,721800,192.929993
"2017-10-09",193.520004,196.270004,192.679993,193.369995,489700,193.369995
"2017-10-10",194.759995,195.339996,191.089996,192.820007,415500,192.820007
"2017-10-11",192.309998,193.514999,191.610001,192.949997,335900,192.949997
"2017-10-12",192,193.110001,190.449997,191.210007,509700,191.210007
"2017-10-13",192.880005,192.880005,190,191.139999,620600,191.139999
"2017-10-16",192.139999,192.5,188.429993,188.789993,521800,188.789993
"2017-10-17",188.860001,190.959,188.860001,190.610001,355100,190.610001
"2017-10-18",190.940002,191.210007,188.559998,189.940002,288700,189.940002
"2017-10-19",188.419998,190.130005,185.25,190.130005,524200,190.130005
"2017-10-20",191.050003,192.949997,191.050003,191.679993,324600,191.679993
"2017-10-23",192,194.240005,191.197998,191.570007,464900,191.570007
"2017-10-24",192.649994,193.720001,190.369995,193.100006,343400,193.100006
"2017-10-25",192.020004,193.339996,188.789993,189.610001,457400,189.610001
"2017-10-26",190.940002,193.899994,190.744995,191.830002,429900,191.830002
"2017-10-27",193.889999,196.675003,192.910004,195.649994,556300,195.649994
"2017-10-30",196.25,200.820007,195.440002,196.160004,835700,196.160004
"2017-10-31",197.330002,201.949997,196.899994,199.889999,818400,199.889999
"2017-11-01",201.410004,201.410004,195.169998,197.259995,993700,197.259995
"2017-11-02",197.5,197.5,177.919998,181.169998,2758300,181.169998
"2017-11-03",201.835007,202.149994,192.75,201.490005,3205100,201.490005
"2017-11-06",202.990005,207.350006,200.490005,206.679993,1146100,206.679993
"2017-11-07",206.600006,214.990005,206.600006,209.559998,1438300,209.559998
"2017-11-08",212.589996,216,211.020004,214.190002,1214800,214.190002
"2017-11-09",213.350006,217.919998,211.199997,213.550003,1010600,213.550003
"2017-11-10",213.600006,221.669998,213.300003,221.050003,1160200,221.050003
"2017-11-13",221.729996,227.128998,221.729996,225.149994,963300,225.149994
"2017-11-14",225.100006,228.860001,224.399994,227.100006,632000,227.100006
"2017-11-15",226,228,221.160004,224.899994,615900,224.899994
"2017-11-16",226.880005,233.335007,226.339996,231.770004,849900,231.770004
"2017-11-17",232.460007,234.630005,229.468002,233.820007,581300,233.820007
"2017-11-20",235,241.949997,234.910004,241.830002,721000,241.830002
"2017-11-21",242.300003,245.649994,240.776001,241.429993,954700,241.429993
"2017-11-22",241.449997,243.354996,238.160004,239.009995,617300,239.009995
"2017-11-24",241.080002,243.429001,240.580002,242.059998,298100,242.059998
"2017-11-27",241.699997,243.589996,238.449997,238.639999,542600,238.639999
"2017-11-28",239,243.669998,238.199997,243.550003,539900,243.550003
"2017-11-29",244.820007,244.899994,226.529999,234.210007,1211100,234.210007
"2017-11-30",237.520004,238.033005,231.190002,233.119995,838400,233.119995
"2017-12-01",232.5,233.220001,222.429993,228.649994,1138600,228.649994
"2017-12-04",232.270004,233.774994,208.619995,209.479996,2586700,209.479996
"2017-12-05",208.399994,218.639999,206.860001,211.050003,1272100,211.050003
"2017-12-06",209.149994,213.960007,207.369995,212.860001,631600,212.860001
"2017-12-07",214.100006,221.25,214.100006,219.860001,901700,219.860001
"2017-12-08",223.360001,228.964996,222.059998,222.789993,775500,222.789993
"2017-12-11",223,224.990005,219.369995,223.690002,576800,223.690002
"2017-12-12",222.190002,223.300003,217.110001,218.25,706300,218.25
"2017-12-13",218.440002,226.240005,218.429993,225.130005,791200,225.130005
"2017-12-14",226.779999,229.179993,225.25,226.720001,782700,226.720001
"2017-12-15",228.300003,232.149994,227.300003,231.029999,1064100,231.029999
"2017-12-18",235,235.664993,231.399994,235.389999,661700,235.389999
"2017-12-19",235.25,238.339996,235,236,830400,236
"2017-12-20",237.5,238.356995,231.490005,234.149994,576300,234.149994
"2017-12-21",235.389999,238.399994,235.112,235.960007,607700,235.960007
"2017-12-22",236.860001,236.860001,233.369995,236.550003,652200,236.550003
"2017-12-26",236.220001,236.699997,233,235.660004,427500,235.660004
"2017-12-27",235.660004,240.490005,235.660004,239.5,390500,239.5
"2017-12-28",239.899994,241.5,239.190002,240.639999,416400,240.639999
"2017-12-29",240.649994,241.300003,235.429993,235.580002,415700,235.580002
