"dates","CDW.Open","CDW.High","CDW.Low","CDW.Close","CDW.Volume","CDW.Adjusted"
"2013-06-27",17.639999,18.75,17.379999,18.370001,8285800,17.017616
"2013-06-28",18.4,19.17,18.379999,18.620001,717400,17.249203
"2013-07-01",18.65,18.9,18.34,18.34,394200,16.989822
"2013-07-02",18.34,19.639999,18.26,19.219999,223800,17.805038
"2013-07-03",18.99,19.209999,18.67,19.08,103700,17.675343
"2013-07-05",18.799999,19.360001,18.549999,19.219999,111800,17.805038
"2013-07-08",19.049999,19.48,18.860001,19.23,110500,17.814299
"2013-07-09",19.129999,19.92,19.059999,19.5,206400,18.064423
"2013-07-10",19.469999,19.950001,19.049999,19.1,334900,17.693872
"2013-07-11",19.049999,19.65,19.049999,19.58,108800,18.138531
"2013-07-12",19.23,19.540001,19.209999,19.51,114600,18.073681
"2013-07-15",19.360001,19.75,19.219999,19.559999,177300,18.120008
"2013-07-16",19.040001,20.65,19.040001,20.1,239300,18.620249
"2013-07-17",20.01,20.469999,19.719999,20.370001,139200,18.870371
"2013-07-18",20.5,21,20.059999,20.83,162000,19.296505
"2013-07-19",21,21.389999,20.77,20.84,631400,19.305769
"2013-07-22",20.6,20.700001,20.219999,20.34,492900,18.842581
"2013-07-23",20.290001,20.690001,20,20.219999,41500,18.731417
"2013-07-24",20.23,20.690001,20.049999,20.57,43600,19.055645
"2013-07-25",20.34,21.98,20,21.98,232400,20.361843
"2013-07-26",22.120001,22.139999,21.049999,21.59,141300,20.000561
"2013-07-29",21.5,22,21.059999,21.700001,85200,20.102455
"2013-07-30",21.709999,21.799999,20.799999,21.6,94600,20.009825
"2013-07-31",21.790001,21.790001,21.190001,21.5,52500,19.917187
"2013-08-01",21.450001,21.799999,21.16,21.66,181600,20.065401
"2013-08-02",21.67,22.5,21.17,22.43,224500,20.778715
"2013-08-05",22.43,23,22.26,22.790001,104800,21.112221
"2013-08-06",22.83,23.1,22.59,22.809999,419400,21.130739
"2013-08-07",22.799999,22.99,22.639999,22.950001,82800,21.260439
"2013-08-08",23,23.1,22.799999,23.07,74100,21.371605
"2013-08-09",22.85,23.120001,22.85,23.049999,67400,21.353069
"2013-08-12",22.85,23.200001,22.85,23.16,116200,21.454975
"2013-08-13",23.139999,23.549999,22.85,23.4,102400,21.677309
"2013-08-14",23.299999,23.4,23.15,23.360001,72100,21.640257
"2013-08-15",23.4,23.4,22.799999,23,280100,21.306757
"2013-08-16",22.98,23.09,22.799999,23.049999,82200,21.353069
"2013-08-19",23,23.139999,22.700001,23.09,196100,21.390129
"2013-08-20",23.07,23.75,22.870001,23.110001,138000,21.408655
"2013-08-21",23.07,23.299999,22.799999,23.030001,89000,21.334543
"2013-08-22",23.049999,23.299999,22.85,23.01,52600,21.316019
"2013-08-23",22.959999,23.309999,22.870001,23.27,38900,21.556879
"2013-08-26",23.27,23.27,22.950001,22.98,126500,21.288225
"2013-08-27",22.870001,22.91,22,22.219999,280700,20.584179
"2013-08-28",22.209999,22.440001,21.9,21.98,78300,20.361843
"2013-08-29",21.860001,22.139999,21.27,22.08,171500,20.454487
"2013-08-30",22.01,22.16,21.85,21.93,110900,20.315531
"2013-09-03",22.16,23.17,21.780001,22.530001,94000,20.871355
"2013-09-04",22.459999,23.01,22.02,23.01,117900,21.316019
"2013-09-05",22.91,23.75,22.799999,23.32,84400,21.603193
"2013-09-06",23.309999,23.75,22.99,23.24,103000,21.529087
"2013-09-09",23.27,23.52,22.66,22.959999,123700,21.269695
"2013-09-10",23,23.24,22.59,23.030001,125600,21.334543
"2013-09-11",22.9,23.52,22.51,23.42,124700,21.695835
"2013-09-12",23.4,23.540001,23.02,23.09,672200,21.390129
"2013-09-13",23.02,23.52,22.9,23.5,213800,21.769945
"2013-09-16",23.65,23.969999,23.25,23.870001,187000,22.112707
"2013-09-17",23.82,23.98,23.09,23.23,315500,21.519819
"2013-09-18",23.08,23.99,22.959999,23.790001,273600,22.038593
"2013-09-19",23.6,23.9,23.16,23.459999,336900,21.732891
"2013-09-20",23.360001,23.530001,22.68,22.889999,1170900,21.204851
"2013-09-23",22.9,23.950001,22.74,23.860001,442400,22.103441
"2013-09-24",23.870001,24.389999,23.85,24.299999,393900,22.511044
"2013-09-25",24.299999,24.43,24,24.129999,263200,22.353561
"2013-09-26",24.26,24.51,23.83,23.99,473400,22.223867
"2013-09-27",23.959999,24.4,23.790001,23.98,156900,22.214605
"2013-09-30",23.82,24.09,22.780001,22.83,1433100,21.149273
"2013-10-01",22.700001,23.200001,22.629999,23.200001,118500,21.492035
"2013-10-02",23.129999,23.15,22.27,22.780001,177400,21.102951
"2013-10-03",22.719999,23.32,22.639999,23.32,91000,21.603193
"2013-10-04",23.34,23.370001,23.16,23.35,110300,21.630987
"2013-10-07",23.190001,23.32,22.969999,23.049999,56700,21.353069
"2013-10-08",23,23.290001,22.809999,23.120001,127000,21.417923
"2013-10-09",23.18,23.33,22.51,22.68,64900,21.010313
"2013-10-10",22.809999,23.32,22.74,23.049999,108700,21.353069
"2013-10-11",23.059999,23.27,22.870001,22.99,71400,21.297489
"2013-10-14",22.940001,22.950001,22.52,22.780001,91100,21.102951
"2013-10-15",22.790001,22.91,22.51,22.65,77600,20.982521
"2013-10-16",22.700001,22.91,22.360001,22.67,74400,21.001047
"2013-10-17",22.559999,23.07,22.139999,22.780001,100700,21.102951
"2013-10-18",22.799999,23.15,22.57,22.99,94000,21.297489
"2013-10-21",22.99,23.129999,22.5,22.559999,40700,20.899149
"2013-10-22",22.58,22.91,22.02,22.799999,46800,21.121475
"2013-10-23",22.719999,23.1,21.709999,22.719999,126400,21.047365
"2013-10-24",22.700001,22.700001,21.200001,22.01,237200,20.389629
"2013-10-25",22,22.65,21.49,22.15,163800,20.519329
"2013-10-28",22.26,22.469999,21.84,22.049999,121700,20.426695
"2013-10-29",22.17,22.360001,21.76,21.950001,68200,20.334053
"2013-10-30",21.92,22.18,21.08,22.1,170200,20.473007
"2013-10-31",22,22.24,21.309999,21.99,150000,20.371113
"2013-11-01",23,23.559999,21.9,22.049999,304900,20.426695
"2013-11-04",21.799999,23.040001,21.700001,22.940001,216000,21.251173
"2013-11-05",22.76,23.35,22.629999,23,173600,21.306757
"2013-11-06",23,23.25,22.799999,22.99,113100,21.297489
"2013-11-07",22.959999,23.24,22.620001,22.98,301400,21.288225
"2013-11-08",22.959999,23.059999,22.540001,22.950001,554400,21.260439
"2013-11-11",22.389999,22.389999,21.610001,21.719999,172300,20.120987
"2013-11-12",21.59,21.65,20.700001,21.09,478600,19.537361
"2013-11-13",20.719999,21.23,20.549999,20.790001,930900,19.298805
"2013-11-14",21.02,21.459999,20.610001,20.66,6958500,19.178127
"2013-11-15",20.65,21.700001,20.5,21.58,718600,20.032133
"2013-11-18",21.52,21.9,21,21.32,546600,19.790781
"2013-11-19",21.24,21.49,21.1,21.26,326700,19.735085
"2013-11-20",21.219999,21.950001,21.110001,21.73,388600,20.171379
"2013-11-21",21.68,22.370001,21.41,21.99,432800,20.412729
"2013-11-22",22.01,22.43,21.85,22.17,405000,20.579813
"2013-11-25",22.540001,22.98,22.26,22.299999,542400,20.700495
"2013-11-26",22.32,22.48,22.040001,22.209999,336400,20.616945
"2013-11-27",22.190001,22.469999,21.780001,22.200001,244700,20.607668
"2013-11-29",22.25,22.34,22.01,22.299999,216000,20.700495
"2013-12-02",22.219999,22.59,22.059999,22.459999,445700,20.849016
"2013-12-03",22.299999,22.559999,22.23,22.459999,194400,20.849016
"2013-12-04",22.35,23,22.15,22.9,618200,21.257456
"2013-12-05",22.780001,22.92,22.209999,22.51,369200,20.895433
"2013-12-06",22.629999,22.75,22.360001,22.59,415100,20.96969
"2013-12-09",22.559999,22.65,22.469999,22.620001,262000,20.99754
"2013-12-10",22.48,22.58,22.25,22.49,324200,20.876865
"2013-12-11",22.52,22.549999,22.049999,22.35,488300,20.746904
"2013-12-12",22.25,22.76,22.209999,22.549999,816900,20.932562
"2013-12-13",22.48,22.83,22.02,22.25,504600,20.654078
"2013-12-16",22.26,22.6,21.92,22.450001,314600,20.839735
"2013-12-17",22.35,22.440001,22.040001,22.15,604000,20.561255
"2013-12-18",22.129999,22.450001,21.959999,22.389999,826900,20.784031
"2013-12-19",22.33,22.43,22.040001,22.059999,355200,20.477703
"2013-12-20",22.01,22.440001,21.99,22.370001,1035000,20.765469
"2013-12-23",22.440001,22.540001,22.040001,22.290001,620700,20.691212
"2013-12-24",22.379999,22.76,22.299999,22.620001,453100,20.99754
"2013-12-26",22.639999,23.09,22.610001,22.9,359500,21.257456
"2013-12-27",22.98,23.200001,22.66,23,465800,21.350288
"2013-12-30",22.91,23.34,22.85,23.219999,543800,21.554504
"2013-12-31",23.35,23.559999,22.940001,23.360001,379100,21.684465
"2014-01-02",23.360001,23.700001,23.139999,23.379999,538900,21.703028
"2014-01-03",23.48,23.620001,23.200001,23.370001,485000,21.693747
"2014-01-06",23.49,23.959999,22.809999,23.75,666600,22.046482
"2014-01-07",23.76,24.200001,23.620001,23.98,419000,22.259995
"2014-01-08",23.9,24.219999,23.860001,23.98,582500,22.259995
"2014-01-09",24.1,24.5,24.02,24.5,453400,22.742693
"2014-01-10",24.4,25.01,24.4,24.879999,569400,23.095438
"2014-01-13",24.77,25.58,24.629999,24.690001,569600,22.919064
"2014-01-14",24.75,24.969999,24.41,24.48,581000,22.724125
"2014-01-15",24.43,24.530001,24.27,24.459999,403100,22.705564
"2014-01-16",24.440001,24.549999,24.25,24.469999,361000,22.71484
"2014-01-17",24.34,24.51,24.16,24.440001,252600,22.686996
"2014-01-21",24.620001,24.91,24.290001,24.799999,319700,23.021175
"2014-01-22",24.860001,25.16,24.41,24.5,391400,22.742693
"2014-01-23",24.49,24.540001,24.17,24.35,382500,22.603455
"2014-01-24",24.23,24.23,23.549999,23.620001,173200,21.92581
"2014-01-27",23.65,24.440001,23.219999,23.299999,237700,21.628767
"2014-01-28",23.43,23.76,23.139999,23.700001,207200,22.000078
"2014-01-29",23.389999,23.540001,22.83,22.98,509500,21.331718
"2014-01-30",23.07,23.59,23.07,23.57,117300,21.8794
"2014-01-31",23.360001,24.040001,23.290001,23.67,141300,21.972227
"2014-02-03",23.67,23.77,22.719999,23.08,298900,21.424543
"2014-02-04",23.200001,23.58,22.950001,23.370001,230800,21.693747
"2014-02-05",23.32,23.42,23.09,23.299999,207000,21.628767
"2014-02-06",23.309999,23.67,23.110001,23.4,362700,21.721592
"2014-02-07",23.42,23.68,23.23,23.549999,193400,21.860836
"2014-02-10",23.559999,23.620001,23.129999,23.139999,220400,21.480246
"2014-02-11",23.129999,23.459999,22.940001,23.08,285900,21.424543
"2014-02-12",23.15,23.940001,22.82,23.67,395700,21.972227
"2014-02-13",23.85,24.860001,23.110001,24.84,406200,23.058308
"2014-02-14",23.15,24.93,23.01,24.309999,475400,22.566324
"2014-02-18",24.24,24.950001,24,24.66,313700,22.891216
"2014-02-19",24.559999,25.139999,24.559999,24.700001,278700,22.928349
"2014-02-20",24.639999,24.959999,24.6,24.76,257700,22.984047
"2014-02-21",24.639999,24.719999,24.52,24.65,162500,22.921743
"2014-02-24",24.610001,25.059999,24.559999,24.639999,120600,22.912443
"2014-02-25",24.540001,24.75,24.139999,24.290001,139100,22.586985
"2014-02-26",24.41,24.9,24.1,24.73,214000,22.99613
"2014-02-27",24.709999,25.629999,24.709999,25.540001,226800,23.749344
"2014-02-28",25.49,26.43,25.49,26.17,805300,24.335173
"2014-03-03",25.91,26.16,25.540001,25.93,195300,24.112
"2014-03-04",26.16,26.299999,25.9,26.139999,180300,24.307274
"2014-03-05",26.25,26.790001,25.91,26.700001,314300,24.828009
"2014-03-06",26.639999,26.959999,26.48,26.799999,199000,24.921
"2014-03-07",26.01,26.110001,25.540001,25.75,3791000,23.944618
"2014-03-10",25.77,26.299999,25.51,25.68,497200,23.879528
"2014-03-11",26.25,26.309999,25.469999,25.59,624800,23.795835
"2014-03-12",25.620001,25.66,25.299999,25.389999,608700,23.609858
"2014-03-13",25.459999,25.809999,24.76,24.85,424600,23.107719
"2014-03-14",24.77,25.309999,24.24,24.790001,660500,23.051928
"2014-03-17",24.9,25.52,24.9,25.469999,496500,23.684252
"2014-03-18",25.41,25.75,25.190001,25.440001,354300,23.656357
"2014-03-19",25.34,25.74,25.34,25.5,490600,23.712151
"2014-03-20",25.34,25.82,25.16,25.389999,441000,23.609858
"2014-03-21",25.42,25.74,25.120001,25.32,1162000,23.544764
"2014-03-24",25.299999,25.5,25.15,25.290001,750800,23.516876
"2014-03-25",25.370001,26.25,25.049999,26.25,378800,24.409561
"2014-03-26",26.27,26.5,25.950001,26.32,326800,24.474651
"2014-03-27",26.24,26.5,26.01,26.360001,381500,24.511848
"2014-03-28",26.549999,26.98,26.42,26.709999,871000,24.837313
"2014-03-31",26.860001,27.530001,26.65,27.440001,850600,25.516129
"2014-04-01",27.540001,28.450001,27.49,28.43,1096000,26.436722
"2014-04-02",28.370001,28.629999,28.09,28.6,404300,26.594807
"2014-04-03",28.690001,28.790001,27.9,28.059999,518100,26.092659
"2014-04-04",28.4,28.91,27.84,27.969999,702900,26.008974
"2014-04-07",27.73,27.950001,27.34,27.559999,468800,25.62772
"2014-04-08",27.5,27.799999,27.25,27.370001,511500,25.451035
"2014-04-09",27.469999,28.360001,27.360001,28.26,479100,26.278639
"2014-04-10",28.26,29.360001,27.82,27.93,973900,25.971779
"2014-04-11",27.73,27.91,27.110001,27.389999,283000,25.469641
"2014-04-14",27.67,27.84,27.219999,27.549999,183300,25.618414
"2014-04-15",27.85,27.93,27.42,27.82,306400,25.869492
"2014-04-16",27.99,28.459999,27.969999,28.35,199000,26.362331
"2014-04-17",28.309999,28.5,27.299999,28.440001,153000,26.446016
"2014-04-21",28.52,28.790001,26.700001,28.41,457700,26.418119
"2014-04-22",28.459999,28.85,27.6,28.66,200500,26.650597
"2014-04-23",28.709999,28.709999,28.27,28.559999,276400,26.557604
"2014-04-24",28.74,28.959999,28.27,28.4,433800,26.408821
"2014-04-25",28.33,28.66,27.5,27.84,727600,25.888081
"2014-04-28",27.9,28.110001,27.290001,27.959999,285400,25.999668
"2014-04-29",28.1,28.370001,27.540001,27.889999,220700,25.934578
"2014-04-30",27.940001,28.200001,27.74,28.190001,254200,26.213545
"2014-05-01",27.940001,28.57,27.940001,28.209999,400100,26.232143
"2014-05-02",28.190001,28.49,27.92,28.34,236800,26.353031
"2014-05-05",28.23,28.559999,27.950001,28.540001,138600,26.539011
"2014-05-06",28.540001,28.639999,28.129999,28.139999,157900,26.167053
"2014-05-07",28.120001,28.690001,27.459999,27.75,486800,25.804399
"2014-05-08",28.1,28.73,27.93,28.68,287100,26.669191
"2014-05-09",28.719999,29.700001,28.209999,29.299999,646000,27.245722
"2014-05-12",29.200001,30.42,29.110001,30.02,463800,27.915243
"2014-05-13",30.01,30.190001,29.66,29.889999,228400,27.794359
"2014-05-14",29.719999,29.959999,29.639999,29.65,174100,27.57118
"2014-05-15",29.49,29.84,29.25,29.709999,427200,27.626976
"2014-05-16",29.83,29.92,29.17,29.84,397500,27.747862
"2014-05-19",29.65,29.9,29.370001,29.42,316200,27.357307
"2014-05-20",29.360001,29.780001,29.16,29.24,401300,27.18993
"2014-05-21",29.42,29.870001,29.280001,29.639999,298200,27.561882
"2014-05-22",28.1,28.24,27.68,28.110001,4304400,26.177134
"2014-05-23",28.219999,28.67,28.129999,28.450001,1255700,26.493752
"2014-05-27",28.700001,28.969999,28.58,28.82,1427800,26.838306
"2014-05-28",28.940001,29.01,28.77,28.99,1081100,26.99662
"2014-05-29",29.15,29.24,28.85,29.120001,1194300,27.117685
"2014-05-30",29.040001,29.52,28.9,29.41,3745300,27.387747
"2014-06-02",29.469999,29.620001,29.030001,29.49,674800,27.462242
"2014-06-03",29.33,29.76,29.309999,29.57,574400,27.536737
"2014-06-04",29.57,29.84,29.540001,29.77,628300,27.722996
"2014-06-05",29.92,30,29.700001,29.98,690400,27.91855
"2014-06-06",30.1,30.209999,29.74,30.07,569700,28.002365
"2014-06-09",30.09,30.49,29.82,30.280001,1083700,28.197926
"2014-06-10",30.34,30.67,30.25,30.459999,729900,28.365545
"2014-06-11",30.379999,30.6,30.32,30.459999,239400,28.365545
"2014-06-12",30.41,30.52,30.209999,30.299999,313100,28.216543
"2014-06-13",30.559999,30.67,30.379999,30.5,542900,28.402794
"2014-06-16",30.379999,30.809999,30.370001,30.719999,1550400,28.607666
"2014-06-17",30.719999,31.379999,30.65,31.33,1510100,29.17572
"2014-06-18",31.24,31.65,31.219999,31.32,630800,29.16641
"2014-06-19",31.5,31.790001,31.41,31.75,833100,29.566847
"2014-06-20",31.799999,32.169998,31.620001,32.099998,1248100,29.892776
"2014-06-23",32.029999,32.279999,31.84,31.98,764400,29.781027
"2014-06-24",31.950001,32.060001,31.65,31.76,769700,29.576157
"2014-06-25",31.65,32.25,31.41,32.220001,753900,30.004526
"2014-06-26",32.299999,32.41,31.889999,32.049999,628100,29.846216
"2014-06-27",32.02,32.130001,31.59,31.68,5245400,29.501661
"2014-06-30",31.799999,32.16,31.719999,31.879999,818100,29.687904
"2014-07-01",31.940001,32.27,31.860001,32.049999,794200,29.846216
"2014-07-02",32.119999,32.509998,32.029999,32.349998,527000,30.125586
"2014-07-03",32.549999,32.619999,32.150002,32.5,915000,30.265272
"2014-07-07",31.83,32.07,31.299999,31.559999,1344100,29.389906
"2014-07-08",31.52,31.879999,31.209999,31.700001,962900,29.520285
"2014-07-09",31.73,32.110001,31.690001,32.009998,937800,29.80896
"2014-07-10",31.67,31.959999,31.6,31.889999,766600,29.69722
"2014-07-11",31.860001,31.950001,31.450001,31.48,430300,29.315403
"2014-07-14",31.65,31.889999,31.450001,31.5,444500,29.334038
"2014-07-15",31.450001,31.59,30.889999,31.17,547600,29.026728
"2014-07-16",31.18,31.559999,31.040001,31.35,731300,29.194344
"2014-07-17",31.24,31.68,31.09,31.209999,473000,29.063974
"2014-07-18",31.290001,31.35,31.110001,31.280001,302800,29.129162
"2014-07-21",31.110001,31.25,30.860001,31.110001,235600,28.970852
"2014-07-22",31.280001,31.459999,31.030001,31.17,263300,29.026728
"2014-07-23",31.209999,31.33,31.049999,31.18,171500,29.036034
"2014-07-24",31.219999,31.66,31.1,31.34,603300,29.185034
"2014-07-25",31.290001,31.290001,30.92,31.01,167200,28.87772
"2014-07-28",31,31.1,30.629999,31,354400,28.868414
"2014-07-29",31.01,31.42,31.01,31.120001,410200,28.980162
"2014-07-30",31.200001,31.35,31.01,31.280001,576800,29.129162
"2014-07-31",31.18,31.950001,30.51,30.889999,713500,28.765974
"2014-08-01",30.9,31.09,30.58,30.98,511300,28.849792
"2014-08-04",30.98,31.200001,30.610001,30.74,674000,28.626291
"2014-08-05",30.530001,31.110001,30.27,31.02,816000,28.887037
"2014-08-06",30.84,31.4,30.440001,31.110001,539400,28.970852
"2014-08-07",31.219999,31.34,30.59,30.639999,325400,28.533165
"2014-08-08",30.68,30.940001,30.549999,30.85,182200,28.728731
"2014-08-11",31,31.389999,30.85,31.040001,597900,28.905659
"2014-08-12",31.01,31.469999,31.01,31.27,389900,29.119846
"2014-08-13",31.379999,31.799999,31.23,31.639999,341200,29.464405
"2014-08-14",31.82,32.02,31.700001,31.940001,264400,29.743778
"2014-08-15",32.080002,32.290001,31.77,32.07,369000,29.86484
"2014-08-18",32.349998,32.799999,32.169998,32.689999,578400,30.442202
"2014-08-19",32.900002,33,32.779999,33,359700,30.730894
"2014-08-20",32.990002,33,32.779999,32.900002,226400,30.637768
"2014-08-21",32.939999,33.18,32.700001,33.16,336400,30.920301
"2014-08-22",33.139999,33.240002,33,33.119999,208200,30.883003
"2014-08-25",33.330002,33.580002,33.240002,33.240002,278000,30.994909
"2014-08-26",33.41,33.669998,33.23,33.48,475400,31.218683
"2014-08-27",33.669998,33.799999,33.25,33.369999,309400,31.116117
"2014-08-28",33.27,33.27,32.810001,32.950001,371600,30.724478
"2014-08-29",33.09,33.130001,32.849998,33.040001,237400,30.808414
"2014-09-02",33,33.169998,32.830002,33.139999,448200,30.901653
"2014-09-03",32.169998,32.200001,31.610001,31.690001,2946800,29.549591
"2014-09-04",31.75,32.07,31.33,31.370001,839700,29.251205
"2014-09-05",31.48,31.85,31.41,31.66,736500,29.521618
"2014-09-08",31.58,31.92,31.549999,31.639999,640800,29.502964
"2014-09-09",31.549999,31.68,31.27,31.42,651200,29.297827
"2014-09-10",31.440001,31.57,31,31.360001,446800,29.241879
"2014-09-11",31.129999,31.610001,31.129999,31.23,585400,29.120651
"2014-09-12",31.309999,31.379999,30.9,31.379999,1022000,29.260527
"2014-09-15",31.360001,31.360001,30.559999,30.82,507700,28.73835
"2014-09-16",30.700001,31.129999,30.5,31,478000,28.906195
"2014-09-17",31.02,31.49,30.98,31.33,489500,29.213903
"2014-09-18",31.370001,31.799999,31.120001,31.780001,435800,29.633512
"2014-09-19",31.879999,32.080002,31.57,31.809999,1309800,29.661486
"2014-09-22",31.6,32,31.24,31.299999,591200,29.185932
"2014-09-23",31.17,31.35,30.49,30.49,530500,28.430643
"2014-09-24",30.57,31.049999,30.33,30.969999,766600,28.878216
"2014-09-25",30.950001,31.120001,30.139999,30.34,1098100,28.290773
"2014-09-26",30.42,30.629999,30.25,30.57,313900,28.505239
"2014-09-29",30.280001,30.73,30.07,30.65,224000,28.579834
"2014-09-30",31.07,31.49,30.68,31.049999,930700,28.952816
"2014-10-01",31.049999,31.049999,30.25,30.360001,523200,28.309422
"2014-10-02",30.360001,30.48,29.870001,30.1,842900,28.06698
"2014-10-03",31,31.059999,30.620001,30.719999,882200,28.645105
"2014-10-06",30.98,31.26,30.5,30.57,393000,28.505239
"2014-10-07",30.51,30.51,30,30.139999,795800,28.104282
"2014-10-08",30.18,30.299999,29.65,30.16,517900,28.122931
"2014-10-09",30.16,30.309999,29.790001,29.799999,571600,27.787241
"2014-10-10",29.540001,29.610001,28.870001,29.01,1145900,27.050604
"2014-10-13",29.129999,29.280001,28.299999,28.360001,1139800,26.444502
"2014-10-14",28.43,28.790001,28.15,28.42,819400,26.500452
"2014-10-15",28.040001,28.690001,27.59,28.43,1006000,26.509777
"2014-10-16",28.08,28.48,27.85,28.25,1092200,26.341936
"2014-10-17",28.530001,29.24,28.530001,29.049999,520900,27.087902
"2014-10-20",29.049999,29.290001,28.799999,28.950001,491200,26.994658
"2014-10-21",29.059999,29.809999,28.99,29.790001,800300,27.77792
"2014-10-22",29.9,30.02,29.49,29.52,237200,27.526155
"2014-10-23",29.860001,30.120001,29.48,29.879999,247400,27.861841
"2014-10-24",29.969999,30.190001,29.84,29.959999,578200,27.936438
"2014-10-27",29.93,30.17,29.809999,29.870001,395300,27.852516
"2014-10-28",30.049999,30.469999,29.84,30.34,851000,28.290773
"2014-10-29",30.299999,30.690001,29.9,30,468000,27.973734
"2014-10-30",30.02,30.280001,29.809999,30.129999,505900,28.094957
"2014-10-31",30.57,30.969999,30.15,30.84,576300,28.757
"2014-11-03",31.01,31.200001,30.709999,31.059999,549600,28.962139
"2014-11-04",30.959999,31.25,30.82,31.040001,619200,28.943487
"2014-11-05",31.280001,31.360001,30.98,31.33,583700,29.213903
"2014-11-06",33.349998,33.459999,32.049999,32.48,1861900,30.28623
"2014-11-07",32.639999,32.93,32.5,32.59,898100,30.388802
"2014-11-10",32.799999,33.18,32.73,32.75,472900,30.537994
"2014-11-11",32.73,32.810001,32.48,32.59,365400,30.388802
"2014-11-12",32.560001,32.759998,32.290001,32.470001,844000,30.276907
"2014-11-13",33,33,32.279999,32.57,1063500,30.370153
"2014-11-14",32.450001,33.040001,32.25,32.950001,1426200,30.724478
"2014-11-17",32.93,33.060001,32.650002,32.869999,535100,30.649883
"2014-11-18",36.080002,36.080002,32.52,33.240002,783900,30.994909
"2014-11-19",33.32,33.32,32.720001,32.900002,648400,30.677864
"2014-11-20",32.740002,33.049999,32.580002,32.91,735300,30.687187
"2014-11-21",33.279999,33.509998,32.919998,33.509998,892000,31.311356
"2014-11-24",34,35.310001,33.700001,34.91,3062500,32.619511
"2014-11-25",35.18,35.380001,34.810001,34.919998,1887900,32.628853
"2014-11-26",34.959999,35.209999,34.919998,35.080002,708000,32.778347
"2014-11-28",34.98,35.560001,34.98,35.080002,304400,32.778347
"2014-12-01",35.130001,35.130001,34.41,34.43,591400,32.170998
"2014-12-02",34.369999,34.689999,34.279999,34.389999,427400,32.133614
"2014-12-03",33.299999,33.91,33.09,33.580002,6134100,31.376774
"2014-12-04",33.720001,34.700001,33.5,34.139999,2399600,31.900023
"2014-12-05",34.580002,34.580002,33.990002,34.360001,1400500,32.105591
"2014-12-08",34.360001,34.490002,33.82,33.950001,1186500,31.72249
"2014-12-09",33.299999,34.189999,33.009998,34.150002,1254100,31.909369
"2014-12-10",34.139999,34.299999,33.610001,34,1341000,31.769207
"2014-12-11",34.080002,34.610001,34.009998,34.110001,1123000,31.871996
"2014-12-12",34,34.560001,33.709999,34.330002,2165900,32.077568
"2014-12-15",34.619999,34.709999,33.139999,33.209999,1396200,31.031042
"2014-12-16",32.709999,33.709999,32.57,33.259998,1302900,31.077757
"2014-12-17",33.43,33.970001,33.150002,33.880001,644600,31.657089
"2014-12-18",34,34.880001,33.919998,34.66,825500,32.385902
"2014-12-19",34.490002,35,34.349998,34.860001,1103600,32.572777
"2014-12-22",34.939999,35.34,34.84,35.080002,775600,32.778347
"2014-12-23",35.209999,35.779999,35.200001,35.610001,612300,33.273586
"2014-12-24",35.619999,36.009998,35.580002,35.75,184600,33.404392
"2014-12-26",35.810001,36.080002,35.779999,35.919998,272200,33.563229
"2014-12-29",35.98,35.990002,35.66,35.73,448800,33.385708
"2014-12-30",35.580002,35.73,35.259998,35.34,506300,33.02129
"2014-12-31",35.509998,35.619999,35.049999,35.169998,342000,32.862442
"2015-01-02",35.259998,35.299999,34.599998,34.860001,380200,32.572777
"2015-01-05",34.720001,34.779999,34.150002,34.490002,470200,32.227062
"2015-01-06",34.490002,34.68,33.860001,33.990002,515200,31.759872
"2015-01-07",34.290001,34.919998,34.18,34.700001,985500,32.423279
"2015-01-08",35.07,35.860001,35.07,35.57,862400,33.236202
"2015-01-09",35.759998,35.82,35.330002,35.709999,779800,33.367008
"2015-01-12",35.75,35.919998,35.41,35.709999,651600,33.367008
"2015-01-13",35.98,36.919998,35.73,36.279999,1074400,33.899616
"2015-01-14",35.139999,35.77,34.5,35.509998,1566900,33.180134
"2015-01-15",35.740002,35.799999,35.169998,35.380001,1175400,33.058662
"2015-01-16",35.18,35.830002,34.91,35.77,611100,33.423077
"2015-01-20",35.990002,36.119999,35.240002,35.509998,1316200,33.180134
"2015-01-21",35.330002,35.740002,35.130001,35.450001,466000,33.124069
"2015-01-22",35.540001,35.779999,35.110001,35.740002,475800,33.39505
"2015-01-23",35.610001,35.959999,35.240002,35.740002,345300,33.39505
"2015-01-26",35.84,35.98,35.290001,35.689999,786500,33.34832
"2015-01-27",35.330002,35.48,34.189999,34.610001,800800,32.339176
"2015-01-28",35.009998,35.380001,34.529999,34.57,545500,32.301807
"2015-01-29",34.549999,34.869999,34.290001,34.759998,409800,32.479336
"2015-01-30",34.610001,35,34.029999,34.259998,660100,32.012154
"2015-02-02",34.200001,34.32,33.209999,34.27,1014200,32.021488
"2015-02-03",34.41,35.290001,34.220001,35.27,799600,32.955883
"2015-02-04",35.139999,35.5,34.919998,35.130001,369600,32.825069
"2015-02-05",35.240002,35.5,35.099998,35.459999,370800,33.133415
"2015-02-06",35.639999,36.040001,35.470001,35.98,712200,33.619301
"2015-02-09",35.77,36.099998,35.529999,36.049999,877300,33.684704
"2015-02-10",36.779999,37.25,36.16,36.400002,1553800,34.011749
"2015-02-11",36.259998,36.5,35.91,35.990002,1601900,33.628651
"2015-02-12",36.200001,36.540001,36.029999,36.400002,1036400,34.011749
"2015-02-13",36.32,37.119999,36.07,37.029999,1118100,34.600422
"2015-02-17",36.970001,37.849998,36.939999,37.689999,2549200,35.217106
"2015-02-18",37.799999,38.169998,37.700001,37.939999,1462200,35.450703
"2015-02-19",38,38.040001,37.68,37.790001,791800,35.310547
"2015-02-20",37.630001,37.869999,37.32,37.75,564800,35.27317
"2015-02-23",37.849998,38.150002,37.700001,37.98,1097200,35.552109
"2015-02-24",38.080002,38.240002,37.740002,38.09,977800,35.655079
"2015-02-25",38.360001,38.360001,37.939999,38.029999,667700,35.598919
"2015-02-26",38.41,38.439999,38.009998,38.169998,554700,35.729965
"2015-02-27",37.970001,38.02,37.580002,37.630001,1024200,35.224495
"2015-03-02",37.560001,38.080002,37.509998,38,985000,35.570835
"2015-03-03",37.98,38.279999,37.970001,38.18,887500,35.73933
"2015-03-04",37.990002,38.27,37.759998,38.029999,1020400,35.598919
"2015-03-05",38.040001,38.310001,37.73,37.75,1347400,35.336826
"2015-03-06",37.650002,37.93,37.189999,37.389999,1041300,34.999832
"2015-03-09",37.34,37.59,37.259998,37.310001,1036000,34.92495
"2015-03-10",37.049999,37.07,36.240002,36.380001,1068500,34.054401
"2015-03-11",36.290001,36.5,36.02,36.099998,860500,33.792294
"2015-03-12",35.950001,36.09,35.150002,35.57,1962400,33.296173
"2015-03-13",35.57,36,35.5,35.950001,870500,33.651882
"2015-03-16",35.959999,36.439999,35.950001,36.34,668200,34.016956
"2015-03-17",36.23,36.509998,36.09,36.259998,970400,33.942062
"2015-03-18",36.299999,36.849998,36,36.740002,1166400,34.391384
"2015-03-19",36.740002,37.470001,36.610001,37.32,904700,34.934311
"2015-03-20",37.43,38.16,37.34,37.77,2071800,35.355541
"2015-03-23",37.759998,38.32,37.599998,37.98,1252200,35.552109
"2015-03-24",37.82,38.169998,37.720001,37.830002,1347400,35.411713
"2015-03-25",37.959999,38.209999,37.209999,37.369999,2130100,34.981102
"2015-03-26",37.330002,37.610001,36.759998,36.970001,852300,34.606686
"2015-03-27",36.93,37.84,36.91,37.82,1063100,35.402344
"2015-03-30",38.049999,38.360001,37.59,37.75,1066000,35.336826
"2015-03-31",37.5,37.700001,37.110001,37.240002,1215000,34.859417
"2015-04-01",37.200001,37.57,36.43,36.740002,884900,34.391384
"2015-04-02",36.650002,36.849998,36.509998,36.669998,600200,34.325867
"2015-04-06",36.560001,37.080002,36.52,36.919998,1007800,34.559872
"2015-04-07",36.950001,37.279999,36.799999,37.18,799300,34.803261
"2015-04-08",37.25,38.080002,37.25,37.950001,760200,35.524036
"2015-04-09",37.98,38.419998,37.790001,38.369999,852600,35.917191
"2015-04-10",38.48,38.48,37.830002,38.419998,551000,35.963993
"2015-04-13",38.509998,38.709999,38.41,38.470001,555700,36.010803
"2015-04-14",38.419998,38.419998,37.759998,38.029999,504800,35.598919
"2015-04-15",38.139999,38.560001,37.57,38.459999,601000,36.001431
"2015-04-16",38.43,38.529999,37.93,38.189999,912900,35.748695
"2015-04-17",37.990002,38.080002,37.66,37.830002,276100,35.411713
"2015-04-20",38.040001,38.450001,37.91,38.310001,953800,35.861023
"2015-04-21",38.52,38.779999,38.209999,38.720001,620800,36.24482
"2015-04-22",38.77,38.990002,38.369999,38.93,476200,36.441383
"2015-04-23",38.939999,39.060001,38.380001,39.02,715300,36.525639
"2015-04-24",39.150002,39.32,38.720001,38.869999,548000,36.385223
"2015-04-27",38.869999,39.049999,38.529999,38.73,388700,36.254169
"2015-04-28",38.639999,38.970001,38.330002,38.73,723000,36.254169
"2015-04-29",38.419998,38.68,38.209999,38.59,629400,36.123119
"2015-04-30",38.540001,38.91,38.09,38.32,683000,35.87038
"2015-05-01",38.450001,38.68,38.200001,38.669998,562400,36.198009
"2015-05-04",38.68,39.060001,38.669998,38.82,761400,36.338417
"2015-05-05",38.77,38.939999,38.529999,38.869999,802600,36.385223
"2015-05-06",38.799999,38.98,38.34,38.639999,999100,36.169922
"2015-05-07",38,38.490002,36.82,36.970001,2135000,34.606686
"2015-05-08",37.029999,37.810001,36.669998,36.700001,1468800,34.353939
"2015-05-11",36.630001,36.919998,36.5,36.709999,1370200,34.363297
"2015-05-12",36.59,37.150002,36.5,36.93,831400,34.569241
"2015-05-13",37,37.34,36.82,36.990002,1072100,34.625404
"2015-05-14",37.23,37.459999,37.09,37.369999,682900,34.981102
"2015-05-15",37.470001,37.630001,37.139999,37.580002,891100,35.177689
"2015-05-18",37.599998,37.740002,37.209999,37.540001,597500,35.140244
"2015-05-19",36.700001,37.139999,36.41,36.77,4584000,34.419472
"2015-05-20",36.77,36.959999,36.700001,36.720001,1241400,34.372665
"2015-05-21",36.790001,37.200001,36.77,37.099998,1017800,34.792805
"2015-05-22",37,37.150002,36.84,37.029999,398800,34.727165
"2015-05-26",36.939999,37.16,36.369999,36.419998,1494700,34.15509
"2015-05-27",36.580002,36.919998,36.349998,36.869999,1056200,34.577099
"2015-05-28",36.759998,36.98,36.66,36.950001,1153300,34.652134
"2015-05-29",36.990002,37.23,36.759998,37.099998,2419000,34.792805
"2015-06-01",37.18,37.240002,36.540001,37,1002000,34.69902
"2015-06-02",36.869999,37.080002,36.75,36.880001,683200,34.586483
"2015-06-03",36.98,37.119999,36.77,36.970001,962700,34.670895
"2015-06-04",36.880001,36.939999,36.369999,36.48,499700,34.211361
"2015-06-05",36.419998,36.610001,36.169998,36.580002,577900,34.305141
"2015-06-08",36.599998,36.790001,36.16,36.400002,738800,34.136341
"2015-06-09",36.360001,36.580002,36.09,36.580002,1178500,34.305141
"2015-06-10",36.619999,37.18,36.619999,37.099998,1111900,34.792805
"2015-06-11",37.25,37.389999,36.830002,36.869999,710000,34.577099
"2015-06-12",36.759998,36.919998,36.669998,36.720001,295700,34.436436
"2015-06-15",36.709999,36.709999,36.209999,36.59,785200,34.314522
"2015-06-16",36.450001,36.610001,36.169998,36.43,662800,34.164471
"2015-06-17",36.43,36.82,36.43,36.700001,1306600,34.417675
"2015-06-18",36.759998,37.509998,36.66,37.439999,1257000,35.111656
"2015-06-19",37.240002,37.259998,36.75,36.799999,950100,34.511463
"2015-06-22",36.98,37.119999,36.790001,36.970001,665500,34.670895
"2015-06-23",37.02,37.220001,37,37.099998,745600,34.792805
"2015-06-24",37.09,37.169998,36.419998,36.509998,631000,34.239491
"2015-06-25",36.52,36.810001,36.450001,36.470001,743500,34.201981
"2015-06-26",36.349998,36.52,35.220001,35.299999,4658600,33.104744
"2015-06-29",35.220001,35.32,34.57,34.580002,1226000,32.42952
"2015-06-30",34.849998,35.200001,34.189999,34.279999,893100,32.148182
"2015-07-01",34.619999,34.849998,34.349998,34.650002,832300,32.495163
"2015-07-02",34.610001,34.869999,34.389999,34.450001,556200,32.30761
"2015-07-06",34.169998,34.759998,33.869999,34.119999,1296500,31.998123
"2015-07-07",34.200001,34.400002,33.389999,34.389999,838300,32.251331
"2015-07-08",34.09,34.16,33.639999,33.84,1039800,31.735544
"2015-07-09",34.130001,34.610001,33.57,33.740002,1234300,31.641758
"2015-07-10",34.200001,34.41,33.720001,33.939999,695000,31.829313
"2015-07-13",34.25,34.450001,33.900002,34.380001,1062400,32.241951
"2015-07-14",34.279999,34.98,34.18,34.82,551200,32.654598
"2015-07-15",34.740002,34.98,34.23,34.310001,554700,32.176315
"2015-07-16",34.66,34.66,34.34,34.400002,446900,32.260712
"2015-07-17",34.52,34.549999,34.07,34.150002,240500,32.026253
"2015-07-20",34.169998,34.299999,33.849998,33.990002,502700,31.876207
"2015-07-21",33.77,34,33.639999,33.73,723500,31.632376
"2015-07-22",33.509998,34.240002,33.43,34.200001,1204800,32.073151
"2015-07-23",34.25,34.57,34.029999,34.23,788600,32.101292
"2015-07-24",34.099998,34.290001,33.560001,33.610001,461200,31.519844
"2015-07-27",33.32,33.470001,33.009998,33.310001,446600,31.238499
"2015-07-28",33.380001,34.650002,33.23,34.5,920700,32.354492
"2015-07-29",34.689999,35.07,34.240002,35.049999,724200,32.870296
"2015-07-30",35.380001,35.490002,34.759998,35.439999,1356300,33.236042
"2015-07-31",35.619999,36.029999,35.419998,35.93,1310800,33.695564
"2015-08-03",37.66,39,37.599998,38.630001,3073000,36.22765
"2015-08-04",39,39.860001,38.380001,39.099998,1886900,36.668419
"2015-08-05",39.349998,39.990002,39.349998,39.720001,1673200,37.249866
"2015-08-06",39.709999,40.009998,39.080002,39.330002,1611400,36.884129
"2015-08-07",39.299999,39.59,38.77,38.91,1089500,36.490242
"2015-08-10",39.27,39.52,39.009998,39.290001,1234600,36.846611
"2015-08-11",38.98,39.43,38.650002,39.389999,1020600,36.940392
"2015-08-12",39.16,39.400002,38.75,38.900002,775900,36.480858
"2015-08-13",38.310001,38.990002,38.200001,38.82,4952300,36.405838
"2015-08-14",39.27,39.279999,38.759998,39.18,1495500,36.743454
"2015-08-17",38.990002,39.810001,38.990002,39.73,1335800,37.259243
"2015-08-18",39.77,39.82,39.439999,39.450001,716900,36.996658
"2015-08-19",39.25,39.59,39.02,39.450001,824300,36.996658
"2015-08-20",39.060001,39.419998,38.650002,38.66,868100,36.255783
"2015-08-21",38.450001,39.150002,38.25,38.25,1925200,35.934498
"2015-08-24",36.470001,38.389999,35.619999,37.41,1790600,35.145344
"2015-08-25",38.759998,38.759998,37.52,37.549999,1454200,35.276863
"2015-08-26",38.18,39.630001,37.740002,39.48,1837800,37.090038
"2015-08-27",39.75,40.279999,39.349998,40.099998,1689200,37.672501
"2015-08-28",40.189999,40.220001,39.68,39.970001,1151800,37.550377
"2015-08-31",39.869999,40.080002,39.669998,39.75,1426700,37.343681
"2015-09-01",38.990002,39.369999,38.099998,38.41,896800,36.084812
"2015-09-02",38.599998,38.950001,38.169998,38.790001,1011400,36.441807
"2015-09-03",38.799999,39.470001,38.799999,39.25,622800,36.873955
"2015-09-04",38.57,38.93,38.290001,38.700001,617600,36.357246
"2015-09-08",38.700001,40.330002,38.700001,40.299999,1313600,37.860401
"2015-09-09",40.880001,40.900002,40.34,40.400002,1211000,37.954338
"2015-09-10",40.48,40.919998,40.150002,40.75,991000,38.283157
"2015-09-11",40.700001,41.110001,40.66,41.099998,1055100,38.611965
"2015-09-14",41.099998,41.34,40.810001,41.060001,1037100,38.574387
"2015-09-15",41.299999,41.59,40.880001,41.560001,978100,39.044121
"2015-09-16",41.720001,41.880001,41.48,41.82,812700,39.288383
"2015-09-17",41.900002,41.990002,41.209999,41.279999,782000,38.781063
"2015-09-18",40.849998,41.07,40.66,40.830002,1518000,38.358311
"2015-09-21",41.139999,41.169998,40.34,40.560001,829900,38.104656
"2015-09-22",40.209999,40.369999,39.970001,40.330002,748500,37.88858
"2015-09-23",40.400002,40.610001,40.18,40.470001,791100,38.020103
"2015-09-24",40.09,40.610001,40,40.59,589100,38.132847
"2015-09-25",41.009998,41.23,40.470001,40.779999,490700,38.311337
"2015-09-28",40.700001,40.75,39.279999,39.330002,1039600,36.949116
"2015-09-29",39.439999,40.099998,39.16,39.82,1194700,37.409458
"2015-09-30",40.389999,40.950001,40.18,40.860001,1264200,38.386497
"2015-10-01",40.689999,41.040001,40.509998,41.009998,1070600,38.527424
"2015-10-02",40.189999,40.880001,40.07,40.59,1505100,38.132847
"2015-10-05",40.970001,42.07,40.700001,41.77,2091800,39.241409
"2015-10-06",41.82,41.959999,41.529999,41.830002,947900,39.297779
"2015-10-07",42,42.650002,41.849998,42.599998,1292500,40.02116
"2015-10-08",42.610001,42.970001,42.400002,42.560001,891100,39.983589
"2015-10-09",42.779999,42.950001,42.52,42.73,676200,40.143284
"2015-10-12",42.98,43.060001,42.5,43.040001,478200,40.434525
"2015-10-13",43.939999,44,43.099998,43.450001,719600,40.819714
"2015-10-14",43.34,43.740002,43.049999,43.349998,574400,40.725765
"2015-10-15",43.869999,43.869999,43.220001,43.57,599700,40.93243
"2015-10-16",43.720001,44.060001,43.470001,43.950001,683200,41.289436
"2015-10-19",43.950001,44.459999,43.810001,44.16,1348600,41.486725
"2015-10-20",44.209999,44.299999,43.790001,44,985000,41.336411
"2015-10-21",44.310001,44.529999,43.529999,43.709999,667800,41.063957
"2015-10-22",43.950001,44.900002,43.889999,44.880001,929100,42.163143
"2015-10-23",45.57,46,44.52,44.830002,752500,42.116165
"2015-10-26",44.799999,44.82,44.18,44.330002,744000,41.646431
"2015-10-27",44.259998,44.880001,43.900002,44.25,609400,41.571266
"2015-10-28",44.25,44.869999,43.82,44.860001,647500,42.144341
"2015-10-29",44.93,45.5,44.32,44.740002,847200,42.03162
"2015-10-30",44.900002,45.060001,44.68,44.689999,684600,41.984638
"2015-11-02",44.849998,45,43.919998,44.639999,1528800,41.937664
"2015-11-03",44.610001,44.799999,44.220001,44.459999,1709800,41.76857
"2015-11-04",44.049999,46.48,43.66,45.93,2035100,43.149582
"2015-11-05",46.150002,46.389999,45.740002,46.259998,1033700,43.459587
"2015-11-06",46.41,46.919998,43.529999,43.619999,3602100,40.979412
"2015-11-09",43.619999,43.93,42.650002,42.759998,1769300,40.171474
"2015-11-10",42.830002,43.09,42.200001,42.939999,1923000,40.340576
"2015-11-11",43.43,43.720001,42.540001,43,1356700,40.396946
"2015-11-12",42.950001,43.25,42.540001,42.610001,1012200,40.030552
"2015-11-13",42.459999,42.689999,41.889999,41.950001,1457000,39.410511
"2015-11-16",41.900002,42.75,41.900002,42.68,1405600,40.096317
"2015-11-17",43.060001,44.169998,42.799999,44.09,1408200,41.420956
"2015-11-18",44.509998,44.889999,43.700001,44.150002,1644200,41.477337
"2015-11-19",44.209999,45.290001,44.150002,45.200001,1166300,42.463779
"2015-11-20",45.43,45.740002,44.959999,45.099998,969800,42.369816
"2015-11-23",45.16,45.439999,44.560001,44.860001,1562000,42.245506
"2015-11-24",43.549999,44.34,43.400002,44.150002,4380000,41.5769
"2015-11-25",44.150002,44.439999,43.84,44.220001,1794000,41.642818
"2015-11-27",44.389999,44.450001,44.02,44.150002,704000,41.5769
"2015-11-30",44.279999,44.369999,43.16,43.169998,7477100,40.654007
"2015-12-01",43.939999,44.240002,43.689999,44.169998,1764000,41.595726
"2015-12-02",44.029999,44.299999,43.509998,43.619999,1251900,41.077782
"2015-12-03",43.799999,44.310001,43.189999,43.470001,1136400,40.936523
"2015-12-04",43.43,44.650002,43.119999,44.619999,1993500,42.019501
"2015-12-07",44.330002,44.689999,43.790001,44.099998,977500,41.529808
"2015-12-08",43.540001,44.380001,43.540001,44.299999,1005100,41.718151
"2015-12-09",44.049999,44.650002,43.349998,43.509998,1438200,40.974194
"2015-12-10",43.459999,44.209999,43.459999,43.860001,855800,41.303791
"2015-12-11",43.459999,43.700001,42.779999,42.82,784900,40.324409
"2015-12-14",42.68,43.209999,42.349998,42.68,853500,40.192562
"2015-12-15",42.82,43.59,42.68,43.130001,1107400,40.616341
"2015-12-16",43.529999,44.040001,43.48,43.790001,1028300,41.237865
"2015-12-17",44,44,42.48,42.689999,896700,40.201988
"2015-12-18",42.810001,43.529999,42.060001,42.41,2337500,39.938305
"2015-12-21",42.84,43,41.84,42.34,789600,39.872379
"2015-12-22",42.34,42.93,41.639999,42.799999,634500,40.305573
"2015-12-23",42.849998,42.919998,42.349998,42.77,545800,40.277321
"2015-12-24",42.630001,43.060001,42.630001,42.959999,243400,40.456245
"2015-12-28",42.669998,43.209999,42.080002,42.470001,504900,39.994804
"2015-12-29",42.68,43.41,42.619999,43.34,624600,40.814098
"2015-12-30",43.130001,43.490002,42.950001,43.240002,400600,40.719929
"2015-12-31",43.060001,43.169998,42.009998,42.040001,718300,39.589867
"2016-01-04",41.41,41.419998,40.490002,40.950001,890000,38.563389
"2016-01-05",41.080002,41.32,40.77,40.93,812100,38.544552
"2016-01-06",40.349998,41.279999,40.200001,41.25,952000,38.845909
"2016-01-07",40.459999,40.599998,39.470001,39.689999,1384000,37.37682
"2016-01-08",40.09,40.139999,39.470001,39.650002,1193300,37.339165
"2016-01-11",39.75,40.259998,39.529999,39.84,1502700,37.518082
"2016-01-12",40.32,40.349998,39.650002,40.139999,993500,37.800602
"2016-01-13",40.220001,40.220001,37.810001,37.950001,1653000,35.738232
"2016-01-14",37.84,38.279999,37,37.82,1814200,35.61581
"2016-01-15",36.810001,37.43,36.360001,37.09,2006000,34.928356
"2016-01-19",37.470001,38.369999,36.77,37.240002,1222200,35.069614
"2016-01-20",36.639999,37.639999,35.759998,37.049999,1416500,34.890694
"2016-01-21",37.32,38.290001,36.119999,37.630001,1166900,35.43689
"2016-01-22",38.16,38.700001,37.849998,38.349998,1294100,36.114922
"2016-01-25",38.369999,38.66,37.93,37.950001,901600,35.738232
"2016-01-26",38.220001,38.759998,37.880001,38.419998,810300,36.180843
"2016-01-27",38.290001,38.439999,37.369999,37.66,628300,35.465141
"2016-01-28",37.82,38.169998,37.16,37.310001,1101900,35.135536
"2016-01-29",37.52,38.509998,37.52,38.450001,1134600,36.209099
"2016-02-01",38.16,38.630001,38.009998,38.189999,1536500,35.964245
"2016-02-02",38.040001,38.689999,37.169998,37.349998,1208700,35.173203
"2016-02-03",37.529999,38.060001,36.900002,37.52,1068400,35.333294
"2016-02-04",37.529999,38.099998,37.290001,37.610001,947400,35.418049
"2016-02-05",37.48,37.93,35.93,36.220001,2205800,34.10907
"2016-02-08",35.82,36,34.700001,35.310001,2500200,33.252098
"2016-02-09",31.48,35.98,30.4,35.41,2840100,33.346272
"2016-02-10",35.360001,35.860001,34.16,34.759998,1882700,32.734146
"2016-02-11",34.07,34.709999,33.48,33.689999,2230700,31.726517
"2016-02-12",34.25,34.73,33.82,34.310001,930100,32.310383
"2016-02-16",34.810001,36.580002,34.650002,36.259998,1699100,34.146729
"2016-02-17",36.48,37.41,36.029999,37.130001,1072800,34.96603
"2016-02-18",37.349998,38.48,37.349998,37.52,1558200,35.333294
"2016-02-19",37.57,38.32,37.200001,38.200001,1153300,35.973671
"2016-02-22",38.52,39.080002,38.52,38.959999,992600,36.689369
"2016-02-23",38.830002,39.639999,38.5,38.740002,977900,36.583618
"2016-02-24",38.43,39.439999,38.099998,38.900002,1389200,36.734692
"2016-02-25",38.880001,40,38.189999,39.220001,1289700,37.036884
"2016-02-26",39.369999,39.549999,38.490002,38.810001,557600,36.649708
"2016-02-29",38.869999,39.759998,38.650002,39.580002,1255900,37.37685
"2016-03-01",39.779999,40.57,39.66,40.349998,992900,38.103981
"2016-03-02",40.16,40.34,39.549999,39.790001,781600,37.575161
"2016-03-03",39.950001,41.119999,39.860001,40.849998,831900,38.576153
"2016-03-04",40.790001,41.18,39.759998,40.830002,799000,38.55727
"2016-03-07",40.529999,40.93,39.75,40.790001,575300,38.519489
"2016-03-08",40.400002,40.849998,40.09,40.439999,650500,38.18898
"2016-03-09",40.560001,40.77,40.32,40.540001,629600,38.283409
"2016-03-10",40.540001,40.98,39.740002,40.150002,890400,37.915115
"2016-03-11",40.630001,41,40.310001,40.639999,1034500,38.37785
"2016-03-14",40.599998,41.040001,40.580002,40.82,1841900,38.547825
"2016-03-15",40.779999,41.34,40.48,41.220001,1054900,38.925568
"2016-03-16",41,41.310001,40.5,41.150002,897500,38.859455
"2016-03-17",41.040001,41.220001,40.68,40.900002,719100,38.623371
"2016-03-18",40.830002,41.790001,40.529999,41.299999,1081600,39.001106
"2016-03-21",41.240002,41.349998,40.75,41.130001,526700,38.840576
"2016-03-22",41.080002,41.75,39.880001,41.400002,1143600,39.095539
"2016-03-23",41.310001,41.459999,40.57,40.669998,576600,38.406174
"2016-03-24",40.389999,40.869999,39.799999,40.610001,983800,38.349514
"2016-03-28",40.720001,40.880001,40.279999,40.700001,367700,38.434498
"2016-03-29",40.75,41.509998,40.509998,41.5,474200,39.189972
"2016-03-30",41.889999,41.889999,41.220001,41.509998,405800,39.199409
"2016-03-31",41.529999,41.860001,41.07,41.5,541500,39.189972
"2016-04-01",41.09,41.889999,41.02,41.759998,479400,39.435501
"2016-04-04",41.669998,41.700001,41.240002,41.439999,432300,39.133312
"2016-04-05",40.880001,41.380001,40.32,41.259998,577600,38.963333
"2016-04-06",41.419998,42.169998,41,42.16,1035700,39.813244
"2016-04-07",42,42.130001,41.290001,41.66,1101200,39.341064
"2016-04-08",41.860001,41.93,41.41,41.560001,419300,39.246643
"2016-04-11",41.619999,42.080002,41.459999,41.619999,704100,39.303299
"2016-04-12",41.529999,41.939999,41.43,41.630001,453500,39.31274
"2016-04-13",41.849998,42.25,41.830002,42.240002,480000,39.888783
"2016-04-14",42.07,42.25,41.82,42.049999,560500,39.709362
"2016-04-15",41.98,42.240002,41.799999,42.07,613600,39.728245
"2016-04-18",42.099998,42.580002,41.869999,42.540001,501000,40.172081
"2016-04-19",42.52,43.060001,42.25,42.860001,709800,40.47427
"2016-04-20",42.720001,43.110001,42.310001,42.380001,737000,40.021
"2016-04-21",42.419998,42.630001,42.009998,42.18,394400,39.832127
"2016-04-22",42.099998,42.25,41.799999,42.09,491800,39.747135
"2016-04-25",40.790001,41.59,39.700001,40.169998,1569100,37.934002
"2016-04-26",40.110001,40.919998,40.040001,40.82,667400,38.547825
"2016-04-27",40.689999,40.98,40.540001,40.860001,610600,38.585606
"2016-04-28",40.599998,40.889999,40.02,40.119999,429700,37.886784
"2016-04-29",40.189999,40.549999,38.330002,38.5,1328600,36.356956
"2016-05-02",38.380001,39.330002,38.200001,38.43,835200,36.290859
"2016-05-03",38.259998,38.459999,37.799999,38.34,1244700,36.205868
"2016-05-04",41.459999,41.740002,39.950001,40.66,1553300,38.396736
"2016-05-05",40.970001,41.02,40.48,40.48,1190400,38.226749
"2016-05-06",40.48,40.889999,40.009998,40.52,1193100,38.264526
"2016-05-09",40.610001,41.080002,40.470001,40.810001,599700,38.53838
"2016-05-10",41.110001,41.610001,40.740002,41.580002,958200,39.265537
"2016-05-11",41.490002,41.900002,41.080002,41.5,655100,39.189972
"2016-05-12",41.57,41.889999,41.119999,41.619999,954400,39.303299
"2016-05-13",41.439999,41.98,40.290001,41.349998,471700,39.048328
"2016-05-16",41.52,42.310001,41.490002,42.09,497000,39.747135
"2016-05-17",41.860001,42.310001,41.419998,41.540001,368200,39.227737
"2016-05-18",41.48,42.400002,41.279999,42.080002,548900,39.73769
"2016-05-19",41.93,42.259998,41.52,42.209999,587400,39.860447
"2016-05-20",42.310001,43,42.07,42.689999,657000,40.31374
"2016-05-23",41.400002,42.119999,40.799999,41.860001,1538100,39.630192
"2016-05-24",41.82,42.119999,41.470001,41.860001,1661400,39.630192
"2016-05-25",41.919998,42.119999,41.43,41.970001,995500,39.734337
"2016-05-26",41.889999,41.959999,41.470001,41.869999,1056200,39.639664
"2016-05-27",41.73,42.130001,40.880001,41.959999,1961200,39.724873
"2016-05-31",42.09,42.599998,41.779999,42.560001,2421900,40.292915
"2016-06-01",42.299999,42.82,42.299999,42.610001,993600,40.340244
"2016-06-02",42.509998,42.779999,42.509998,42.650002,982400,40.378117
"2016-06-03",42.580002,42.75,42.27,42.720001,966600,40.444389
"2016-06-06",42.619999,42.630001,41.91,42.459999,972300,40.198231
"2016-06-07",42.540001,42.84,42.360001,42.599998,994400,40.330776
"2016-06-08",42.599998,43.060001,42.16,43,1154600,40.709473
"2016-06-09",42.860001,42.959999,42.549999,42.889999,965400,40.605328
"2016-06-10",42.66,42.950001,42.509998,42.810001,807600,40.529591
"2016-06-13",42.549999,42.75,42.240002,42.43,1258200,40.16983
"2016-06-14",42.240002,42.509998,41.77,42.43,771900,40.16983
"2016-06-15",42.450001,42.709999,42.189999,42.400002,536000,40.141434
"2016-06-16",41.799999,41.880001,40.279999,40.799999,2252600,38.626659
"2016-06-17",40.57,40.950001,40.27,40.52,2015200,38.361584
"2016-06-20",40.919998,41.349998,40.490002,41.130001,998200,38.939083
"2016-06-21",41.220001,41.490002,40.919998,41.439999,1021200,39.232563
"2016-06-22",41.490002,41.529999,41.18,41.369999,1196400,39.166286
"2016-06-23",41.610001,41.830002,41.34,41.73,947800,39.507118
"2016-06-24",40.25,41.02,39.639999,39.689999,3296000,37.575783
"2016-06-27",39.349998,39.939999,38.889999,39.290001,1566200,37.197098
"2016-06-28",39.610001,40.029999,39.389999,39.639999,1055500,37.528454
"2016-06-29",39.75,40,39.360001,39.720001,1549500,37.604187
"2016-06-30",39.509998,40.09,38.939999,40.080002,1746300,37.945011
"2016-07-01",40.200001,40.48,39.919998,40.299999,755700,38.153294
"2016-07-05",39.849998,40.16,39.549999,39.849998,835300,37.727261
"2016-07-06",39.59,40,39.169998,39.990002,1147400,37.859806
"2016-07-07",39.98,40.23,39.779999,39.959999,1061800,37.831406
"2016-07-08",40.200001,40.52,40,40.43,794400,38.276375
"2016-07-11",40.689999,41.110001,40.34,40.91,677100,38.730797
"2016-07-12",41.029999,41.360001,40.810001,41,1131600,38.816006
"2016-07-13",41.02,41.259998,40.84,40.970001,644700,38.787598
"2016-07-14",41.02,41.5,40.450001,41.209999,848600,39.01482
"2016-07-15",41.200001,41.330002,40.98,41.25,627100,39.052689
"2016-07-18",41.380001,41.669998,40.639999,41.360001,746000,39.156834
"2016-07-19",41.150002,41.68,41.080002,41.630001,931000,39.412453
"2016-07-20",41.77,42.419998,41.490002,42.419998,1602300,40.16037
"2016-07-21",42.310001,42.59,42.029999,42.369999,1311500,40.113026
"2016-07-22",42.330002,42.560001,42.16,42.259998,849000,40.008888
"2016-07-25",42.349998,42.66,42.23,42.619999,1193500,40.349709
"2016-07-26",42.59,42.689999,42.330002,42.66,837300,40.387581
"2016-07-27",42.650002,42.73,42.380001,42.610001,707500,40.340244
"2016-07-28",42.57,42.75,42.41,42.689999,484300,40.415985
"2016-07-29",42.700001,43,40.560001,42.93,1104000,40.6432
"2016-08-01",42.830002,43.029999,41.400002,43.02,883800,40.728409
"2016-08-02",42.84,42.990002,42.470001,42.630001,1853700,40.359173
"2016-08-03",43.25,44.380001,42.799999,44.220001,2057300,41.864491
"2016-08-04",44.459999,44.720001,43.900002,44.299999,1202700,41.940216
"2016-08-05",44.400002,44.75,44.150002,44.73,922500,42.347321
"2016-08-08",44.700001,45.139999,44.360001,44.990002,1282300,42.593468
"2016-08-09",44.919998,45.889999,44.77,45.849998,1570400,43.40765
"2016-08-10",45.900002,46.040001,45.59,45.700001,713300,43.265648
"2016-08-11",45.700001,45.849998,44.779999,45.52,1425200,43.095249
"2016-08-12",45.540001,45.619999,45.099998,45.290001,566800,42.877499
"2016-08-15",45.529999,45.709999,45.240002,45.32,766800,42.905884
"2016-08-16",45.259998,45.59,44.549999,44.59,1126100,42.214775
"2016-08-17",44.439999,44.990002,44.049999,44.509998,1445500,42.139042
"2016-08-18",44.380001,44.939999,44.32,44.900002,1239000,42.508255
"2016-08-19",44.830002,44.98,44.509998,44.869999,749200,42.479855
"2016-08-22",44.84,45.080002,44.630001,45.07,1027800,42.669205
"2016-08-23",44.880001,45.27,44.75,44.950001,1155700,42.657825
"2016-08-24",45.049999,45.189999,44.869999,44.950001,566000,42.657825
"2016-08-25",44.68,45.049999,44.509998,44.830002,576100,42.543945
"2016-08-26",44.77,44.990002,44,44.240002,854300,41.98402
"2016-08-29",44.259998,44.860001,44.110001,44.580002,573800,42.306686
"2016-08-30",44.599998,44.98,44.560001,44.830002,532600,42.543945
"2016-08-31",44.68,44.959999,44.290001,44.650002,682600,42.373123
"2016-09-01",44.759998,44.950001,44.189999,44.360001,926200,42.097908
"2016-09-02",44.66,44.919998,44.470001,44.77,673500,42.486992
"2016-09-06",44.990002,45.259998,44.5,45.009998,805800,42.714756
"2016-09-07",44.860001,45.110001,44.41,45.049999,809200,42.752716
"2016-09-08",45.119999,45.119999,44.73,44.740002,590600,42.458534
"2016-09-09",44.52,44.580002,43.689999,43.689999,1182500,41.462067
"2016-09-12",43.52,44.400002,43.459999,44.279999,979900,42.021976
"2016-09-13",44.130001,44.27,43.580002,43.880001,883400,41.64238
"2016-09-14",44.060001,44.529999,43.889999,44.029999,844700,41.784729
"2016-09-15",44.150002,44.77,44.110001,44.630001,817400,42.354137
"2016-09-16",44.459999,45.029999,44.459999,44.900002,1932700,42.610371
"2016-09-19",45,45.73,44.580002,45.639999,1156100,43.312634
"2016-09-20",45.540001,46.200001,45.349998,45.900002,1262400,43.559376
"2016-09-21",46.220001,46.580002,45.810001,46.549999,1253200,44.176224
"2016-09-22",46.880001,47.5,46.369999,47.34,1020100,44.925941
"2016-09-23",47.32,47.32,46.099998,46.279999,2052500,43.920002
"2016-09-26",46,46.080002,45.360001,45.610001,620600,43.284157
"2016-09-27",45.779999,46.18,45.389999,45.669998,603700,43.34111
"2016-09-28",45.52,45.849998,45.150002,45.669998,466400,43.34111
"2016-09-29",45.540001,45.740002,45.040001,45.290001,312700,42.980492
"2016-09-30",45.57,45.919998,45.209999,45.73,772500,43.398045
"2016-10-03",45.68,46.040001,45.48,45.619999,402900,43.293648
"2016-10-04",45.59,46.18,45.52,45.919998,755200,43.578354
"2016-10-05",46.02,46.169998,45.669998,45.720001,605000,43.388557
"2016-10-06",45.580002,45.77,45.220001,45.509998,357700,43.189259
"2016-10-07",45.700001,45.700001,44.810001,45.110001,777400,42.809654
"2016-10-10",45.459999,45.630001,44.939999,44.990002,376600,42.695774
"2016-10-11",45.099998,45.099998,44.119999,44.27,842000,42.012505
"2016-10-12",44.25,44.880001,43.98,44.650002,475800,42.373123
"2016-10-13",44.369999,44.700001,43.779999,44.669998,474900,42.392097
"2016-10-14",44.84,44.959999,44.290001,44.32,524700,42.059933
"2016-10-17",44.470001,44.700001,44.169998,44.189999,355300,41.936577
"2016-10-18",44.610001,44.650002,44.279999,44.279999,503100,42.021976
"2016-10-19",44.169998,44.34,43.950001,44.16,377000,41.9081
"2016-10-20",44.200001,44.25,43.849998,44.099998,814800,41.851166
"2016-10-21",44.130001,44.32,43.939999,44.299999,459100,42.040966
"2016-10-24",44.889999,45.48,44.599998,44.93,517600,42.638836
"2016-10-25",44.75,44.869999,44.349998,44.77,392300,42.486992
"2016-10-26",44.68,45.18,44.330002,44.98,498100,42.686283
"2016-10-27",45,45.099998,44.619999,44.779999,484500,42.496475
"2016-10-28",44.810001,45.060001,44.5,44.830002,626400,42.543945
"2016-10-31",44.880001,45.049999,44.549999,44.91,725800,42.619854
"2016-11-01",45.009998,45.290001,44.709999,45.150002,996200,42.847614
"2016-11-02",45.610001,45.68,43.639999,43.860001,1484700,41.623398
"2016-11-03",44.099998,44.41,43.959999,44.009998,647000,41.765755
"2016-11-04",43.91,44.290001,43.709999,43.73,601600,41.500027
"2016-11-07",44.139999,45.290001,43.869999,45.279999,801400,42.970985
"2016-11-08",44.830002,45.040001,44.23,44.57,1187600,42.297195
"2016-11-09",43.84,44.759998,43.84,44.48,901200,42.211788
"2016-11-10",44.689999,45.02,44.189999,44.490002,737900,42.221279
"2016-11-11",44.75,46.560001,44.540001,46.490002,954300,44.119293
"2016-11-14",47.150002,48.830002,46.720001,48.779999,1369500,46.292507
"2016-11-15",48.900002,49.470001,48.75,49.200001,1683200,46.691086
"2016-11-16",49.41,50.68,49.32,50.650002,1602400,48.067154
"2016-11-17",50.66,51.959999,50.59,51.959999,1420700,49.310349
"2016-11-18",52.049999,52.299999,51.099998,51.43,947000,48.807384
"2016-11-21",51.32,51.93,51.32,51.77,925400,49.130039
"2016-11-22",51.450001,51.669998,51.060001,51.220001,927500,48.758778
"2016-11-23",51.25,51.389999,51,51.360001,547500,48.892056
"2016-11-25",51.34,51.91,51.080002,51.84,306700,49.348988
"2016-11-28",51.220001,52.029999,51.220001,51.700001,758300,49.215714
"2016-11-29",51.950001,52.48,51.77,51.779999,862300,49.291874
"2016-11-30",52.169998,52.25,51.139999,51.240002,923100,48.777813
"2016-12-01",51.119999,52.93,51.119999,52.84,1209700,50.300941
"2016-12-02",52.84,53.290001,52.77,52.84,968300,50.300941
"2016-12-05",53.029999,53.240002,52.57,52.75,817000,50.21526
"2016-12-06",52.68,53.450001,52.299999,53.389999,590600,50.824501
"2016-12-07",53.509998,54.580002,53.470001,54.360001,832600,51.747894
"2016-12-08",54.419998,55.470001,54.119999,55.400002,790800,52.737923
"2016-12-09",54.560001,54.970001,53.209999,53.43,1126800,50.862591
"2016-12-12",52.98,53.369999,52.509998,53.049999,848100,50.500839
"2016-12-13",52.93,53.580002,52.639999,53.419998,718900,50.853065
"2016-12-14",53.439999,53.709999,52.889999,53.09,621500,50.538921
"2016-12-15",53.18,53.57,52.77,53.360001,541700,50.795952
"2016-12-16",53.5,53.610001,52.48,52.849998,1336400,50.310459
"2016-12-19",53.099998,53.509998,52.75,52.880001,539200,50.339016
"2016-12-20",52.849998,53.48,52.560001,53.43,496800,50.862591
"2016-12-21",53.490002,53.639999,52.77,52.959999,534000,50.415169
"2016-12-22",52.959999,53.150002,51.779999,52.009998,814900,49.510818
"2016-12-23",52.060001,53.169998,51.84,53.029999,449600,50.4818
"2016-12-27",53.18,53.43,53.040001,53.310001,217000,50.748356
"2016-12-28",53.240002,53.369999,52.68,52.759998,193300,50.224773
"2016-12-29",52.790001,52.990002,52.220001,52.689999,406200,50.158134
"2016-12-30",52.650002,52.869999,51.919998,52.09,414700,49.586975
"2017-01-03",52.310001,52.310001,51.34,51.540001,807200,49.0634
"2017-01-04",51.790001,52.599998,51.790001,52.380001,1036200,49.863037
"2017-01-05",52.099998,52.66,51.84,51.869999,571200,49.377556
"2017-01-06",51.889999,51.950001,51.459999,51.689999,539400,49.206192
"2017-01-09",51.84,52,51.040001,51.169998,483300,48.711182
"2017-01-10",51.400002,52.68,51.119999,52.240002,654000,49.729774
"2017-01-11",52.57,53.290001,51.509998,52.959999,736800,50.415169
"2017-01-12",53,53.16,52.049999,52.740002,403300,50.205738
"2017-01-13",53.040001,53.25,52.82,53.220001,270700,50.662674
"2017-01-17",53.34,53.509998,52.34,52.689999,492100,50.158134
"2017-01-18",53.060001,53.490002,52.200001,52.419998,579300,49.901115
"2017-01-19",52.5,52.709999,51.900002,52.009998,351500,49.510818
"2017-01-20",52.189999,52.84,51.59,52.02,500200,49.52034
"2017-01-23",52,52.130001,50.82,51.450001,349400,48.977726
"2017-01-24",51.799999,52,51.360001,51.700001,705400,49.215714
"2017-01-25",52.080002,52.189999,51.5,51.75,771100,49.263309
"2017-01-26",51.889999,52.470001,51.669998,51.720001,735900,49.234756
"2017-01-27",51.720001,51.740002,51.25,51.48,884700,49.006279
"2017-01-30",51.07,51.5,50.490002,51.040001,741300,48.587433
"2017-01-31",51.049999,51.580002,50.810001,51.509998,949500,49.03484
"2017-02-01",52.740002,53.09,52.439999,52.880001,1348300,50.339016
"2017-02-02",52.709999,53.119999,52.330002,52.810001,1056100,50.272369
"2017-02-03",52.970001,53.48,52.860001,53.349998,1138900,50.786419
"2017-02-06",53.470001,53.540001,53.110001,53.400002,1037000,50.83403
"2017-02-07",54.43,57.220001,53.779999,56.93,2277700,54.194401
"2017-02-08",57.25,58.119999,56.950001,57.16,2192700,54.413353
"2017-02-09",57.169998,58.57,57.16,58.299999,1092000,55.498569
"2017-02-10",58.459999,59.490002,58.369999,58.709999,1299200,55.888874
"2017-02-13",59,59.540001,58.720001,59.259998,908100,56.412434
"2017-02-14",59.02,59.619999,58.91,59.380001,867900,56.526676
"2017-02-15",59.549999,59.59,59.110001,59.25,1191900,56.402916
"2017-02-16",59.450001,59.549999,58.48,58.830002,1004300,56.003105
"2017-02-17",58.740002,60,58.650002,59.990002,1059800,57.107365
"2017-02-21",59.990002,60.5,59.490002,59.639999,1222200,56.774189
"2017-02-22",59.509998,60.009998,59.419998,59.91,1121400,57.18462
"2017-02-23",59.900002,60.18,59.110001,59.32,447500,56.62146
"2017-02-24",59.209999,59.669998,58.880001,59.380001,622600,56.678734
"2017-02-27",59.09,59.5,58.880001,59.41,747600,56.707367
"2017-02-28",59.490002,59.759998,58.669998,58.900002,1045700,56.220558
"2017-03-01",59.470001,60.119999,58.919998,59.779999,847900,57.060532
"2017-03-02",59.529999,60.060001,59.279999,59.669998,771800,56.955532
"2017-03-03",59.549999,59.869999,59.169998,59.34,833700,56.640553
"2017-03-06",59.369999,59.82,58.93,59.48,966600,56.774181
"2017-03-07",59.310001,60.099998,59.189999,59.48,930100,56.774181
"2017-03-08",59.509998,59.849998,59.110001,59.16,861100,56.468739
"2017-03-09",59.360001,59.84,58.990002,59.540001,1359300,56.831451
"2017-03-10",59.82,60.220001,59.18,59.200001,898800,56.506924
"2017-03-13",59.139999,59.400002,58.700001,59.27,907100,56.573734
"2017-03-14",59.130001,59.5,58.669998,59.419998,717900,56.716915
"2017-03-15",59.490002,60.150002,59.490002,60.049999,688100,57.318253
"2017-03-16",59.919998,61,59.919998,60.599998,854200,57.843235
"2017-03-17",60.599998,60.93,60.029999,60.360001,1806500,57.614147
"2017-03-20",60.200001,60.299999,59.599998,59.73,989300,57.01281
"2017-03-21",60.099998,60.279999,57.880001,57.950001,1064700,55.313786
"2017-03-22",58,58.549999,57.669998,58.060001,880800,55.418785
"2017-03-23",57.91,58.990002,57.82,58.09,885900,55.447411
"2017-03-24",58.16,58.369999,57.389999,57.630001,536200,55.008343
"2017-03-27",57.27,57.959999,56.099998,56.939999,1250500,54.349724
"2017-03-28",56.990002,57.27,56.48,56.860001,1358600,54.273365
"2017-03-29",57.07,57.32,56.330002,56.98,1019300,54.387905
"2017-03-30",57.110001,57.48,57.080002,57.380001,528500,54.769714
"2017-03-31",57.220001,58.07,57.130001,57.709999,877500,55.084698
"2017-04-03",58,58.009998,57.380001,57.650002,594900,55.027431
"2017-04-04",57.59,58.09,57.43,57.900002,926500,55.266056
"2017-04-05",58.130001,58.220001,57.209999,57.279999,774500,54.674263
"2017-04-06",57.48,58.040001,57.150002,57.970001,755000,55.332874
"2017-04-07",57.889999,58.310001,57.709999,57.939999,1331800,55.304237
"2017-04-10",58.09,58.52,57.580002,57.639999,700900,55.017883
"2017-04-11",57.470001,57.639999,56.869999,57.52,727100,54.903347
"2017-04-12",57.689999,57.77,56.580002,56.709999,743800,54.130192
"2017-04-13",56.75,57.27,56.57,56.779999,500400,54.197006
"2017-04-17",56.889999,57.169998,56.740002,57.139999,433500,54.54063
"2017-04-18",57.169998,57.560001,56.970001,57.400002,547400,54.788811
"2017-04-19",57.759998,57.970001,57.59,57.650002,617700,55.027431
"2017-04-20",57.869999,58.23,57.509998,58.18,690800,55.533325
"2017-04-21",58.18,58.310001,57.740002,57.759998,550900,55.132427
"2017-04-24",58.619999,58.990002,58.439999,58.790001,845000,56.115566
"2017-04-25",59,59.639999,58.639999,59.330002,847600,56.631004
"2017-04-26",59.439999,60.130001,58.950001,59.73,722600,57.01281
"2017-04-27",59.990002,60.27,59.720001,59.810001,379300,57.089172
"2017-04-28",59.77,60.130001,59,59.09,769700,56.40192
"2017-05-01",59.360001,59.43,58.889999,59.259998,1035100,56.56419
"2017-05-02",59.290001,59.610001,58.84,59.040001,840500,56.354202
"2017-05-03",59.299999,60.330002,58.349998,58.799999,1146600,56.125111
"2017-05-04",58.869999,59.27,58.540001,59.16,757000,56.468739
"2017-05-05",59.200001,59.349998,58.59,58.759998,498900,56.086933
"2017-05-08",58.630001,59.16,57.740002,59.029999,489300,56.344654
"2017-05-09",60,60,59.23,59.48,613000,56.774181
"2017-05-10",59.009998,60,59.009998,59.759998,531000,57.041439
"2017-05-11",59.759998,59.959999,59.310001,59.91,680900,57.18462
"2017-05-12",59.619999,59.810001,58.669998,58.73,635200,56.058296
"2017-05-15",58.599998,59.130001,58.509998,59.009998,1402200,56.325565
"2017-05-16",59.240002,59.830002,58.860001,59.57,602800,56.860085
"2017-05-17",59.259998,59.68,58.73,58.84,1448800,56.163296
"2017-05-18",58.549999,58.650002,55.799999,56.5,1675500,53.929745
"2017-05-19",56.400002,57.599998,56.400002,57.09,824800,54.492901
"2017-05-22",57.419998,57.860001,57.16,57.450001,611900,54.836529
"2017-05-23",57.639999,57.84,56.959999,57.669998,1063400,55.200249
"2017-05-24",57.919998,58.540001,57.66,58.48,1174600,55.975563
"2017-05-25",58.990002,59.549999,58.599998,59.389999,820800,56.846592
"2017-05-26",59.16,59.419998,58.529999,59.330002,696300,56.789165
"2017-05-30",59.259998,59.59,58.84,59.369999,567100,56.82745
"2017-05-31",59.59,60.25,59.369999,60.18,1697000,57.60276
"2017-06-01",60.27,61.439999,60.220001,61.119999,891400,58.502506
"2017-06-02",60.93,61.59,60.830002,61.240002,758700,58.617374
"2017-06-05",61.220001,61.540001,60.16,61.240002,699100,58.617374
"2017-06-06",61.02,61.580002,60.959999,61.389999,568800,58.760948
"2017-06-07",61.669998,62.380001,61.540001,62.02,986700,59.363964
"2017-06-08",62.18,62.91,61.5,62.639999,1044600,59.95742
"2017-06-09",62.869999,63.200001,60.599998,60.790001,958500,58.186634
"2017-06-12",60.209999,61.220001,59.549999,60.98,1286600,58.368504
"2017-06-13",61.07,61.77,60.98,61.560001,1006100,58.923664
"2017-06-14",61.330002,61.919998,61.029999,61.66,826000,59.019375
"2017-06-15",61.220001,62.080002,60.849998,62.060001,836200,59.402252
"2017-06-16",62.049999,62.139999,61.669998,61.939999,1175100,59.287392
"2017-06-19",62.34,62.610001,61.68,62.529999,843200,59.852127
"2017-06-20",62.349998,63.169998,62.18,62.889999,807200,60.196709
"2017-06-21",63.040001,63.139999,62.610001,62.77,549700,60.081841
"2017-06-22",62.84,63.220001,62.380001,63.169998,666800,60.46471
"2017-06-23",63.200001,65.470001,63,65.220001,2211000,62.426922
"2017-06-26",65.910004,66.330002,64.400002,64.650002,1034600,61.881336
"2017-06-27",63.959999,64.709999,62.880001,62.900002,1020000,60.206284
"2017-06-28",63.139999,63.68,62.689999,63.41,859700,60.694443
"2017-06-29",63.380001,63.380001,62.259998,62.869999,634300,60.177559
"2017-06-30",63.130001,63.389999,62.5,62.529999,890800,59.852127
"2017-07-03",62.549999,63.599998,62.549999,62.759998,340900,60.072269
"2017-07-05",62.830002,63.419998,62.66,62.990002,773600,60.292412
"2017-07-06",62.419998,62.599998,61.139999,61.23,1284100,58.607792
"2017-07-07",61.380001,62.5,61.279999,62.360001,1088400,59.6894
"2017-07-10",62.299999,62.849998,62.290001,62.630001,717500,59.947849
"2017-07-11",62.400002,63.43,62.400002,63.23,718500,60.522144
"2017-07-12",63.200001,64,63.200001,63.450001,530400,60.732723
"2017-07-13",63.540001,63.990002,63.189999,63.349998,664900,60.637009
"2017-07-14",63.34,63.77,62.75,63.560001,983100,60.838013
"2017-07-17",63.5,63.849998,63.18,63.720001,492500,60.991165
"2017-07-18",63.540001,63.84,63.119999,63.59,704700,60.866722
"2017-07-19",63.560001,64.519997,63.560001,64.059998,608300,61.316601
"2017-07-20",63.880001,64.300003,63.41,63.669998,634100,60.943295
"2017-07-21",63.619999,63.66,62.950001,63.52,658000,60.799725
"2017-07-24",63,63.869999,62.959999,63.509998,549100,60.790154
"2017-07-25",63.5,64.040001,63.029999,63.799999,716000,61.06773
"2017-07-26",63.990002,63.990002,63.450001,63.93,303800,61.192165
"2017-07-27",64.089996,64.230003,62.889999,63.360001,449400,60.646576
"2017-07-28",63.23,63.459999,62.860001,63.369999,367900,60.656151
"2017-07-31",63.490002,63.849998,63.400002,63.43,514900,60.713581
"2017-08-01",63.810001,63.990002,63.369999,63.970001,779400,61.230453
"2017-08-02",64.190002,64.269997,63.41,63.82,716500,61.086876
"2017-08-03",64.519997,65.389999,63.939999,64.349998,978900,61.59417
"2017-08-04",64.040001,64.360001,63.290001,63.299999,557500,60.589153
"2017-08-07",63.119999,63.880001,62.91,63.810001,672600,61.077309
"2017-08-08",63.639999,64.230003,63.599998,63.830002,472700,61.096447
"2017-08-09",63.529999,63.619999,62.52,62.91,579700,60.215855
"2017-08-10",62.580002,62.689999,60.709999,60.779999,579000,58.177071
"2017-08-11",61,61.23,60.740002,61.060001,541200,58.445072
"2017-08-14",62.150002,62.389999,61.68,62.200001,400600,59.536251
"2017-08-15",61.919998,62.209999,61.639999,61.68,495600,59.038521
"2017-08-16",61.75,62.240002,61.700001,61.869999,299300,59.220387
"2017-08-17",61.599998,61.970001,61.380001,61.439999,744300,58.808804
"2017-08-18",61.34,61.59,60.380001,60.389999,635300,57.803761
"2017-08-21",60.360001,60.59,59.779999,60.23,501600,57.650616
"2017-08-22",60.599998,60.93,60.349998,60.790001,632700,58.186634
"2017-08-23",60.41,61.290001,60.41,61.080002,472300,58.618511
"2017-08-24",61.099998,61.529999,60.990002,61.43,488200,58.954407
"2017-08-25",61.540001,62.57,61.529999,62.150002,908400,59.645386
"2017-08-28",62.150002,62.380001,61.290001,61.369999,465700,58.896816
"2017-08-29",61.110001,61.720001,61.040001,61.580002,364900,59.098354
"2017-08-30",61.41,62.419998,61.259998,62.41,634700,59.894913
"2017-08-31",62.59,63.59,62.529999,63.419998,883000,60.864204
"2017-09-01",63.529999,63.529999,61.169998,62.07,1051200,59.568611
"2017-09-05",61.779999,61.84,60.060001,60.369999,769400,57.937119
"2017-09-06",60.790001,60.93,59.650002,59.860001,685400,57.447666
"2017-09-07",59.779999,60.080002,58.950001,59.310001,862600,56.919842
"2017-09-08",58.73,59.330002,58.57,58.959999,991500,56.583939
"2017-09-11",59.48,60.25,59.48,59.939999,1052600,57.524441
"2017-09-12",60.119999,60.529999,59.860001,60.52,607000,58.081078
"2017-09-13",60.259998,61.419998,60.080002,61.310001,667000,58.839241
"2017-09-14",61.16,61.849998,60.650002,61.669998,952500,59.184727
"2017-09-15",61.689999,62.41,61.470001,61.889999,1979500,59.395851
"2017-09-18",62.220001,62.970001,61.91,62.799999,811800,60.269188
"2017-09-19",63.029999,63.040001,62.369999,62.849998,671200,60.317177
"2017-09-20",62.790001,62.950001,62.169998,62.810001,653300,60.278782
"2017-09-21",62.59,62.889999,62.27,62.68,485600,60.154026
"2017-09-22",62.689999,64.32,62.040001,64.199997,695800,61.612774
"2017-09-25",64.190002,64.190002,63.43,63.700001,521300,61.132919
"2017-09-26",64.050003,64.739998,63.400002,64.599998,528200,61.996643
"2017-09-27",64.879997,65.660004,64.410004,65.220001,735500,62.591663
"2017-09-28",65.169998,66.290001,65,66.220001,533700,63.551357
"2017-09-29",66.309998,66.800003,65.790001,66,1482400,63.340225
"2017-10-02",66.080002,68.379997,66.080002,68.32,1014900,65.566742
"2017-10-03",68.220001,69.160004,68.040001,68.849998,1230700,66.075371
"2017-10-04",68.559998,69.739998,68.459999,69.699997,1002400,66.891129
"2017-10-05",69.730003,70.169998,69.220001,69.290001,989500,66.497643
"2017-10-06",69.300003,69.690002,68.82,69.639999,691500,66.833534
"2017-10-09",69.75,70.510002,69.410004,70.279999,816100,67.447746
"2017-10-10",70.739998,71.529999,69.989998,70.300003,882200,67.466949
"2017-10-11",70.18,70.459999,68.940002,69.040001,1063400,66.257729
"2017-10-12",69.050003,69.32,68.699997,68.949997,673200,66.171333
"2017-10-13",66.68,68.440002,66.639999,68.080002,1253800,65.336411
"2017-10-16",67.949997,68.470001,67.690002,68.290001,1337400,65.537926
"2017-10-17",68.419998,68.760002,68.019997,68.540001,666900,65.777855
"2017-10-18",68.599998,68.870003,67.849998,68.650002,587400,65.883438
"2017-10-19",68.43,68.699997,66.739998,68.389999,696700,65.633911
"2017-10-20",69.050003,69.620003,68.760002,69.620003,613400,66.814339
"2017-10-23",69.830002,69.900002,69.360001,69.559998,581600,66.756767
"2017-10-24",69.709999,70.190002,69.040001,69.959999,510100,67.140617
"2017-10-25",69.730003,69.889999,68.010002,69.160004,9e+05,66.372894
"2017-10-26",69.349998,69.610001,68.360001,69.300003,659500,66.507256
"2017-10-27",69.639999,69.720001,68.230003,69.599998,815700,66.795166
"2017-10-30",69.449997,69.720001,68.599998,69.309998,497900,66.516838
"2017-10-31",69.540001,70.43,68.989998,70,895600,67.179031
"2017-11-01",68.82,70.709999,67.849998,68.919998,1032700,66.142548
"2017-11-02",69.080002,70.050003,68.150002,70,712400,67.179031
"2017-11-03",69.75,70.540001,69.419998,70.040001,624500,67.217407
"2017-11-06",70.029999,70.239998,69.040001,70.199997,455700,67.370949
"2017-11-07",69.949997,70.230003,68.099998,68.349998,792600,65.59552
"2017-11-08",68.080002,68.459999,67.309998,67.849998,846200,65.115677
"2017-11-09",67.540001,67.860001,66.480003,67.160004,679700,64.453491
"2017-11-10",66.709999,67.629997,66.709999,67.260002,950400,64.549454
"2017-11-13",67.019997,67.989998,67.019997,67.739998,834900,65.010117
"2017-11-14",67.589996,67.699997,66.839996,67.169998,561800,64.463081
"2017-11-15",66.349998,66.519997,65.589996,65.760002,630000,63.109905
"2017-11-16",65.779999,67.07,65.779999,66.419998,653200,63.743298
"2017-11-17",66.410004,66.739998,66.029999,66.110001,439000,63.445805
"2017-11-20",66.110001,67.150002,66.089996,66.75,759200,64.059982
"2017-11-21",67.059998,67.279999,66.220001,66.410004,695100,63.733715
"2017-11-22",66.169998,66.57,66.169998,66.300003,494000,63.829983
"2017-11-24",66.540001,66.540001,65.980003,66.370003,182100,63.897369
"2017-11-27",66.32,66.620003,66,66.449997,681000,63.974373
"2017-11-28",66.720001,69.470001,66.540001,69.419998,1035200,66.833748
"2017-11-29",69.419998,69.68,68,68.910004,864600,66.342751
"2017-11-30",69.419998,70.110001,68.019997,70.010002,1873800,67.401772
"2017-12-01",69.830002,69.900002,67.110001,69.139999,689300,66.564178
"2017-12-04",69.300003,70.550003,69.110001,70.139999,1036900,67.526917
"2017-12-05",69.940002,70.669998,69.290001,69.410004,664200,66.824104
"2017-12-06",69,69.18,68.019997,68.43,672500,65.880638
"2017-12-07",68.220001,69.389999,68.18,69.019997,814500,66.448631
"2017-12-08",69.550003,70.089996,69.400002,69.760002,823500,67.161087
"2017-12-11",69.529999,70.300003,69.519997,70.269997,686000,67.652069
"2017-12-12",70.32,70.489998,69.519997,70.190002,608400,67.575066
"2017-12-13",69.82,70.220001,69.519997,69.599998,617700,67.007034
"2017-12-14",69.669998,69.669998,67.580002,67.599998,693500,65.081558
"2017-12-15",67.339996,68.529999,67.239998,68.449997,1534600,65.899887
"2017-12-18",69,70.940002,67.940002,70.080002,1059800,67.469154
"2017-12-19",70.110001,70.849998,69.580002,70.019997,610900,67.411392
"2017-12-20",70.519997,70.849998,69.620003,70.400002,504100,67.777237
"2017-12-21",70.75,70.900002,69.019997,69.089996,611400,66.516037
"2017-12-22",69.370003,69.57,68.889999,69.199997,417300,66.621941
"2017-12-26",69.080002,69.290001,68.449997,68.989998,292100,66.419762
"2017-12-27",69.220001,69.839996,69.050003,69.599998,536300,67.007034
"2017-12-28",71.300003,71.300003,69.239998,69.910004,420100,67.305489
"2017-12-29",70.120003,70.25,69.360001,69.489998,424000,66.901138
