"dates","CFG.Open","CFG.High","CFG.Low","CFG.Close","CFG.Volume","CFG.Adjusted"
"2014-09-24",21.5,23.219999,21.35,23.08,60450900,19.128742
"2014-09-25",22.559999,23.41,22.450001,23.049999,8430000,19.103868
"2014-09-26",23.18,23.370001,22.91,23.25,2504400,19.269632
"2014-09-29",23.139999,23.450001,22.91,23.23,4832600,19.253057
"2014-09-30",23.110001,23.57,23.049999,23.42,4103100,19.410524
"2014-10-01",23.219999,23.610001,23.110001,23.440001,3915500,19.427103
"2014-10-02",23.34,23.59,23.302999,23.34,3121400,19.344221
"2014-10-03",23.379999,23.469999,23.01,23.23,1585900,19.253057
"2014-10-06",23.280001,23.370001,22.610001,22.639999,1208400,18.764063
"2014-10-07",22.559999,22.74,22.26,22.52,1508400,18.664612
"2014-10-08",22.110001,23.15,22.110001,22.75,1649200,18.855228
"2014-10-09",23,23,22.24,22.48,1229100,18.631456
"2014-10-10",22.389999,22.559999,22.135,22.280001,924000,18.465696
"2014-10-13",22.129999,22.66,22.120001,22.450001,1382800,18.60659
"2014-10-14",22.5,22.790001,22.299999,22.450001,1605800,18.60659
"2014-10-15",22.129999,22.200001,21.5,21.85,3405400,18.109312
"2014-10-16",21.51,21.950001,21.469999,21.799999,3105800,18.067867
"2014-10-17",21.889999,22.07,21.73,21.92,2750600,18.16733
"2014-10-20",21.82,22.379999,21.82,22.379999,1870600,18.548573
"2014-10-21",22.110001,22.93,22.110001,22.82,1165500,18.913248
"2014-10-22",22.780001,23,22.403,22.6,884700,18.730915
"2014-10-23",22.969999,23.08,22.59,23.030001,1154200,19.087297
"2014-10-24",23.32,23.49,22.77,23.18,1357800,19.211617
"2014-10-27",23.15,23.190001,22.725,22.85,2898800,18.938114
"2014-10-28",23.16,23.59,22.93,23.280001,1500600,19.294495
"2014-10-29",23.35,23.530001,23.200001,23.48,1302300,19.460255
"2014-10-30",23.459999,23.690001,23.297001,23.440001,1153600,19.427103
"2014-10-31",23.59,23.92,23.370001,23.620001,1238600,19.57629
"2014-11-03",23.49,24,23.16,24,1826900,19.891232
"2014-11-04",23.74,23.91,23.43,23.6,1474500,19.641556
"2014-11-05",23.799999,23.950001,23.549999,23.9,1097600,19.891232
"2014-11-06",23.790001,24.459999,23.75,24.299999,1010700,20.224142
"2014-11-07",24.48,24.48,23.959999,23.969999,600700,19.949488
"2014-11-10",24.040001,24.25,23.75,23.950001,1531300,19.93285
"2014-11-11",23.969999,24.219999,23.75,23.940001,658300,19.924528
"2014-11-12",23.75,23.98,23.51,23.860001,940800,19.857946
"2014-11-13",23.620001,23.959999,23.58,23.82,1149700,19.824652
"2014-11-14",23.74,24,23.74,23.959999,1111500,19.941164
"2014-11-17",24.110001,24.110001,23.559999,24,992400,19.974457
"2014-11-18",24.040001,24.040001,23.709999,23.73,586000,19.74975
"2014-11-19",23.799999,24,23.51,23.719999,812800,19.741428
"2014-11-20",23.57,23.870001,23.5,23.709999,745800,19.733103
"2014-11-21",23.950001,24.209999,23.695,23.77,725200,19.783041
"2014-11-24",23.799999,24.360001,23.68,24.25,836800,20.182529
"2014-11-25",24.24,24.299999,24.02,24.030001,701600,19.999432
"2014-11-26",24.110001,24.27,23.92,24.23,703700,20.16588
"2014-11-28",24.219999,25.09,24.049999,24.629999,713400,20.498789
"2014-12-01",24.620001,24.895,23.49,23.98,2282600,19.957813
"2014-12-02",24.02,24.43,23.799999,24.200001,1369300,20.140913
"2014-12-03",24.33,24.59,24.190001,24.23,1854500,20.16588
"2014-12-04",24.32,24.559999,24.09,24.4,1433700,20.307369
"2014-12-05",24.450001,25.219999,24.450001,25.15,1008400,20.93157
"2014-12-08",25.08,25.139999,24.68,25.040001,2244900,20.840019
"2014-12-09",24.709999,25.33,24.5,25.16,1141800,20.93989
"2014-12-10",25.15,25.41,24.620001,24.65,631000,20.515432
"2014-12-11",24.85,25.280001,24.51,24.690001,1709100,20.548727
"2014-12-12",24.52,24.83,24.4,24.459999,950800,20.357304
"2014-12-15",24.68,24.805,24.27,24.49,1175100,20.382273
"2014-12-16",24.530001,24.875,24.219999,24.25,1313900,20.182529
"2014-12-17",24.219999,24.799999,24.219999,24.559999,2160100,20.440527
"2014-12-18",24.75,25.139999,24.68,25.08,1768500,20.873306
"2014-12-19",25.040001,25.6,24.84,25,7523100,20.80673
"2014-12-22",25.16,25.278999,24.66,25.1,1689600,20.889956
"2014-12-23",25.309999,25.5,25.120001,25.440001,1174600,21.172926
"2014-12-24",25.450001,25.59,25.18,25.51,547200,21.231186
"2014-12-26",25.51,25.51,25.25,25.309999,304000,21.064732
"2014-12-29",25.200001,25.51,25.18,25.370001,1071000,21.11467
"2014-12-30",25.459999,25.5,25.16,25.190001,511800,20.964859
"2014-12-31",25.25,25.285,24.83,24.860001,621600,20.69021
"2015-01-02",24.969999,25,24.290001,24.76,643500,20.606985
"2015-01-05",24.58,24.68,23.84,24.18,1330400,20.124268
"2015-01-06",24.17,24.219999,23.700001,23.91,2075000,19.899553
"2015-01-07",23.99,24.129999,23.790001,24,1160200,19.974457
"2015-01-08",24.07,24.48,23.940001,24.18,661500,20.124268
"2015-01-09",24.15,24.18,23.780001,23.889999,724700,19.882908
"2015-01-12",23.799999,24.040001,23.620001,23.879999,941100,19.874592
"2015-01-13",23.940001,24.190001,23.610001,23.870001,989800,19.866264
"2015-01-14",23.6,23.743999,23.1,23.440001,962500,19.508385
"2015-01-15",23.370001,23.610001,22.67,22.959999,1558000,19.108902
"2015-01-16",22.83,23.24,22.790001,23.190001,1951800,19.300325
"2015-01-20",23.16,23.85,22.91,23.1,1742100,19.22542
"2015-01-21",23.07,23.59,23.01,23.280001,787300,19.375227
"2015-01-22",23.299999,24.16,23.280001,24.139999,486500,20.090982
"2015-01-23",24.040001,24.040001,23.67,23.709999,651800,19.733103
"2015-01-26",23.75,24.309999,23.530001,24.09,1167800,20.04936
"2015-01-27",23.860001,24.639999,23.76,24.15,1308200,20.0993
"2015-01-28",24.17,24.35,23.84,23.860001,1301900,19.857946
"2015-01-29",23.92,24.35,23.26,24.24,1818600,20.174202
"2015-01-30",24.1,24.24,23.809999,23.9,1882300,19.891232
"2015-02-02",23.85,24.16,23.690001,24,1445800,19.974457
"2015-02-03",23.91,24.450001,23.799999,24.290001,1351800,20.300402
"2015-02-04",24.27,24.379999,23.93,24.01,1101600,20.066393
"2015-02-05",24.09,24.41,23.98,24.35,984600,20.350554
"2015-02-06",24.41,25,24.219999,24.5,1748400,20.47591
"2015-02-09",24.48,24.530001,24.110001,24.26,781600,20.275328
"2015-02-10",24.73,24.959999,24.530001,24.82,1384900,20.743355
"2015-02-11",24.879999,25,24.549999,24.969999,1393100,20.868711
"2015-02-12",24.799999,25.370001,24.75,25.33,985100,21.169586
"2015-02-13",25.280001,25.67,25.139999,25.450001,1164500,21.269875
"2015-02-17",25.709999,25.74,25.26,25.559999,1807100,21.361811
"2015-02-18",25.629999,25.629999,25.059999,25.209999,1783500,21.06929
"2015-02-19",25.02,25.219999,24.85,25.02,896800,20.910501
"2015-02-20",25.1,25.26,24.862,25.25,744800,21.102726
"2015-02-23",25.1,25.1,24.674999,24.91,743600,20.818569
"2015-02-24",24.860001,25.07,24.77,24.93,530700,20.835285
"2015-02-25",24.870001,25,24.719999,24.959999,612600,20.860361
"2015-02-26",24.940001,24.995001,24.610001,24.85,702900,20.768427
"2015-02-27",24.799999,25,24.709999,24.84,468500,20.760063
"2015-03-02",24.84,25.18,24.620001,24.85,1408600,20.768427
"2015-03-03",24.82,25.049999,24.58,25.040001,905500,20.927217
"2015-03-04",24.99,24.99,24.5,24.9,1781500,20.810213
"2015-03-05",24.889999,25.32,24.610001,25.299999,1959200,21.144512
"2015-03-06",25.030001,25.799999,24.950001,25.5,1542200,21.311663
"2015-03-09",25.469999,25.535,25.110001,25.23,1890600,21.08601
"2015-03-10",24.950001,25.200001,24.790001,25,1434300,20.893787
"2015-03-11",25,25.27,25,25.110001,837700,20.985723
"2015-03-12",25.120001,25.780001,24.99,25.49,2143300,21.303305
"2015-03-13",25.17,25.23,24.43,24.77,3480900,20.701565
"2015-03-16",24.93,25.32,24.77,25.309999,1186800,21.152872
"2015-03-17",25.18,25.610001,24.9,25.6,1225200,21.395239
"2015-03-18",25.450001,25.84,25.1,25.190001,1287700,21.052578
"2015-03-19",25,25.190001,24.495001,24.799999,1824100,20.726637
"2015-03-20",24.780001,25.02,24.74,24.799999,6593200,20.726637
"2015-03-23",24.85,25.24,24.51,24.76,3773300,20.693207
"2015-03-24",24.700001,24.92,24.24,24.32,2657600,20.325478
"2015-03-25",24.27,24.43,23.84,24,5012400,20.058037
"2015-03-26",24,24.290001,23.83,24.120001,62491000,20.158325
"2015-03-27",24.110001,24.540001,24.1,24.48,9244300,20.459192
"2015-03-30",24.5,24.68,24.16,24.32,5463500,20.325478
"2015-03-31",24.219999,24.290001,24.040001,24.129999,3946500,20.166683
"2015-04-01",24.15,24.459999,24.030001,24.360001,5348500,20.358906
"2015-04-02",24.34,24.68,24.25,24.620001,6024800,20.576204
"2015-04-06",24.48,24.799999,24.280001,24.75,3718400,20.684853
"2015-04-07",24.73,25,24.700001,24.9,5752800,20.810213
"2015-04-08",25,25.09,24.879999,25,4441600,20.893787
"2015-04-09",25,25.139999,24.93,25.040001,3584900,20.927217
"2015-04-10",25.030001,25.299999,24.969999,25.110001,2606700,20.985723
"2015-04-13",25.190001,25.459999,24.98,25.450001,4462600,21.269875
"2015-04-14",25.15,25.25,25.02,25.139999,1860800,21.010792
"2015-04-15",25.15,25.66,25.02,25.6,3701300,21.395239
"2015-04-16",25.6,25.629999,25.200001,25.49,1971000,21.303305
"2015-04-17",25.360001,25.41,25.040001,25.120001,1303800,20.99408
"2015-04-20",25.190001,25.280001,24.969999,25.110001,2630000,20.985723
"2015-04-21",25.190001,25.459999,24.959999,25.040001,3493900,20.927217
"2015-04-22",25.5,25.98,24.92,25.49,3562600,21.303305
"2015-04-23",25.66,25.74,25.280001,25.639999,2450300,21.428663
"2015-04-24",25.66,25.719999,25.280001,25.57,1918400,21.370167
"2015-04-27",25.700001,25.84,25.48,25.48,4843500,21.294945
"2015-04-28",25.530001,25.825001,25.389999,25.780001,2557100,21.545675
"2015-04-29",25.629999,26.290001,25.6,26.09,3516600,21.80475
"2015-04-30",25.99,26.18,25.68,26.049999,2700300,21.771326
"2015-05-01",26.15,26.302,25.91,25.98,2090700,21.79649
"2015-05-04",26.049999,26.379999,25.969999,26.299999,1626000,22.064962
"2015-05-05",26.23,26.469999,26.139999,26.24,2164100,22.014624
"2015-05-06",26.290001,26.431999,25.780001,25.85,2614500,21.687428
"2015-05-07",25.82,25.959999,25.610001,25.950001,2998300,21.771326
"2015-05-08",26.190001,26.242001,25.57,25.809999,3298200,21.653872
"2015-05-11",25.83,26.190001,25.83,26.07,4875100,21.872
"2015-05-12",26.02,26.25,25.959999,26.15,3526300,21.939119
"2015-05-13",26.290001,26.41,25.99,26.23,3532400,22.006239
"2015-05-14",26.48,26.59,26.139999,26.48,2561300,22.215979
"2015-05-15",26.450001,26.582001,25.9,25.93,2266900,21.754547
"2015-05-18",25.99,26.379999,25.889999,26.299999,2182500,22.064962
"2015-05-19",26.02,26.889999,25.940001,26.860001,3279800,22.534788
"2015-05-20",26.65,26.950001,26.639999,26.75,3430900,22.442503
"2015-05-21",26.76,26.91,26.459999,26.84,5403600,22.518007
"2015-05-22",26.83,26.99,26.700001,26.92,3185400,22.585129
"2015-05-26",26.870001,26.99,26.66,26.700001,5930200,22.400551
"2015-05-27",26.764999,26.92,26.59,26.77,4423300,22.459284
"2015-05-28",26.77,26.92,26.58,26.83,3074900,22.509621
"2015-05-29",26.889999,26.950001,26.565001,26.84,11662100,22.518007
"2015-06-01",26.91,27.025,26.719999,26.950001,4060500,22.6103
"2015-06-02",27,27.34,26.950001,27.190001,3798500,22.811655
"2015-06-03",27.290001,27.67,27.24,27.620001,6359400,23.172415
"2015-06-04",27.530001,27.870001,27.530001,27.75,6119200,23.281481
"2015-06-05",27.790001,28.35,27.299999,28.32,7049800,23.759687
"2015-06-08",28.389999,28.709999,28,28.040001,11994700,23.524776
"2015-06-09",28.01,28.09,27.299999,28.08,8313400,23.558338
"2015-06-10",28.200001,28.309999,27.83,28,7645800,23.491219
"2015-06-11",28.09,28.17,27.459999,27.52,10332600,23.088514
"2015-06-12",27.5,27.639999,27.33,27.540001,8410200,23.105293
"2015-06-15",27.370001,27.99,27.360001,27.91,6176000,23.415712
"2015-06-16",27.85,28.290001,27.73,28.25,5020100,23.700962
"2015-06-17",28.33,28.41,27.84,27.91,6830800,23.415712
"2015-06-18",28,28.120001,27.6,28.07,6168300,23.549946
"2015-06-19",28.120001,28.459999,28.02,28.190001,29234700,23.650621
"2015-06-22",28.389999,28.540001,28.17,28.27,3695200,23.717741
"2015-06-23",28.379999,28.530001,28.059999,28.190001,5113400,23.650621
"2015-06-24",28.1,28.32,27.985001,28.049999,2675600,23.533167
"2015-06-25",27.950001,28.040001,27.280001,27.379999,5014800,22.971054
"2015-06-26",27.370001,27.615,27.26,27.540001,9588300,23.105293
"2015-06-29",27.209999,27.389999,26.799999,26.93,3022500,22.593519
"2015-06-30",27.209999,27.870001,26.985001,27.309999,5524900,22.912327
"2015-07-01",27.530001,27.74,27.34,27.440001,2837700,23.021391
"2015-07-02",27.43,27.469999,26.92,27.15,2158000,22.778095
"2015-07-06",26.93,27.040001,26.67,27.01,3392000,22.660633
"2015-07-07",27.01,27.040001,26.440001,26.74,3582600,22.434116
"2015-07-08",26.58,26.709999,26.459999,26.639999,3601900,22.350218
"2015-07-09",26.91,27.030001,26.799999,26.98,2196300,22.635464
"2015-07-10",27.25,27.35,27.049999,27.299999,1767500,22.903936
"2015-07-13",27.5,27.700001,27.190001,27.25,2075200,22.86199
"2015-07-14",27.299999,27.58,27.23,27.549999,3363200,23.113682
"2015-07-15",27.75,28,27.620001,27.799999,2356000,23.323423
"2015-07-16",27.889999,28.15,27.709999,28.110001,2239400,23.583511
"2015-07-17",28.08,28.181999,27.84,27.91,3126700,23.415712
"2015-07-20",27.93,28.17,27.870001,27.959999,4131700,23.457661
"2015-07-21",26.530001,27.58,25.48,26.719999,10366900,22.417332
"2015-07-22",26.690001,27.254999,26.614,27.040001,3829300,22.685804
"2015-07-23",27.059999,27.299999,26.370001,26.450001,3075000,22.190813
"2015-07-24",26.48,26.65,26.120001,26.15,1993900,21.939119
"2015-07-27",26.02,26.129999,25.68,25.940001,2544300,21.762934
"2015-07-28",25.799999,26.360001,25.74,26.17,5631600,21.955898
"2015-07-29",26.1,26.33,26,26,59753900,21.813274
"2015-07-30",26.030001,26.629999,25.6,26.49,17805600,22.310179
"2015-07-31",26.559999,26.6,25.98,26.07,9396400,21.95645
"2015-08-03",26.18,26.5,26,26.030001,6981500,21.922766
"2015-08-04",26.049999,26.440001,25.9,26.27,5120700,22.124893
"2015-08-05",26.49,26.84,26.41,26.66,6478800,22.453354
"2015-08-06",26.77,26.84,26.43,26.65,4042000,22.444935
"2015-08-07",26.530001,26.82,26.309999,26.700001,8972800,22.487041
"2015-08-10",27.01,27.26,26.9,27.190001,4443200,22.899731
"2015-08-11",27,27.190001,26.700001,26.84,4909300,22.60495
"2015-08-12",26.780001,26.790001,25.74,26.030001,6983100,21.922766
"2015-08-13",26,26.299999,25.975,26.200001,4317400,22.065937
"2015-08-14",26.26,26.42,26.129999,26.379999,1998500,22.217531
"2015-08-17",26.309999,26.48,26.08,26.280001,1746200,22.133316
"2015-08-18",26.290001,26.58,26.190001,26.559999,2415200,22.369133
"2015-08-19",26.43,26.57,26.23,26.26,4323000,22.11647
"2015-08-20",26.049999,26.290001,25.33,25.33,3193800,21.333216
"2015-08-21",25.02,25.110001,24.57,24.57,4203100,20.693136
"2015-08-24",23.58,24.1,21.139999,23.030001,8454800,19.396128
"2015-08-25",23.799999,24.08,23.07,23.1,5607800,19.455086
"2015-08-26",24,24.450001,23.450001,24.190001,6358500,20.373098
"2015-08-27",24.65,24.99,24.370001,24.48,5251700,20.617331
"2015-08-28",24.67,24.885,24.370001,24.690001,3096500,20.794201
"2015-08-31",24.620001,24.940001,24.5,24.82,3553100,20.903687
"2015-09-01",24.469999,24.59,23.52,23.690001,5046600,19.951988
"2015-09-02",23.98,24.33,23.440001,24.129999,5658400,20.322559
"2015-09-03",24.299999,24.790001,24.209999,24.5,3093800,20.634176
"2015-09-04",24.24,24.43,23.959999,24.09,2295000,20.28887
"2015-09-08",24.6,24.629999,24.215,24.629999,3484900,20.743664
"2015-09-09",24.780001,24.99,24.365,24.4,3949800,20.549955
"2015-09-10",24.299999,24.636,24.219999,24.440001,2010800,20.583647
"2015-09-11",24.299999,24.540001,24.059999,24.32,3544800,20.482582
"2015-09-14",24.280001,24.67,24.25,24.41,2459300,20.558376
"2015-09-15",24.450001,25.139999,24.422001,25.030001,2882000,21.080553
"2015-09-16",24.93,25.059999,24.635,24.879999,3541400,20.954222
"2015-09-17",24.84,24.959999,23.68,24.040001,5433100,20.246761
"2015-09-18",23.690001,23.99,23.219999,23.75,11030900,20.002522
"2015-09-21",23.950001,24.139999,23.719999,23.9,3422200,20.128849
"2015-09-22",23.5,23.67,23.42,23.6,2220000,19.876192
"2015-09-23",23.75,23.790001,23.275,23.34,3662100,19.657213
"2015-09-24",23.059999,23.32,23,23.24,3495100,19.572992
"2015-09-25",23.629999,23.82,23.48,23.610001,4083200,19.884611
"2015-09-28",23.4,23.559999,22.6,22.629999,5404800,19.059242
"2015-09-29",22.76,23.440001,22.565001,23.219999,5979200,19.55615
"2015-09-30",23.66,25.23,23.389999,23.860001,5608500,20.095165
"2015-10-01",23.75,24.02,23.370001,23.5,3214100,19.791964
"2015-10-02",22.99,23.48,22.48,23.41,7919400,19.716166
"2015-10-05",23.639999,23.83,23.32,23.719999,6639600,19.977253
"2015-10-06",23.66,23.83,23.299999,23.360001,3616500,19.674063
"2015-10-07",23.52,23.565001,23.18,23.440001,4528600,19.741434
"2015-10-08",23.43,23.639999,23.24,23.52,4248700,19.808809
"2015-10-09",23.49,23.82,23.360001,23.459999,3644200,19.758272
"2015-10-12",23.459999,23.690001,23.389999,23.559999,1948800,19.842499
"2015-10-13",23.5,23.620001,23.379999,23.459999,2278100,19.758272
"2015-10-14",23.35,23.49,22.790001,22.91,2973500,19.295061
"2015-10-15",23.040001,23.59,22.940001,23.52,3083900,19.808809
"2015-10-16",23.620001,23.780001,23.219999,23.219999,4212300,19.55615
"2015-10-19",23.200001,23.49,23.030001,23.23,3846700,19.564573
"2015-10-20",23.23,23.6,23.16,23.389999,4082200,19.699322
"2015-10-21",23.48,23.865,23.17,23.17,3909600,19.514038
"2015-10-22",23.26,23.620001,22.870001,22.870001,9977700,19.26137
"2015-10-23",23.549999,24.299999,23.209999,24.219999,9488000,20.398359
"2015-10-26",24.25,24.49,23.559999,23.6,4690000,19.876192
"2015-10-27",23.42,23.799999,23.27,23.530001,4038000,19.817236
"2015-10-28",23.52,24.440001,23.52,24.18,5537400,20.364672
"2015-10-29",24.18,24.43,24.01,24.110001,4366100,20.305716
"2015-10-30",23.75,24.389999,23.73,24.299999,50057600,20.465736
"2015-11-02",24.58,24.700001,24.120001,24.450001,14762900,20.592068
"2015-11-03",24.459999,24.620001,24.139999,24.42,6333800,20.651268
"2015-11-04",24.549999,24.74,24.200001,24.530001,11116700,20.744291
"2015-11-05",24.469999,24.93,24.440001,24.610001,10044600,20.811943
"2015-11-06",25.469999,25.969999,25.120001,25.73,16322300,21.759092
"2015-11-09",25.73,26.049999,25.48,25.870001,10013800,21.877485
"2015-11-10",25.870001,26.09,25.77,26,14272600,21.987423
"2015-11-11",26,26.129999,25.889999,26.09,6575500,22.06353
"2015-11-12",25.75,25.950001,25.49,25.51,8336200,21.573046
"2015-11-13",25.49,25.6,25.219999,25.530001,9834200,21.58996
"2015-11-16",25.6,25.719999,25.27,25.68,6910900,21.716808
"2015-11-17",25.719999,25.91,25.52,25.6,4455500,21.649157
"2015-11-18",25.73,26.219999,25.610001,26.200001,5740100,22.156557
"2015-11-19",26.1,26.24,25.9,26.120001,3415400,22.088909
"2015-11-20",26.309999,26.309999,25.870001,26.02,3096000,22.004335
"2015-11-23",25.969999,26.18,25.67,25.74,4369400,21.767546
"2015-11-24",25.639999,26.15,25.51,26.129999,4961100,22.097363
"2015-11-25",26.129999,26.280001,25.937,26.26,4382200,22.207296
"2015-11-27",26.23,26.5,26.145,26.389999,2250600,22.317234
"2015-11-30",26.43,26.65,26.254999,26.629999,9731800,22.520197
"2015-12-01",26.809999,26.870001,26.280001,26.5,6003100,22.410259
"2015-12-02",26.75,26.860001,26.459999,26.639999,10320000,22.528652
"2015-12-03",26.83,26.84,26.379999,26.469999,10031700,22.384886
"2015-12-04",26.690001,27.139999,26.459999,27.120001,5481300,22.934574
"2015-12-07",27.1,27.17,26.365,26.51,5337900,22.418715
"2015-12-08",26.25,26.549999,26.09,26.41,4656400,22.334148
"2015-12-09",26.33,26.74,25.790001,26.1,6760600,22.071991
"2015-12-10",26.1,26.57,26.040001,26.299999,3559700,22.241121
"2015-12-11",25.959999,26.17,25.370001,25.610001,6501300,21.657614
"2015-12-14",25.74,25.959999,25.4,25.719999,5119800,21.750633
"2015-12-15",26.18,26.700001,26.040001,26.540001,5445300,22.444084
"2015-12-16",26.75,27.02,25.93,26.91,9247000,22.756983
"2015-12-17",26.91,27.08,26.424999,26.48,5395000,22.393345
"2015-12-18",26.389999,26.450001,25.84,25.9,10143900,21.902857
"2015-12-21",26.139999,26.34,25.731001,26.030001,4147900,22.012796
"2015-12-22",26.16,26.459999,25.700001,26.25,5388300,22.198839
"2015-12-23",26.35,26.540001,26.17,26.52,3890900,22.427172
"2015-12-24",26.450001,26.68,26.370001,26.6,1072600,22.494827
"2015-12-28",26.440001,26.469999,26.08,26.41,2238800,22.334148
"2015-12-29",26.540001,26.805,26.49,26.620001,2872000,22.511742
"2015-12-30",26.49,26.66,26.26,26.299999,2062900,22.241121
"2015-12-31",26.219999,26.49,26.139999,26.190001,2307000,22.1481
"2016-01-04",25.709999,25.99,25.455,25.799999,5598700,21.818289
"2016-01-05",25.77,25.950001,25.52,25.68,6389300,21.716808
"2016-01-06",25.299999,25.530001,25.15,25.280001,5418800,21.378546
"2016-01-07",24.790001,24.915001,24.299999,24.59,4976700,20.795033
"2016-01-08",24.809999,24.879999,23.66,23.82,10583700,20.143867
"2016-01-11",24.18,24.24,23.67,23.9,6981400,20.211515
"2016-01-12",24.1,24.15,23.59,23.9,7081700,20.211515
"2016-01-13",24.08,24.15,22.955,23.219999,8078100,19.636463
"2016-01-14",23.34,23.379999,22.6,22.9,9374000,19.365839
"2016-01-15",22.190001,22.469999,21.700001,22.32,12940800,18.875355
"2016-01-19",22.6,22.705,22.040001,22.23,9794300,18.799248
"2016-01-20",21.870001,21.969999,21,21.6,11155900,18.266476
"2016-01-21",21.629999,21.84,21.125,21.33,9819600,18.038145
"2016-01-22",21.65,21.799999,19.75,20.780001,23182200,17.573029
"2016-01-25",20.780001,20.915001,19.73,19.790001,12599300,16.735819
"2016-01-26",19.969999,20.57,19.969999,20.290001,16250900,17.158648
"2016-01-27",20.98,21.610001,20.799999,21.209999,33935400,17.936663
"2016-01-28",21.5,21.85,21.139999,21.74,21317800,18.384871
"2016-01-29",21.879999,21.950001,21.25,21.25,94875300,17.970491
"2016-02-01",21.110001,21.209999,20.559999,20.780001,10617700,17.573029
"2016-02-02",20.51,20.620001,20.08,20.209999,12990500,17.173637
"2016-02-03",20.27,20.305,19.25,20.049999,14336100,17.037678
"2016-02-04",20.040001,20.549999,19.889999,20.23,9247700,17.190632
"2016-02-05",20.26,20.620001,19.76,19.85,8105900,16.867727
"2016-02-08",19.52,19.74,18.950001,19.200001,10227000,16.315374
"2016-02-09",18.93,19.610001,18.889999,19.549999,10511900,16.612795
"2016-02-10",19.629999,19.76,18.795,18.860001,10445600,16.026461
"2016-02-11",18.450001,18.65,18.040001,18.139999,8392700,15.414637
"2016-02-12",18.6,18.99,18.32,18.889999,9360800,16.051954
"2016-02-16",19.15,19.754999,18.9,19.360001,8897700,16.451344
"2016-02-17",19.59,20.25,19.450001,19.65,9440400,16.697773
"2016-02-18",19.67,19.809999,18.959999,19.110001,7980000,16.238907
"2016-02-19",19.110001,19.299999,18.885,19.24,4536100,16.349375
"2016-02-22",19.57,19.82,19.440001,19.799999,4789700,16.825237
"2016-02-23",19.73,19.809999,19.094999,19.370001,6184400,16.459839
"2016-02-24",19,19.16,18.775,19,5749500,16.145428
"2016-02-25",19.02,19.219999,18.83,19.18,6750600,16.298388
"2016-02-26",19.299999,20.110001,18.99,19.74,11218600,16.774256
"2016-02-29",19.66,19.799999,19.18,19.23,4248100,16.340874
"2016-03-01",19.33,20.280001,19.315001,20.27,7856800,17.224621
"2016-03-02",20.24,21.094999,20.16,20.959999,8907100,17.810957
"2016-03-03",20.85,21.559999,20.82,21.440001,8729100,18.218842
"2016-03-04",21.639999,22.23,21.584999,21.93,7150200,18.635225
"2016-03-07",21.700001,21.860001,21.41,21.530001,6164000,18.295324
"2016-03-08",21.26,21.26,20.530001,20.92,9761900,17.77697
"2016-03-09",21.1,21.23,20.559999,20.700001,5653000,17.590019
"2016-03-10",20.879999,21.23,20.58,21.01,5182200,17.853447
"2016-03-11",21.34,21.934999,21.290001,21.91,5958900,18.618229
"2016-03-14",21.809999,22.16,21.6,22.09,4860800,18.771185
"2016-03-15",21.82,22.219999,21.629999,22.190001,5750100,18.856165
"2016-03-16",22.01,22.549999,21.58,21.610001,8255800,18.363308
"2016-03-17",21.5,21.815001,21.129999,21.73,7425100,18.465271
"2016-03-18",21.93,22.24,21.76,22.08,10236600,18.762691
"2016-03-21",22.110001,22.25,21.73,22,3721900,18.694708
"2016-03-22",21.860001,22.07,21.559999,21.93,3745800,18.635225
"2016-03-23",21.93,21.965,21.549999,21.690001,3020100,18.43128
"2016-03-24",21.440001,21.700001,21.219999,21.59,3906500,18.346308
"2016-03-28",21.67,21.73,21.27,21.389999,3613000,18.176352
"2016-03-29",21.23,21.379999,20.790001,21.200001,5997200,18.014896
"2016-03-30",21.209999,21.355,20.98,21.25,6099700,18.05739
"2016-03-31",21.200001,21.209999,20.74,20.950001,4954800,17.802458
"2016-04-01",20.92,21.379999,20.629999,21.35,4556800,18.142368
"2016-04-04",21.299999,21.65,21.115,21.51,4721700,18.278326
"2016-04-05",21.280001,21.344999,20.690001,20.76,6993200,17.641005
"2016-04-06",20.74,21.360001,20.549999,21.34,6861700,18.133867
"2016-04-07",21.120001,21.25,20.530001,20.790001,6302300,17.666496
"2016-04-08",20.959999,21.35,20.780001,20.870001,5449600,17.73448
"2016-04-11",21.030001,21.450001,21.02,21.040001,2854300,17.878937
"2016-04-12",21.16,21.545,21.139999,21.51,4149300,18.278326
"2016-04-13",21.75,22.74,21.66,22.6,6202600,19.204567
"2016-04-14",22.58,23.280001,22.450001,22.82,5943800,19.391504
"2016-04-15",22.77,22.879999,22.41,22.549999,5015500,19.162075
"2016-04-18",22.4,22.77,22.25,22.719999,3604600,19.306536
"2016-04-19",22.73,23.375,22.73,23.1,8795800,19.629446
"2016-04-20",23.129999,23.43,22.99,23.360001,7534500,19.850378
"2016-04-21",23.74,24.24,23.48,23.530001,8222300,19.994839
"2016-04-22",23.620001,23.77,23.48,23.620001,5180600,20.071321
"2016-04-25",23.58,23.629999,23.129999,23.379999,3325900,19.867371
"2016-04-26",23.48,23.645,23.33,23.549999,4065900,20.011837
"2016-04-27",23.52,23.83,23.344999,23.620001,4806500,20.071321
"2016-04-28",23.4,23.65,23.135,23.24,3265900,19.748411
"2016-04-29",23.08,23.26,22.709999,22.85,5315000,19.417004
"2016-05-02",22.84,23.09,22.57,23.059999,3123000,19.6989
"2016-05-03",22.68,22.75,22.290001,22.51,3869200,19.229067
"2016-05-04",22.25,22.34,21.635,21.99,5202100,18.784861
"2016-05-05",22,22.200001,21.780001,22.110001,4871200,18.887367
"2016-05-06",21.91,22.219999,21.77,22.09,3713900,18.870287
"2016-05-09",22.030001,22.219999,21.83,21.85,2712400,18.665268
"2016-05-10",21.940001,22.52,21.82,22.360001,10159300,19.100933
"2016-05-11",22.360001,22.629999,22.190001,22.200001,3672600,18.964252
"2016-05-12",22.360001,22.469999,21.6,21.76,5748800,18.588385
"2016-05-13",22,22.219999,21.25,21.4,6519600,18.280857
"2016-05-16",21.42,21.9,21.299999,21.709999,4284700,18.545677
"2016-05-17",21.59,22.09,21.459999,21.82,4167700,18.639637
"2016-05-18",21.74,23.139999,21.74,23.129999,9873100,19.758703
"2016-05-19",22.940001,23.485001,22.620001,22.9,4818800,19.562227
"2016-05-20",22.99,23.41,22.860001,22.98,3933200,19.630566
"2016-05-23",22.969999,23.110001,22.719999,22.969999,2941400,19.622021
"2016-05-24",23.120001,23.57,23.030001,23.25,3165600,19.861208
"2016-05-25",23.4,23.855,23.26,23.690001,6771500,20.237078
"2016-05-26",23.68,23.709999,23.27,23.35,4663400,19.946638
"2016-05-27",23.43,23.620001,23.26,23.59,3513500,20.151653
"2016-05-31",23.76,23.809999,23.35,23.549999,6726900,20.117485
"2016-06-01",23.280001,23.709999,22.959999,23.6,3952200,20.160194
"2016-06-02",23.549999,23.879999,23.290001,23.83,3508100,20.356676
"2016-06-03",22.83,23.23,22.52,23.139999,7799800,19.767244
"2016-06-06",23.24,23.67,23.15,23.469999,5449800,20.049145
"2016-06-07",23.459999,23.700001,23.32,23.48,3722500,20.057686
"2016-06-08",23.49,23.690001,23.360001,23.459999,3343100,20.0406
"2016-06-09",23.26,23.26,22.809999,22.879999,4449100,19.545139
"2016-06-10",22.549999,22.690001,22.27,22.459999,4677600,19.186354
"2016-06-13",22.309999,22.719999,22.049999,22.08,5179700,18.861744
"2016-06-14",22.01,22.18,20.940001,21.309999,8924700,18.203974
"2016-06-15",21.440001,21.84,21.299999,21.360001,6084900,18.246687
"2016-06-16",21.16,21.190001,20.83,20.940001,4987500,17.887905
"2016-06-17",21,21.235001,20.92,21.1,9968000,18.024582
"2016-06-20",21.530001,21.82,21.25,21.309999,6019400,18.203974
"2016-06-21",21.33,21.59,21.059999,21.549999,6220000,18.408993
"2016-06-22",21.52,21.82,21.34,21.370001,4140200,18.25523
"2016-06-23",21.75,22.129999,21.690001,22.120001,5342800,18.895916
"2016-06-24",20.469999,20.82,19.950001,19.950001,21596300,17.042198
"2016-06-27",19.559999,19.559999,18.34,18.440001,13059000,15.752294
"2016-06-28",18.91,19.280001,18.615,18.969999,23334900,16.20504
"2016-06-29",19.25,19.59,18.860001,19.52,8301000,16.674875
"2016-06-30",19.77,20.120001,19.629999,19.98,10744100,17.067829
"2016-07-01",19.879999,19.91,19.379999,19.65,5723900,16.785927
"2016-07-05",19.309999,19.34,18.73,18.9,5693200,16.145241
"2016-07-06",18.65,19.01,18.58,18.99,7896000,16.22212
"2016-07-07",18.99,19.440001,18.99,19.42,8140400,16.589451
"2016-07-08",19.790001,20.01,19.525,19.85,8867100,16.956779
"2016-07-11",20.030001,20.225,19.940001,20.120001,4953400,17.187424
"2016-07-12",20.450001,20.690001,20.360001,20.440001,6519500,17.460783
"2016-07-13",20.370001,20.605,20.209999,20.559999,3949200,17.563286
"2016-07-14",21,21.360001,20.82,20.99,4670500,17.930618
"2016-07-15",21.139999,21.27,20.950001,20.98,5157300,17.922071
"2016-07-18",20.940001,21.08,20.74,20.98,8284900,17.922071
"2016-07-19",20.77,21.18,20.77,21.030001,5204800,17.964785
"2016-07-20",21.059999,21.530001,20.84,21.32,8471000,18.212515
"2016-07-21",22.26,22.5,21.514999,21.68,12955900,18.520048
"2016-07-22",21.75,22,21.610001,21.799999,6390700,18.622553
"2016-07-25",21.74,22.07,21.74,22.030001,5910700,18.819029
"2016-07-26",21.99,22.559999,21.91,22.49,6197800,19.211983
"2016-07-27",22.469999,22.75,22.25,22.58,8846600,19.288866
"2016-07-28",22.549999,22.73,22.305,22.450001,6201300,19.177814
"2016-07-29",22.370001,22.73,22.280001,22.33,4011700,19.075306
"2016-08-01",22.25,22.525,22.120001,22.200001,4848100,19.066715
"2016-08-02",22.16,22.440001,21.92,22.049999,5918500,18.937883
"2016-08-03",22.07,22.48,22,22.459999,4841300,19.290018
"2016-08-04",22.450001,22.725,22.450001,22.610001,5901700,19.41885
"2016-08-05",22.950001,23.450001,22.860001,23.389999,7331000,20.08876
"2016-08-08",23.49,23.690001,23.379999,23.450001,5396500,20.140291
"2016-08-09",23.379999,23.59,23.280001,23.49,5153000,20.174646
"2016-08-10",23.450001,23.530001,23.16,23.25,3478400,19.968521
"2016-08-11",23.290001,23.52,23.148001,23.4,3691000,20.097351
"2016-08-12",23.219999,23.290001,22.959999,23.27,3080100,19.985699
"2016-08-15",23.42,23.68,23.35,23.540001,4491000,20.217594
"2016-08-16",23.35,23.665001,23.320999,23.389999,4756500,20.08876
"2016-08-17",23.32,23.540001,23.319,23.440001,4241700,20.131706
"2016-08-18",23.459999,23.594999,23.32,23.389999,3797000,20.08876
"2016-08-19",23.309999,23.620001,23.200001,23.58,2948800,20.251945
"2016-08-22",23.559999,23.620001,23.370001,23.5,3139100,20.183235
"2016-08-23",23.629999,23.76,23.504999,23.530001,4698200,20.209003
"2016-08-24",23.58,23.75,23.43,23.49,4032600,20.174646
"2016-08-25",23.469999,23.695,23.370001,23.639999,2293600,20.303474
"2016-08-26",23.700001,24.16,23.639999,24.120001,6155000,20.715731
"2016-08-29",24.200001,24.690001,24.18,24.459999,6644600,21.007744
"2016-08-30",24.459999,24.809999,24.08,24.73,4555300,21.239635
"2016-08-31",24.75,24.799999,24.424999,24.77,6701900,21.273985
"2016-09-01",24.860001,24.959999,24.295,24.52,4631200,21.059271
"2016-09-02",24.59,24.875,24.41,24.68,4892100,21.196693
"2016-09-06",24.67,24.73,24.165001,24.299999,4998300,20.870323
"2016-09-07",24.24,24.643,24.15,24.57,3645400,21.102217
"2016-09-08",24.620001,24.940001,24.504999,24.92,4293800,21.402819
"2016-09-09",24.73,25.07,24.700001,24.809999,7103200,21.308342
"2016-09-12",24.6,25.110001,24.33,25.07,6584000,21.531647
"2016-09-13",24.719999,24.790001,24.219999,24.620001,6656600,21.145161
"2016-09-14",24.610001,24.82,24.35,24.4,4671200,20.956207
"2016-09-15",24.309999,24.620001,24.26,24.48,5107800,21.024921
"2016-09-16",24.26,24.32,23.940001,24.1,8753900,20.698553
"2016-09-19",24.27,24.530001,24.110001,24.190001,4027900,20.775848
"2016-09-20",24.389999,24.450001,23.975,24.17,4080300,20.758673
"2016-09-21",24.35,24.535,24.08,24.309999,3832600,20.878912
"2016-09-22",24.389999,24.495001,24.16,24.24,4438100,20.818794
"2016-09-23",24.16,24.565001,24.110001,24.41,4935700,20.9648
"2016-09-26",24.190001,24.27,23.84,23.959999,4708100,20.578312
"2016-09-27",23.9,24.33,23.809999,24.309999,3868500,20.878912
"2016-09-28",24.309999,24.469999,23.889999,24.41,8700300,20.9648
"2016-09-29",24.469999,24.59,23.84,24.049999,5070200,20.655613
"2016-09-30",24.280001,24.82,24.120001,24.709999,6661500,21.222456
"2016-10-03",24.57,24.719999,24.42,24.6,3174200,21.127985
"2016-10-04",24.67,25.34,24.639999,24.99,5959300,21.462938
"2016-10-05",25.15,25.68,25.049999,25.57,5297800,21.961081
"2016-10-06",25.59,25.790001,25.33,25.690001,3921100,22.064142
"2016-10-07",25.700001,25.799999,25.219999,25.5,4944000,21.900957
"2016-10-10",25.790001,25.909,25.49,25.540001,3131200,21.935312
"2016-10-11",25.540001,25.76,24.83,24.959999,7271500,21.437172
"2016-10-12",24.99,25.485001,24.950001,25.25,4079400,21.686245
"2016-10-13",24.940001,24.955,24.219999,24.52,4791900,21.059271
"2016-10-14",24.92,25.1,24.610001,24.790001,3596500,21.291174
"2016-10-17",24.84,25,24.434999,24.58,3493800,21.110807
"2016-10-18",24.93,24.950001,24.559999,24.85,3373900,21.342701
"2016-10-19",24.93,25.405001,24.93,25.299999,3578900,21.729185
"2016-10-20",25.190001,25.74,25.139999,25.549999,6624300,21.943895
"2016-10-21",25.68,26.09,25.5,25.969999,4308400,22.304626
"2016-10-24",26.360001,26.49,26.17,26.35,5127100,22.630991
"2016-10-25",26.4,26.545,26.190001,26.459999,4255900,22.725462
"2016-10-26",26.370001,26.870001,26.34,26.870001,4994900,23.077599
"2016-10-27",27.059999,27.209999,26.77,26.870001,5738000,23.077599
"2016-10-28",26.870001,26.889999,26.209999,26.35,7858900,22.630991
"2016-10-31",26.379999,26.540001,26.25,26.34,5903400,22.725901
"2016-11-01",26.52,26.85,26.34,26.84,7868800,23.15729
"2016-11-02",26.629999,26.66,25.870001,26.1,7557200,22.518826
"2016-11-03",26.26,26.504999,26.155001,26.27,4931000,22.665503
"2016-11-04",26.26,26.76,25.975,26.41,3643500,22.786291
"2016-11-07",26.940001,27.370001,26.940001,27.35,5132500,23.597319
"2016-11-08",26.82,27.155001,26.459999,26.950001,5125100,23.252201
"2016-11-09",27.290001,28.440001,27.200001,28.200001,12784900,24.330687
"2016-11-10",28.66,30,28.66,29.6,12026100,25.538595
"2016-11-11",29.42,30,29.049999,29.85,16252800,25.754293
"2016-11-14",30.129999,31.01,30.084999,30.879999,14672000,26.642967
"2016-11-15",30.5,31.165001,30.09,30.940001,10089900,26.694729
"2016-11-16",30.35,30.790001,30.26,30.73,7471500,26.513546
"2016-11-17",30.73,31.799999,30.690001,31.73,9743700,27.376337
"2016-11-18",31.809999,32.134998,31.65,31.969999,8228300,27.583403
"2016-11-21",32.23,32.23,31.700001,31.93,4587300,27.548893
"2016-11-22",32.169998,32.259998,31.775,31.92,8293900,27.540264
"2016-11-23",31.99,32.630001,31.82,32.400002,5667700,27.954407
"2016-11-25",32.389999,32.459999,32.25,32.459999,1507000,28.006176
"2016-11-28",32.139999,32.360001,31.690001,31.780001,5531000,27.419477
"2016-11-29",31.959999,32.584999,31.860001,32.389999,5712900,27.945778
"2016-11-30",33.049999,33.700001,33.049999,33.509998,7345100,28.912107
"2016-12-01",33.869999,34.91,33.830002,34.380001,7613600,29.662735
"2016-12-02",34.540001,34.540001,33.810001,34.150002,5881800,29.464291
"2016-12-05",34.549999,34.75,33.889999,34.150002,6612000,29.464291
"2016-12-06",34.610001,34.810001,34.220001,34.700001,4585300,29.938822
"2016-12-07",34.73,35.080002,34.125,35.060001,6267200,30.249426
"2016-12-08",35.369999,35.75,34.759998,35.540001,6598600,30.66357
"2016-12-09",35.540001,35.59,34.869999,35.509998,4745900,30.637686
"2016-12-12",35.080002,35.689999,34.759998,35.009998,4836100,30.206291
"2016-12-13",35.150002,35.200001,34.130001,34.799999,6048200,30.025108
"2016-12-14",34.43,35.810001,34.16,34.630001,7098400,29.878429
"2016-12-15",35.119999,35.810001,34.580002,35.400002,6350200,30.542778
"2016-12-16",35.709999,36.049999,35.119999,35.32,13133400,30.473753
"2016-12-19",35.299999,35.419998,34.861,35.369999,5258300,30.516895
"2016-12-20",35.720001,36.130001,35.580002,36.080002,3430700,31.129482
"2016-12-21",36.049999,36.099998,35.695,36.02,2900300,31.077709
"2016-12-22",36.02,36.16,35.860001,36,3788100,31.06045
"2016-12-23",36.02,36.330002,35.91,36.330002,1896100,31.345179
"2016-12-27",36.389999,36.560001,36.169998,36.459999,1935800,31.457335
"2016-12-28",36.48,36.519001,35.880001,36,2837800,31.06045
"2016-12-29",35.950001,36.02,35.235001,35.279999,3783600,30.439241
"2016-12-30",35.34,35.669998,35.150002,35.630001,3394300,30.741222
"2017-01-03",36.439999,37.080002,35.560001,35.860001,5045900,30.939667
"2017-01-04",36.029999,36.25,35.830002,36.169998,4354900,31.207125
"2017-01-05",36.02,36.255001,35.224998,35.720001,3725200,30.818878
"2017-01-06",35.91,36.080002,35.709999,35.91,3623500,30.982805
"2017-01-09",35.630001,35.830002,35.150002,35.68,3035600,30.784361
"2017-01-10",35.880001,36.369999,35.799999,36.279999,3730400,31.302032
"2017-01-11",36.169998,36.369999,35.84,36.27,4273300,31.293404
"2017-01-12",36.099998,36.139999,35.165001,35.919998,3961600,30.991434
"2017-01-13",36.200001,36.98,35.900002,36.290001,5200800,31.310663
"2017-01-17",35.830002,35.91,33.970001,34.119999,8472300,29.438408
"2017-01-18",34.360001,35.02,33.799999,34.990002,6386100,30.189041
"2017-01-19",34.93,35.424999,34.41,34.73,5737300,29.964706
"2017-01-20",35.560001,36.18,35.299999,35.82,8164500,30.905149
"2017-01-23",35.599998,35.970001,35.380001,35.889999,4893700,30.965542
"2017-01-24",35.959999,36.41,35.875,36.299999,6052500,31.319288
"2017-01-25",36.759998,37.540001,36.673,37.52,5714200,32.371891
"2017-01-26",37.509998,37.950001,37.209999,37.540001,4795700,32.389153
"2017-01-27",37.43,37.48,36.869999,36.990002,4278600,31.914612
"2017-01-30",36.540001,36.759998,35.900002,36.529999,4981900,31.517738
"2017-01-31",36.330002,36.869999,35.869999,36.169998,4774900,31.327187
"2017-02-01",36.540001,37.16,36.384998,36.490002,4795900,31.604343
"2017-02-02",36.189999,36.220001,35.650002,36.040001,4355900,31.21459
"2017-02-03",36.810001,36.904999,36.360001,36.790001,3873300,31.864174
"2017-02-06",36.310001,36.919998,36.209999,36.470001,4633600,31.587019
"2017-02-07",36.599998,36.810001,36.325001,36.59,3815800,31.690954
"2017-02-08",36.25,36.279999,35.240002,35.349998,8451800,30.616966
"2017-02-09",35.349998,36.275002,35.209999,36.240002,5731000,31.387812
"2017-02-10",36.150002,36.529999,36.09,36.419998,3283800,31.543713
"2017-02-13",36.810001,37.200001,36.709999,36.919998,3506200,31.976772
"2017-02-14",36.919998,38.07,36.77,37.98,5148600,32.89484
"2017-02-15",38.099998,38.43,37.759998,38.369999,3840400,33.232632
"2017-02-16",38.110001,38.395,37.98,38.25,2756900,33.1287
"2017-02-17",37.720001,37.84,37.450001,37.84,5495900,32.773594
"2017-02-21",38.009998,38.23,37.615002,38.049999,4622400,32.955479
"2017-02-22",37.810001,37.939999,37.509998,37.669998,5247700,32.62635
"2017-02-23",37.84,37.860001,36.77,37.25,5960200,32.262581
"2017-02-24",36.75,37.16,36.459999,36.650002,7559300,31.742912
"2017-02-27",36.77,37.259998,36.66,37.189999,4015400,32.210609
"2017-02-28",37,37.435001,36.82,37.369999,4450200,32.366528
"2017-03-01",38.419998,39.75,38.34,39.59,7133700,34.289291
"2017-03-02",39.68,39.740002,38.009998,38.049999,5930200,32.955479
"2017-03-03",38.240002,38.529999,38.130001,38.310001,4489400,33.18066
"2017-03-06",38.07,38.450001,37.75,38.27,2723000,33.146019
"2017-03-07",38.220001,38.349998,37.759998,37.970001,2628300,32.886189
"2017-03-08",38.57,38.639999,37.77,37.849998,3445600,32.782249
"2017-03-09",37.990002,38.259998,37.540001,37.73,2948900,32.678314
"2017-03-10",38.060001,38.139999,36.970001,37.639999,4473000,32.600365
"2017-03-13",37.59,37.869999,37.289001,37.369999,4176300,32.366528
"2017-03-14",37.200001,37.259998,36.73,37.189999,3378100,32.210609
"2017-03-15",37.400002,37.630001,36.650002,36.779999,5340000,31.855511
"2017-03-16",37.060001,37.310001,36.77,37.099998,3363700,32.132664
"2017-03-17",37.049999,37.200001,36.419998,36.619999,13510100,31.716938
"2017-03-20",36.5,36.650002,36.099998,36.23,5881900,31.379148
"2017-03-21",36.52,36.610001,34.209999,34.360001,7594800,29.759533
"2017-03-22",34.119999,34.900002,33.450001,34.43,7066700,29.820156
"2017-03-23",34.299999,35.27,34.060001,34.57,4736700,29.94141
"2017-03-24",34.790001,34.93,34.02,34.509998,4923000,29.889446
"2017-03-27",33.450001,34.310001,32.990002,34.240002,5075300,29.655594
"2017-03-28",34.080002,35.290001,34.049999,35.029999,4379400,30.339821
"2017-03-29",35,35.18,33.860001,34.490002,11159000,29.872126
"2017-03-30",34.549999,35.25,34.310001,34.880001,5519000,30.209902
"2017-03-31",34.669998,35.029999,34.41,34.549999,5060900,29.924088
"2017-04-03",34.639999,35,34.09,34.82,5149400,30.15794
"2017-04-04",34.57,35.150002,34.400002,34.900002,4645400,30.22723
"2017-04-05",35.34,35.549999,34.369999,34.380001,4949100,29.776854
"2017-04-06",34.369999,35.040001,34.150002,34.919998,3104300,30.244547
"2017-04-07",34.540001,34.91,34.299999,34.630001,3748100,29.993378
"2017-04-10",34.619999,35.09,34.200001,34.380001,3944900,29.776854
"2017-04-11",34.119999,34.380001,33.630001,34.380001,4157600,29.776854
"2017-04-12",34.290001,34.34,33.5,33.73,4051800,29.213877
"2017-04-13",33.560001,34.139999,33.240002,33.240002,3882500,28.78949
"2017-04-17",33.279999,33.959999,33.134998,33.919998,3349500,29.378439
"2017-04-18",33.639999,34.09,33.349998,33.700001,4819000,29.187897
"2017-04-19",34.040001,34.487,33.889999,34.220001,7394200,29.638273
"2017-04-20",34.650002,35.75,34.650002,35.27,5212300,30.547691
"2017-04-21",35.279999,35.5,34.525002,34.900002,7131100,30.22723
"2017-04-24",36.09,36.57,35.654999,35.849998,7965300,31.050026
"2017-04-25",36.48,36.650002,36.150002,36.450001,7075100,31.569693
"2017-04-26",36.34,37.099998,36.32,36.799999,5828300,31.872826
"2017-04-27",36.82,36.939999,36.25,36.77,7426000,31.846855
"2017-04-28",36.77,37.25,36.59,36.709999,7819500,31.794884
"2017-05-01",36.990002,37.48,36.900002,37.130001,4659400,32.281769
"2017-05-02",37.09,37.330002,36.529999,36.84,3858200,32.029629
"2017-05-03",36.599998,37.299999,36.459999,37.209999,3536900,32.351315
"2017-05-04",37.68,38.009998,37.27,37.34,3838600,32.464355
"2017-05-05",37.419998,37.490002,36.830002,36.970001,3105300,32.142651
"2017-05-08",37.02,37.619999,37.02,37.360001,2760600,32.481735
"2017-05-09",37.41,37.689999,37.02,37.18,2615900,32.325233
"2017-05-10",37.049999,37.25,36.830002,37.209999,2499400,32.351315
"2017-05-11",37.040001,37.174999,36.509998,37,2632200,32.168743
"2017-05-12",36.799999,36.799999,36,36.650002,3345100,31.864435
"2017-05-15",36.720001,37.080002,36.630001,37.02,3529900,32.186134
"2017-05-16",37.09,37.310001,36.720001,37.080002,3486200,32.238293
"2017-05-17",37.080002,37.080002,34.349998,34.57,9944800,30.056034
"2017-05-18",34.32,35.029999,34.32,34.459999,6107700,29.960402
"2017-05-19",34.689999,35.009998,34.43,34.57,5270200,30.056034
"2017-05-22",34.790001,34.959999,34.291,34.57,4214500,30.056034
"2017-05-23",34.68,35.290001,34.41,35.09,4377600,30.508141
"2017-05-24",35.189999,35.189999,34.450001,34.630001,4131700,30.1082
"2017-05-25",34.700001,34.970001,34.450001,34.57,3954000,30.056034
"2017-05-26",34.509998,34.82,34.34,34.639999,4866800,30.116888
"2017-05-30",34.419998,34.509998,34.119999,34.25,6637400,29.777819
"2017-05-31",34.34,34.389999,33.490002,34.099998,5854200,29.647404
"2017-06-01",34.27,34.700001,33.970001,34.5,4073700,29.995174
"2017-06-02",34.18,34.400002,33.759998,34.130001,5804100,29.673492
"2017-06-05",34.18,34.48,33.970001,33.98,4939900,29.543076
"2017-06-06",33.639999,34.080002,33.400002,33.860001,3277100,29.438744
"2017-06-07",34.049999,34.709999,33.810001,34.52,3642000,30.012568
"2017-06-08",34.52,36.029999,34.389999,35.619999,5832400,30.968933
"2017-06-09",35.889999,36.740002,35.869999,36.34,4730700,31.594919
"2017-06-12",36.349998,36.98,36.200001,36.610001,6392400,31.82966
"2017-06-13",36.880001,37.18,36.709999,36.880001,3774500,32.064407
"2017-06-14",36.540001,36.605,35.610001,36.580002,5384300,31.803585
"2017-06-15",36.330002,36.994999,36.32,36.709999,3167800,31.916603
"2017-06-16",36.75,36.779999,36.290001,36.369999,5086300,31.621002
"2017-06-19",36.650002,36.990002,36.380001,36.549999,3136800,31.777496
"2017-06-20",36.290001,36.490002,35.84,35.939999,3048600,31.247147
"2017-06-21",36.049999,36.060001,35.150002,35.200001,3832900,30.603773
"2017-06-22",35.139999,35.200001,34.535,34.98,4440900,30.412498
"2017-06-23",35.139999,35.209999,34.049999,34.490002,11276100,29.986486
"2017-06-26",34.599998,35,34.400002,34.66,6672300,30.134283
"2017-06-27",34.919998,35.279999,34.720001,34.84,3570900,30.290781
"2017-06-28",35.18,35.650002,35.099998,35.34,5225300,30.7255
"2017-06-29",36.18,36.73,35.18,35.650002,5573700,30.995016
"2017-06-30",35.889999,36.009998,35.290001,35.68,3281200,31.021101
"2017-07-03",35.889999,36.755001,35.759998,36.540001,2328700,31.768803
"2017-07-05",36.66,37.055,36.209999,36.880001,5212900,32.064407
"2017-07-06",36.869999,37.25,36.529999,36.599998,4151200,31.820963
"2017-07-07",36.73,37.130001,36.389999,37.07,4086600,32.229595
"2017-07-10",37.07,37.25,36.709999,37.049999,4071800,32.212208
"2017-07-11",37.110001,37.209999,36.560001,36.73,3533100,31.933992
"2017-07-12",36.599998,36.610001,36.080002,36.52,3105300,31.751417
"2017-07-13",36.639999,36.93,36.400002,36.849998,2895600,32.038322
"2017-07-14",36.220001,36.459999,35.790001,36.240002,3606500,31.507975
"2017-07-17",36.16,36.360001,35.880001,36.09,2914000,31.377562
"2017-07-18",35.810001,35.887001,35.290001,35.59,3338400,30.942846
"2017-07-19",35.779999,35.779999,34.91,35.27,3632200,30.664637
"2017-07-20",35.25,35.415001,34.82,35.25,4893500,30.647245
"2017-07-21",35.189999,35.900002,34.325001,34.48,6953200,29.977787
"2017-07-24",34.549999,35.580002,34.5,35.450001,4736300,30.821131
"2017-07-25",36.139999,36.32,35.695,35.849998,5392500,31.168894
"2017-07-26",36.009998,36.029999,35,35.169998,4156400,30.577688
"2017-07-27",35.25,35.509998,34.695,35.040001,5039600,30.464668
"2017-07-28",35.040001,35.209999,34.75,34.939999,2786000,30.377718
"2017-07-31",35,35.27,34.834999,35.080002,3430400,30.657389
"2017-08-01",35.369999,35.400002,34.965,35.220001,3066300,30.779724
"2017-08-02",35.189999,35.625,35.119999,35.619999,3555500,31.129303
"2017-08-03",35.529999,35.654999,35.150002,35.220001,4182500,30.779724
"2017-08-04",35.619999,36.299999,35.529999,35.619999,3751300,31.129303
"2017-08-07",35.619999,35.720001,35.34,35.349998,4100800,30.89333
"2017-08-08",35.27,36.060001,35.215,35.34,3549400,30.884607
"2017-08-09",34.959999,35.09,34.700001,35.029999,2555100,30.613682
"2017-08-10",34.639999,34.84,33.669998,33.709999,4239900,29.4601
"2017-08-11",33.73,34.040001,33.220001,33.389999,4223700,29.180443
"2017-08-14",33.91,34.619999,33.794998,34.220001,3061800,29.905802
"2017-08-15",34.650002,34.91,33.970001,33.990002,3188800,29.704798
"2017-08-16",34.150002,34.389999,33.799999,33.950001,2988900,29.66984
"2017-08-17",33.849998,33.994999,32.77,32.810001,4202300,28.673563
"2017-08-18",32.75,33.415001,32.459999,33.060001,3972300,28.892046
"2017-08-21",33.060001,33.110001,32.599998,32.700001,6705200,28.577435
"2017-08-22",32.959999,33.470001,32.91,33.419998,4825300,29.206663
"2017-08-23",33.139999,34,33.080002,33.5,3893900,29.276575
"2017-08-24",33.68,34.049999,33.540001,34,5454400,29.713537
"2017-08-25",34.110001,34.369999,33.84,33.849998,2763500,29.582445
"2017-08-28",33.939999,33.98,33.290001,33.470001,5160400,29.250357
"2017-08-29",32.919998,33.43,32.669998,33.310001,4448500,29.110531
"2017-08-30",33.34,33.799999,33.34,33.389999,3180800,29.180443
"2017-08-31",33.59,33.650002,33.110001,33.130001,3633600,28.953218
"2017-09-01",33.279999,33.900002,33.150002,33.610001,2883500,29.372704
"2017-09-05",33.41,33.450001,32.509998,32.650002,3952300,28.533735
"2017-09-06",32.889999,33.18,32.610001,32.77,3997100,28.638609
"2017-09-07",32.689999,32.740002,31.51,32.080002,5217000,28.035597
"2017-09-08",32.119999,33.02,32.119999,32.810001,5447300,28.673563
"2017-09-11",33.240002,33.77,33.080002,33.459999,4412800,29.241615
"2017-09-12",33.630001,34.75,33.610001,34.48,5623500,30.133024
"2017-09-13",34.299999,34.955002,34.220001,34.689999,4051100,30.316547
"2017-09-14",34.959999,35.34,34.740002,34.779999,5508000,30.395201
"2017-09-15",34.689999,35.169998,34.419998,35.16,6791100,30.727293
"2017-09-18",35.18,35.720001,35.130001,35.59,3552400,31.103081
"2017-09-19",35.619999,36.009998,35.470001,35.82,4242300,31.304087
"2017-09-20",35.849998,35.976002,35.035,35.790001,8886700,31.277868
"2017-09-21",35.830002,36.384998,35.810001,36.27,4440000,31.697351
"2017-09-22",36.09,36.52,36.029999,36.349998,2597000,31.767265
"2017-09-25",36.32,36.66,36.060001,36.459999,3923700,31.863396
"2017-09-26",36.540001,37.009998,36.360001,36.82,4179900,32.178009
"2017-09-27",37.52,37.645,37.115002,37.220001,4290400,32.527588
"2017-09-28",37.349998,37.43,36.779999,37.07,3760500,32.396492
"2017-09-29",37.169998,38.055,37.055,37.869999,5707400,33.095634
"2017-10-02",37.529999,37.700001,36.919998,37.220001,9024100,32.527588
"2017-10-03",37.25,37.400002,36.740002,36.84,6926000,32.195492
"2017-10-04",36.119999,36.77,36.099998,36.57,11398200,31.959534
"2017-10-05",36.68,37.330002,36.470001,37.130001,4741800,32.448933
"2017-10-06",37.310001,37.68,37.07,37.490002,5049600,32.76355
"2017-10-09",37.599998,37.810001,37.139999,37.310001,3696900,32.606239
"2017-10-10",37.34,37.860001,37.275002,37.810001,3643500,33.043201
"2017-10-11",37.580002,37.740002,37.18,37.450001,4005400,32.728584
"2017-10-12",37.540001,37.68,37.040001,37.16,2885500,32.475147
"2017-10-13",37,37.334999,36.509998,36.98,3742600,32.317833
"2017-10-16",37.040001,37.307999,36.919998,37.049999,3366100,32.379017
"2017-10-17",37.240002,37.25,36.599998,36.68,3307700,32.055668
"2017-10-18",36.880001,37.32,36.650002,37.18,5668700,32.492626
"2017-10-19",36.799999,37.529999,36.68,37.43,4632100,32.711109
"2017-10-20",38.349998,38.700001,37.740002,38.330002,6990200,33.49765
"2017-10-23",38.509998,38.82,38.355,38.5,8428400,33.646221
"2017-10-24",38.610001,38.939999,38.299999,38.369999,6312000,33.532604
"2017-10-25",38.400002,38.540001,37.674999,38.029999,5422700,33.235466
"2017-10-26",38.299999,38.990002,38.189999,38.509998,4599900,33.654945
"2017-10-27",38.369999,38.540001,38.220001,38.450001,2464200,33.60252
"2017-10-30",38.25,38.400002,37.893002,38.080002,3720600,33.27916
"2017-10-31",37.970001,38.345001,37.91,38.009998,3200500,33.375748
"2017-11-01",38.209999,38.98,38.119999,38.369999,5282100,33.69186
"2017-11-02",38.259998,38.875,37.900002,38.740002,3353100,34.016754
"2017-11-03",38.68,39.099998,38.529999,38.82,2949500,34.08699
"2017-11-06",38.689999,38.900002,38.48,38.720001,2233700,33.999191
"2017-11-07",38.799999,38.990002,37.549999,37.669998,4868900,33.077202
"2017-11-08",37.450001,37.57,36.98,37.310001,5045800,32.761097
"2017-11-09",36.970001,37.32,36.459999,36.810001,4777100,32.322056
"2017-11-10",36.849998,37.082001,36.619999,36.68,3615000,32.207909
"2017-11-13",36.470001,37.279999,36.25,37.200001,4689000,32.664513
"2017-11-14",37.02,38.139999,36.919998,38.07,4903500,33.428429
"2017-11-15",37.68,38.349998,37.400002,38.139999,4191000,33.489899
"2017-11-16",38.5,38.740002,37.91,37.919998,3584300,33.296722
"2017-11-17",37.650002,38.369999,37.57,38.169998,2096800,33.516247
"2017-11-20",38.310001,38.490002,38.099998,38.25,4023700,33.586494
"2017-11-21",38.369999,38.369999,37.790001,37.900002,4695300,33.279163
"2017-11-22",38,38.244999,37.799999,37.830002,2848200,33.217701
"2017-11-24",38.02,38.09,37.615002,37.75,807200,33.147457
"2017-11-27",37.740002,37.869999,37.465,37.630001,2299800,33.042076
"2017-11-28",37.75,38.84,37.715,38.779999,5322100,34.051868
"2017-11-29",39.25,41.080002,39.110001,40.669998,8737000,35.711433
"2017-11-30",41.080002,41.77,40.66,40.700001,13191000,35.737785
"2017-12-01",40.900002,41.189999,39.419998,40.689999,6694600,35.728996
"2017-12-04",41.490002,42.52,41.32,41.849998,6494500,36.747566
"2017-12-05",41.830002,42.09,40.740002,40.889999,6205600,35.904613
"2017-12-06",40.669998,40.91,40.240002,40.630001,4265200,35.676319
"2017-12-07",40.41,41.439999,40.27,41.43,4692200,36.37878
"2017-12-08",41.639999,41.799999,41.18,41.740002,3200200,36.650982
"2017-12-11",41.700001,41.919998,41.16,41.419998,3258300,36.369987
"2017-12-12",41.66,42.205002,41.419998,41.919998,4219300,36.809029
"2017-12-13",41.900002,42.34,41.310001,41.34,3995200,36.299751
"2017-12-14",41.580002,41.740002,40.700001,40.869999,3637700,35.887051
"2017-12-15",41.290001,42.189999,41.02,41.700001,9186200,36.61586
"2017-12-18",42.040001,42.720001,41.73,42.029999,4445900,36.905624
"2017-12-19",42.560001,42.834999,42.060001,42.080002,5364800,36.949532
"2017-12-20",42.580002,42.669998,41.75,41.93,2521100,36.817822
"2017-12-21",42.389999,42.93,42.195,42.599998,4102100,37.406132
"2017-12-22",42.849998,42.91,42.209999,42.630001,3620200,37.43248
"2017-12-26",42.630001,42.919998,42.34,42.52,2408400,37.335884
"2017-12-27",42.450001,42.52,42.150002,42.360001,2345900,37.195393
"2017-12-28",42.43,42.459999,42.099998,42.439999,1459900,37.265636
"2017-12-29",42.439999,42.66,41.950001,41.98,2644600,36.861721
