"dates","ETSY.Open","ETSY.High","ETSY.Low","ETSY.Close","ETSY.Volume","ETSY.Adjusted"
"2015-04-16",31,35.740002,28.219999,30,19763300,30
"2015-04-17",29.77,30.299999,26.51,27.58,3965500,27.58
"2015-04-20",28.77,28.9,24.870001,24.9,3076200,24.9
"2015-04-21",24.969999,26.040001,24.559999,25.75,2184700,25.75
"2015-04-22",26,26.24,24.950001,25.120001,1442500,25.120001
"2015-04-23",24.93,25.74,24.08,25.620001,1298100,25.620001
"2015-04-24",25.549999,25.700001,25,25.58,532800,25.58
"2015-04-27",25.700001,26.469999,25.209999,25.9,731300,25.9
"2015-04-28",25.75,25.9,24.18,24.49,954100,24.49
"2015-04-29",24.49,24.969,22.32,22.42,1674500,22.42
"2015-04-30",22.66,23.18,21.82,22.24,1221500,22.24
"2015-05-01",22.25,23,21.27,21.75,687300,21.75
"2015-05-04",21.75,23.285,21.75,23.24,648600,23.24
"2015-05-05",23.219999,24.32,21.9,24.15,1064700,24.15
"2015-05-06",24.15,25.42,23.032,23.4,1290700,23.4
"2015-05-07",23.4,24.42,22.715,23.690001,616600,23.690001
"2015-05-08",23.93,24.1,22.5,22.709999,784000,22.709999
"2015-05-11",20.709999,21.49,20.02,20.85,2115100,20.85
"2015-05-12",21.23,21.450001,20.360001,20.57,1140300,20.57
"2015-05-13",20.5,20.780001,19.5,19.83,1536000,19.83
"2015-05-14",19.83,20.75,19.615,20.6,1043600,20.6
"2015-05-15",20.559999,20.82,19.51,20.049999,1177100,20.049999
"2015-05-18",19.51,20.75,19.15,20.559999,1211100,20.559999
"2015-05-19",20.559999,21.309999,19.66,21,2015100,21
"2015-05-20",16.9,17.32,15.7,17.200001,11105200,17.200001
"2015-05-21",17.370001,17.690001,16.91,17.51,2318100,17.51
"2015-05-22",17.82,18.15,17,17.17,2012100,17.17
"2015-05-26",16.59,17.299999,16.18,17.09,1797400,17.09
"2015-05-27",17.02,17.629999,16.85,17.059999,878600,17.059999
"2015-05-28",16.950001,17.1,16.719999,17.040001,489100,17.040001
"2015-05-29",17,17.1,16.5,16.76,940400,16.76
"2015-06-01",16.76,16.77,16,16.049999,858400,16.049999
"2015-06-02",15.98,16.1,15.73,15.86,763000,15.86
"2015-06-03",15.7,15.875,14.96,15.32,1432900,15.32
"2015-06-04",15.25,15.63,15,15.07,808000,15.07
"2015-06-05",15.15,15.28,14.64,15.03,712400,15.03
"2015-06-08",14.95,15.13,14.68,14.86,500400,14.86
"2015-06-09",15.11,16.25,15.01,15.99,2273800,15.99
"2015-06-10",16.049999,18.42,16.01,16.780001,3384300,16.780001
"2015-06-11",17.08,17.683001,16.75,16.860001,1418000,16.860001
"2015-06-12",16.75,17.139999,16.32,16.639999,747300,16.639999
"2015-06-15",16.200001,17.1,16.139999,16.32,1088400,16.32
"2015-06-16",16.51,16.889999,16.200001,16.290001,767500,16.290001
"2015-06-17",16.299999,16.49,15.65,15.77,1427400,15.77
"2015-06-18",15.77,15.87,14.9,15.33,1386600,15.33
"2015-06-19",15.26,15.39,14.3,14.31,2590300,14.31
"2015-06-22",14.38,14.72,13.78,14.42,1536400,14.42
"2015-06-23",14.45,14.8,14.13,14.34,916600,14.34
"2015-06-24",14.33,14.59,14.17,14.39,841800,14.39
"2015-06-25",14.43,14.96,14.2,14.9,873800,14.9
"2015-06-26",14.28,14.57,13.95,14.25,4215900,14.25
"2015-06-29",14,14.31,13.91,14.23,1251400,14.23
"2015-06-30",14.3,14.424,13.95,14.05,1508100,14.05
"2015-07-01",14.13,14.48,13.96,14.01,1764900,14.01
"2015-07-02",14,14.24,12.81,13.27,1977500,13.27
"2015-07-06",13.46,13.46,12.8,13.4,1435000,13.4
"2015-07-07",13.51,13.53,13,13.32,1030700,13.32
"2015-07-08",13.17,14.56,13.1,14.55,961000,14.55
"2015-07-09",14.61,16.25,14.6,16.200001,1936500,16.200001
"2015-07-10",16.25,17.290001,15.82,16.530001,1260300,16.530001
"2015-07-13",16.65,16.9,15.62,16.030001,715300,16.030001
"2015-07-14",16.1,17.02,16,16.51,519800,16.51
"2015-07-15",16.58,17.15,16.41,16.82,1070600,16.82
"2015-07-16",16.9,17.299999,16.32,16.83,988000,16.83
"2015-07-17",16.940001,23.440001,16.57,21.98,11961100,21.98
"2015-07-20",20.440001,20.969999,18.92,19.559999,3561300,19.559999
"2015-07-21",19.549999,20.379999,18.610001,18.98,1733600,18.98
"2015-07-22",18.82,19.459999,18.02,18.450001,869300,18.450001
"2015-07-23",18.370001,19.139999,17.77,18.440001,1156300,18.440001
"2015-07-24",18.309999,19.889999,18.16,19.309999,1292100,19.309999
"2015-07-27",19.280001,19.469999,18.160999,18.299999,645500,18.299999
"2015-07-28",18.469999,19.15,18.309999,18.65,955000,18.65
"2015-07-29",18.700001,19.450001,18.25,18.98,874700,18.98
"2015-07-30",18.959999,21.658001,18.902,21.200001,2323700,21.200001
"2015-07-31",21.299999,21.9,20.41,20.84,1922600,20.84
"2015-08-03",21,21.48,19.85,20.5,1829700,20.5
"2015-08-04",20.360001,20.59,18.809999,19.23,3028600,19.23
"2015-08-05",15.62,16.280001,13.63,13.78,4141900,13.78
"2015-08-06",13.82,13.91,13.06,13.59,2053600,13.59
"2015-08-07",13.54,13.77,13.21,13.44,1105000,13.44
"2015-08-10",13.52,14.34,13.3,14.29,679500,14.29
"2015-08-11",14.19,16.1,13.86,16.01,1200900,16.01
"2015-08-12",16,18.57,15.56,16.879999,2096400,16.879999
"2015-08-13",16.99,17.73,16.450001,16.99,1288500,16.99
"2015-08-14",17.07,17.65,16.65,17.08,1143200,17.08
"2015-08-17",17.540001,17.639999,16.5,17.35,1132300,17.35
"2015-08-18",17.16,17.469999,15.78,15.86,793400,15.86
"2015-08-19",15.68,16.034,14.93,14.98,844600,14.98
"2015-08-20",14.61,14.965,13.8,14.25,853900,14.25
"2015-08-21",13.91,14.11,13.25,13.46,1223600,13.46
"2015-08-24",12.58,13.68,11.85,12.93,1002000,12.93
"2015-08-25",13.9,14,12.84,12.87,638500,12.87
"2015-08-26",13.2,13.3,12.63,13.04,580900,13.04
"2015-08-27",13.25,14.31,13.19,14.29,838200,14.29
"2015-08-28",14.22,15.19,14.12,14.82,661500,14.82
"2015-08-31",14.61,14.88,13.88,14.33,782900,14.33
"2015-09-01",13.84,14.45,13.805,14.06,440700,14.06
"2015-09-02",14.23,14.565,13.88,14.35,431400,14.35
"2015-09-03",14.26,14.79,13.94,14.02,398400,14.02
"2015-09-04",13.9,14.3,13.71,14.21,297800,14.21
"2015-09-08",14.57,14.65,14.08,14.36,252400,14.36
"2015-09-09",14.54,14.6,13.9,13.99,516800,13.99
"2015-09-10",13.89,14.3,13.87,14.23,336400,14.23
"2015-09-11",14.08,14.38,13.96,14.31,270300,14.31
"2015-09-14",14.17,14.5,13.98,14.38,209400,14.38
"2015-09-15",14.48,14.76,14.38,14.6,190000,14.6
"2015-09-16",14.53,14.66,14.14,14.39,207300,14.39
"2015-09-17",14.32,15.66,14.32,15.61,643500,15.61
"2015-09-18",15.28,15.7,14.9,15.4,617200,15.4
"2015-09-21",15.44,16.73,15.17,15.9,896700,15.9
"2015-09-22",15.5,15.99,15.1,15.18,393400,15.18
"2015-09-23",15.16,15.34,14.34,14.61,341400,14.61
"2015-09-24",14.39,14.99,14.16,14.98,243800,14.98
"2015-09-25",15.13,15.29,14,14.11,425100,14.11
"2015-09-28",14.12,14.37,13.86,13.88,591600,13.88
"2015-09-29",13.94,14.2,13.52,13.82,539600,13.82
"2015-09-30",14,14.19,13.31,13.69,500800,13.69
"2015-10-01",13.91,14.35,13.43,14.15,315900,14.15
"2015-10-02",14.08,14.57,13.89,14.32,394200,14.32
"2015-10-05",14.38,15.11,14.05,14.66,261400,14.66
"2015-10-06",14.74,14.88,13.64,14.07,383900,14.07
"2015-10-07",14.1,14.7,13.96,14.18,298700,14.18
"2015-10-08",13.27,13.95,13.2,13.57,902400,13.57
"2015-10-09",13.63,14.07,13.15,13.86,289500,13.86
"2015-10-12",13.67,13.67,12.205,12.31,612700,12.31
"2015-10-13",12.25,13.19,11.515,11.6,1466500,11.6
"2015-10-14",11.84,11.88,10.825,10.99,1091100,10.99
"2015-10-15",10.57,11.25,10.29,11.03,2086600,11.03
"2015-10-16",11,11.14,10.65,10.99,1187100,10.99
"2015-10-19",10.89,11.04,10.53,10.94,1050300,10.94
"2015-10-20",11.19,12.26,11.19,11.34,2070000,11.34
"2015-10-21",11.31,11.63,10.62,10.68,1023300,10.68
"2015-10-22",10.69,11.58,10.54,11.39,660100,11.39
"2015-10-23",11.54,11.67,10.86,11.18,588500,11.18
"2015-10-26",11.07,11.48,10.76,11.27,704300,11.27
"2015-10-27",11.42,11.49,10.8,10.98,1157200,10.98
"2015-10-28",10.95,11.14,10.65,11.09,786300,11.09
"2015-10-29",11.09,11.24,10.8,10.91,748100,10.91
"2015-10-30",10.99,11.07,10.75,10.9,370900,10.9
"2015-11-02",10.77,10.9,10.31,10.69,1359200,10.69
"2015-11-03",10.74,11.25,10.6,11.03,2049800,11.03
"2015-11-04",10.53,10.73,9.79,9.97,2373300,9.97
"2015-11-05",10.05,10.29,9.89,9.96,695500,9.96
"2015-11-06",9.5,9.65,8.95,9.21,2185300,9.21
"2015-11-09",8.91,9.34,8.79,8.8,982600,8.8
"2015-11-10",8.71,8.725,7.91,8.49,4039700,8.49
"2015-11-11",8.9,9,8.31,8.96,1558100,8.96
"2015-11-12",8.72,9.17,8.625,8.94,1016800,8.94
"2015-11-13",8.85,8.94,8.61,8.69,846000,8.69
"2015-11-16",8.67,8.92,8.5,8.78,642000,8.78
"2015-11-17",8.85,8.99,8.66,8.81,439900,8.81
"2015-11-18",8.72,8.975,8.52,8.72,565600,8.72
"2015-11-19",8.66,8.8,8.52,8.72,562700,8.72
"2015-11-20",8.7,8.77,8.45,8.47,826300,8.47
"2015-11-23",8.51,8.9,8.44,8.9,644400,8.9
"2015-11-24",8.86,9,8.5,8.91,574000,8.91
"2015-11-25",8.95,9.27,8.85,9.24,667300,9.24
"2015-11-27",9.3,9.34,9.21,9.29,259400,9.29
"2015-11-30",9.31,9.39,8.87,9.31,1203200,9.31
"2015-12-01",9.31,9.31,9.21,9.28,491100,9.28
"2015-12-02",9.24,9.46,9.19,9.23,452800,9.23
"2015-12-03",9.33,9.36,9.01,9.2,602900,9.2
"2015-12-04",9.29,9.35,8.755,9.27,914200,9.27
"2015-12-07",9.31,9.6,9.02,9.47,1443500,9.47
"2015-12-08",9.3,9.59,8.7,9.51,1567500,9.51
"2015-12-09",9.5,9.68,8.877,9.43,1356500,9.43
"2015-12-10",9.39,9.52,9.07,9.24,687300,9.24
"2015-12-11",9.15,9.23,8.68,8.86,950000,8.86
"2015-12-14",8.63,9.05,8.63,9.03,747700,9.03
"2015-12-15",9.54,9.7,9.25,9.51,2131600,9.51
"2015-12-16",9.62,9.88,9.52,9.79,1273000,9.79
"2015-12-17",9.76,9.95,9.56,9.59,706400,9.59
"2015-12-18",9.55,9.63,8.605,8.62,2215100,8.62
"2015-12-21",8.71,8.757,8.415,8.71,658300,8.71
"2015-12-22",8.1,8.79,8,8.78,1003500,8.78
"2015-12-23",8.83,9.1,8.755,8.84,705700,8.84
"2015-12-24",8.81,9.02,8.76,8.92,335400,8.92
"2015-12-28",8.84,8.92,8.4,8.52,1065100,8.52
"2015-12-29",8.52,8.6,8.23,8.51,792800,8.51
"2015-12-30",8.45,8.51,8.37,8.48,813600,8.48
"2015-12-31",8.39,8.53,8.235,8.26,1213000,8.26
"2016-01-04",8.18,8.3,8,8.24,1063700,8.24
"2016-01-05",8.24,8.55,8.08,8.51,698500,8.51
"2016-01-06",8.3,8.82,8.15,8.8,939300,8.8
"2016-01-07",8.61,9.05,8.36,8.67,1167700,8.67
"2016-01-08",8.74,8.87,8.35,8.38,785800,8.38
"2016-01-11",8.12,8.2,7.43,7.44,1964900,7.44
"2016-01-12",7.44,7.5,6.89,7.35,1698400,7.35
"2016-01-13",7.39,7.58,6.76,6.99,1185300,6.99
"2016-01-14",7.04,7.28,6.68,7.07,1943900,7.07
"2016-01-15",6.93,7.03,6.66,7,798800,7
"2016-01-19",7.06,7.1,6.545,6.65,1425900,6.65
"2016-01-20",6.54,7,6.04,6.88,1631800,6.88
"2016-01-21",6.92,7.26,6.71,6.99,1167300,6.99
"2016-01-22",7.11,7.455,7.06,7.42,888300,7.42
"2016-01-25",7.36,7.44,7.21,7.25,807200,7.25
"2016-01-26",7.24,7.42,7.03,7.38,434500,7.38
"2016-01-27",7.32,7.44,7.21,7.3,484900,7.3
"2016-01-28",7.37,7.59,7.08,7.49,1355300,7.49
"2016-01-29",7.48,7.78,7.36,7.76,1190000,7.76
"2016-02-01",7.75,7.75,7.36,7.55,840400,7.55
"2016-02-02",7.4,7.43,7.03,7.12,1739000,7.12
"2016-02-03",7.1,7.54,6.91,7.32,954700,7.32
"2016-02-04",7.25,7.52,7.1,7.48,748300,7.48
"2016-02-05",7.41,7.46,6.98,7.03,1125100,7.03
"2016-02-08",6.93,6.99,6.4,6.72,1052500,6.72
"2016-02-09",6.65,6.83,6.176,6.36,900900,6.36
"2016-02-10",6.37,6.99,6.36,6.72,863400,6.72
"2016-02-11",6.58,6.89,6.44,6.73,527900,6.73
"2016-02-12",6.78,6.99,6.48,6.9,601300,6.9
"2016-02-16",7,7.61,6.75,7.49,2044200,7.49
"2016-02-17",7.53,8.43,7.44,8.04,4621800,8.04
"2016-02-18",8.03,8.1,7.5,7.8,1177200,7.8
"2016-02-19",7.71,8.02,7.61,7.93,1064100,7.93
"2016-02-22",8.05,8.08,7.71,7.95,1018900,7.95
"2016-02-23",8.04,8.06,7.3,7.39,3893200,7.39
"2016-02-24",8.5,8.531,7.66,7.9,8775600,7.9
"2016-02-25",7.89,8.08,7.21,7.9,3543400,7.9
"2016-02-26",7.97,8,7.52,7.65,2888000,7.65
"2016-02-29",7.65,7.96,7.31,7.94,3462700,7.94
"2016-03-01",8,8.52,7.91,8.36,3106900,8.36
"2016-03-02",8.35,9.15,8.3,8.92,2596100,8.92
"2016-03-03",8.96,9.04,8.71,8.89,1862800,8.89
"2016-03-04",8.9,9.16,8.64,8.82,1652800,8.82
"2016-03-07",8.62,9.03,8.61,8.94,1502800,8.94
"2016-03-08",8.8,9.01,8.64,8.68,1198700,8.68
"2016-03-09",8.75,8.895,8.42,8.74,1086600,8.74
"2016-03-10",8.81,9.18,8.78,9.06,1719900,9.06
"2016-03-11",9.23,9.39,9.05,9.27,1426500,9.27
"2016-03-14",9.19,9.32,8.815,9.05,1185600,9.05
"2016-03-15",8.83,9.18,8.8,9.17,1523100,9.17
"2016-03-16",9.12,9.245,8.94,9.16,713900,9.16
"2016-03-17",9.12,9.34,9.09,9.27,708500,9.27
"2016-03-18",9.25,9.4,9.1,9.23,1564400,9.23
"2016-03-21",9.14,9.26,8.96,9.06,1170200,9.06
"2016-03-22",9.06,9.295,9.01,9.15,687000,9.15
"2016-03-23",9.06,9.18,8.78,8.87,1409100,8.87
"2016-03-24",8.76,9.01,8.48,8.85,1127800,8.85
"2016-03-28",8.85,8.97,8.21,8.7,1004000,8.7
"2016-03-29",8.61,8.866,8.365,8.75,847100,8.75
"2016-03-30",8.85,8.993,8.625,8.91,829000,8.91
"2016-03-31",8.91,8.91,8.46,8.7,683400,8.7
"2016-04-01",8.51,8.795,8.36,8.67,1078600,8.67
"2016-04-04",8.69,8.81,8.48,8.71,821900,8.71
"2016-04-05",8.59,8.67,8.295,8.32,1060200,8.32
"2016-04-06",8.38,8.545,8.25,8.48,736900,8.48
"2016-04-07",8.35,8.53,8.19,8.38,807200,8.38
"2016-04-08",8.46,8.54,8.16,8.26,958000,8.26
"2016-04-11",8.26,8.26,7.6,8.05,3454600,8.05
"2016-04-12",8.07,8.32,7.93,8.25,1968800,8.25
"2016-04-13",8.31,8.61,8.14,8.49,1924400,8.49
"2016-04-14",8.49,8.6,8.39,8.46,943100,8.46
"2016-04-15",8.39,8.98,8.39,8.77,1371800,8.77
"2016-04-18",8.74,8.93,8.551,8.83,992300,8.83
"2016-04-19",8.81,8.98,8.76,8.83,1314900,8.83
"2016-04-20",8.76,8.9,8.75,8.79,712400,8.79
"2016-04-21",8.77,9.115,8.72,8.98,1403600,8.98
"2016-04-22",8.94,9.14,8.94,9.025,599800,9.025
"2016-04-25",9.02,9.12,8.95,9,575100,9
"2016-04-26",8.91,9.09,8.61,9.06,1276800,9.06
"2016-04-27",9.1,9.38,9.052,9.33,961800,9.33
"2016-04-28",9.31,9.44,8.6,8.7,1670800,8.7
"2016-04-29",8.73,8.92,8.59,8.78,1053100,8.78
"2016-05-02",8.76,8.93,8.48,8.51,1701900,8.51
"2016-05-03",8.67,8.692,8.31,8.4,2775700,8.4
"2016-05-04",9.5,9.5,8.505,8.82,8603900,8.82
"2016-05-05",9.11,9.24,8.86,8.97,2507800,8.97
"2016-05-06",8.95,9,8.06,8.27,4610700,8.27
"2016-05-09",8.21,8.32,7.77,8.19,1626200,8.19
"2016-05-10",8.2,8.51,7.93,8.41,1917300,8.41
"2016-05-11",8.35,8.39,8.18,8.29,1209800,8.29
"2016-05-12",8.31,8.44,8.07,8.28,1237600,8.28
"2016-05-13",8.26,8.71,8.204,8.59,1496200,8.59
"2016-05-16",8.58,8.74,8.39,8.61,981100,8.61
"2016-05-17",8.62,8.72,8.4,8.48,1020200,8.48
"2016-05-18",8.45,8.58,8.25,8.34,1154400,8.34
"2016-05-19",8.31,8.47,8.113,8.22,878000,8.22
"2016-05-20",8.26,8.43,8.22,8.38,880700,8.38
"2016-05-23",8.33,8.67,8.26,8.55,763000,8.55
"2016-05-24",8.55,8.68,8.42,8.49,847900,8.49
"2016-05-25",8.5,8.61,8.4,8.56,1046100,8.56
"2016-05-26",8.73,8.98,8.685,8.86,1655500,8.86
"2016-05-27",8.85,9.04,8.8,8.94,1153400,8.94
"2016-05-31",9.13,9.29,8.86,9.25,1712400,9.25
"2016-06-01",9.21,9.69,9.1,9.4,1587300,9.4
"2016-06-02",9.36,9.41,8.98,9.32,1030100,9.32
"2016-06-03",9.24,9.31,9.09,9.21,737300,9.21
"2016-06-06",9.23,9.66,9.19,9.64,1204500,9.64
"2016-06-07",9.63,9.79,9.5,9.63,1457000,9.63
"2016-06-08",9.69,9.79,9.5,9.56,865000,9.56
"2016-06-09",9.56,9.73,9.4,9.67,1097100,9.67
"2016-06-10",9.55,9.73,9.38,9.44,933000,9.44
"2016-06-13",9.39,9.7,9.32,9.57,1264500,9.57
"2016-06-14",9.58,9.86,9.39,9.58,1365400,9.58
"2016-06-15",9.62,9.88,9.58,9.79,1092600,9.79
"2016-06-16",9.69,9.985,9.48,9.9,999400,9.9
"2016-06-17",9.91,9.972,9.64,9.72,1527800,9.72
"2016-06-20",9.86,10,9.765,10,1584000,10
"2016-06-21",9.95,10.1,9.434,9.75,1893000,9.75
"2016-06-22",9.73,9.89,9.49,9.58,1166300,9.58
"2016-06-23",9.66,10.03,9.64,9.93,1756400,9.93
"2016-06-24",9.49,9.68,9.21,9.26,11475200,9.26
"2016-06-27",9.07,9.12,8.56,8.74,2740400,8.74
"2016-06-28",8.85,9.07,8.76,8.84,759600,8.84
"2016-06-29",8.98,9.47,8.87,9.41,885300,9.41
"2016-06-30",9.41,9.6,9.4,9.59,746900,9.59
"2016-07-01",9.63,9.73,9.58,9.66,487400,9.66
"2016-07-05",9.55,9.55,9.27,9.46,628800,9.46
"2016-07-06",9.38,9.47,9.105,9.2,1150200,9.2
"2016-07-07",9.15,9.41,9.075,9.21,919100,9.21
"2016-07-08",9.31,9.85,9.31,9.6,1347600,9.6
"2016-07-11",9.69,9.84,9.54,9.71,1574200,9.71
"2016-07-12",9.8,10.78,9.78,10.2,4255100,10.2
"2016-07-13",10.2,10.32,10.05,10.16,1137400,10.16
"2016-07-14",10.2,10.29,10.1,10.14,675900,10.14
"2016-07-15",10.19,10.2,9.89,9.99,1044500,9.99
"2016-07-18",10,10,9.697,9.88,613900,9.88
"2016-07-19",9.99,10.06,9.82,9.83,1301000,9.83
"2016-07-20",9.88,10.085,9.82,9.99,844300,9.99
"2016-07-21",10.02,10.21,9.815,9.83,798400,9.83
"2016-07-22",9.8,9.91,9.76,9.82,575400,9.82
"2016-07-25",9.81,10.04,9.77,9.88,759200,9.88
"2016-07-26",9.85,10,9.8,9.86,758000,9.86
"2016-07-27",9.92,10.07,9.81,9.82,713700,9.82
"2016-07-28",9.88,10.31,9.81,10.11,1691700,10.11
"2016-07-29",10.12,10.198,9.91,10.06,958600,10.06
"2016-08-01",10.55,12,10.211,11.86,9391200,11.86
"2016-08-02",12.16,12.95,11.72,12.71,7831200,12.71
"2016-08-03",13.6,14.57,13.22,13.84,9891000,13.84
"2016-08-04",13.66,14.21,13.54,14.07,2414600,14.07
"2016-08-05",13.84,13.89,13.33,13.77,3089600,13.77
"2016-08-08",13.74,13.9,13.45,13.69,1685300,13.69
"2016-08-09",13.6,14,13.5,13.76,1365400,13.76
"2016-08-10",13.76,13.85,13.47,13.78,1148400,13.78
"2016-08-11",13.76,14.56,13.76,14.5,2051600,14.5
"2016-08-12",14.42,14.69,14.31,14.45,1130100,14.45
"2016-08-15",14.54,14.66,14.41,14.49,1100900,14.49
"2016-08-16",14.46,14.46,14.151,14.26,942700,14.26
"2016-08-17",14.26,14.319,13.86,13.98,944100,13.98
"2016-08-18",13.95,14.29,13.93,14.19,703600,14.19
"2016-08-19",14.19,14.25,14.05,14.07,633500,14.07
"2016-08-22",14.04,14.17,13.835,13.99,649200,13.99
"2016-08-23",14.11,14.16,13.92,13.98,827000,13.98
"2016-08-24",13.9,14.05,13.64,13.67,549600,13.67
"2016-08-25",13.69,13.87,13.49,13.55,737200,13.55
"2016-08-26",13.53,13.73,13.24,13.42,2005500,13.42
"2016-08-29",13.41,13.76,13.385,13.53,570700,13.53
"2016-08-30",13.49,13.66,13.33,13.47,565700,13.47
"2016-08-31",13.43,13.5,13.215,13.46,495800,13.46
"2016-09-01",13.38,13.85,13.35,13.78,644200,13.78
"2016-09-02",13.9,14.05,13.75,13.87,963600,13.87
"2016-09-06",13.95,14.28,13.871,14.19,1126000,14.19
"2016-09-07",14.14,14.37,14.135,14.36,871300,14.36
"2016-09-08",14.35,14.41,14.144,14.27,778000,14.27
"2016-09-09",14.15,14.25,13.59,13.64,1009100,13.64
"2016-09-12",13.68,13.99,13.52,13.87,1334700,13.87
"2016-09-13",13.72,13.85,13.45,13.68,592400,13.68
"2016-09-14",13.57,14.05,13.53,13.69,978300,13.69
"2016-09-15",13.67,13.74,13.53,13.63,833800,13.63
"2016-09-16",13.67,13.9,13.45,13.57,3930500,13.57
"2016-09-19",13.66,13.79,13.31,13.36,867200,13.36
"2016-09-20",13.48,13.76,13.43,13.51,1072700,13.51
"2016-09-21",13.97,15,13.77,14.54,5240700,14.54
"2016-09-22",14.69,14.82,14.13,14.82,2477800,14.82
"2016-09-23",14.75,15.7,14.55,15.215,3096800,15.215
"2016-09-26",15.27,15.29,14.58,14.82,1862800,14.82
"2016-09-27",14.82,15.047,14.65,14.7,1040400,14.7
"2016-09-28",14.65,14.873,14.3,14.76,1483700,14.76
"2016-09-29",14.67,14.81,14.38,14.43,978200,14.43
"2016-09-30",14.48,14.5,14.07,14.28,1482300,14.28
"2016-10-03",14.2,15.06,14.01,14.72,2401500,14.72
"2016-10-04",14.81,15.83,14.81,15.37,2712700,15.37
"2016-10-05",15.43,15.66,15.22,15.35,1997500,15.35
"2016-10-06",15.26,15.41,15.02,15.13,734700,15.13
"2016-10-07",15.47,16.049999,15.25,15.48,3513100,15.48
"2016-10-10",15.85,16,15.58,15.81,1428500,15.81
"2016-10-11",15.72,15.81,14.95,15.27,1525300,15.27
"2016-10-12",15.19,15.31,14.95,15.11,870000,15.11
"2016-10-13",14.91,15.02,14.603,14.82,1211800,14.82
"2016-10-14",14.92,15.05,14.48,14.48,1061600,14.48
"2016-10-17",14.41,14.48,14.051,14.37,897600,14.37
"2016-10-18",14.58,14.66,14.32,14.39,838300,14.39
"2016-10-19",14.4,14.61,14.38,14.48,555800,14.48
"2016-10-20",14.43,14.55,14.214,14.31,911300,14.31
"2016-10-21",14.12,14.3,14.06,14.23,944300,14.23
"2016-10-24",14.27,14.51,13.97,14.1,1210700,14.1
"2016-10-25",14.1,14.215,13.375,13.55,1778500,13.55
"2016-10-26",13.52,13.54,13.12,13.13,1342200,13.13
"2016-10-27",13.24,13.53,12.75,12.83,1360700,12.83
"2016-10-28",12.83,13.04,12.4,12.43,1658000,12.43
"2016-10-31",12.5,13.22,12.43,12.98,2225400,12.98
"2016-11-01",13.11,13.45,12.83,12.95,3081800,12.95
"2016-11-02",13.25,13.25,11.23,11.27,5722200,11.27
"2016-11-03",11.21,11.47,10.84,11.09,2033600,11.09
"2016-11-04",11.05,11.51,11.02,11.45,1491000,11.45
"2016-11-07",11.82,11.94,11.62,11.77,1369200,11.77
"2016-11-08",11.69,11.92,11.39,11.52,1597100,11.52
"2016-11-09",11.5,11.5,11.02,11.37,1507300,11.37
"2016-11-10",11.55,11.89,11.16,11.48,2163900,11.48
"2016-11-11",11.38,11.84,11.3,11.72,1340300,11.72
"2016-11-14",11.86,11.9,11.57,11.67,1190700,11.67
"2016-11-15",11.65,12.09,11.62,12.05,1529400,12.05
"2016-11-16",12.01,12.28,11.84,12,1301400,12
"2016-11-17",12.85,12.85,12.08,12.46,1004000,12.46
"2016-11-18",12.47,12.67,12.34,12.59,1328400,12.59
"2016-11-21",12.66,13.01,12.58,12.94,1542000,12.94
"2016-11-22",12.91,13.16,12.77,13.1,1301000,13.1
"2016-11-23",13.15,13.23,12.82,13.12,1065500,13.12
"2016-11-25",13.34,13.4,13.05,13.09,524700,13.09
"2016-11-28",13.04,13.08,12.76,12.84,1068700,12.84
"2016-11-29",12.85,12.91,12.6,12.73,982300,12.73
"2016-11-30",12.86,12.971,12.21,12.4,1723700,12.4
"2016-12-01",12.38,12.41,11.64,11.93,2788500,11.93
"2016-12-02",11.92,11.96,11.3,11.83,2693400,11.83
"2016-12-05",11.9,12.3,11.89,12.09,1045200,12.09
"2016-12-06",12.19,12.38,12,12.36,1171900,12.36
"2016-12-07",12.4,12.64,12.26,12.6,963700,12.6
"2016-12-08",12.67,12.7,12.455,12.57,1135400,12.57
"2016-12-09",12.6,12.85,12.28,12.37,864900,12.37
"2016-12-12",12.42,12.42,12.06,12.18,1043800,12.18
"2016-12-13",12.22,12.48,12.13,12.24,1308600,12.24
"2016-12-14",11.93,12.457,11.7,11.84,1386900,11.84
"2016-12-15",11.95,12.61,11.75,12.55,2633300,12.55
"2016-12-16",12.61,12.87,12.53,12.78,2575400,12.78
"2016-12-19",12.82,12.995,12.49,12.92,945900,12.92
"2016-12-20",12.82,12.86,12.67,12.78,956200,12.78
"2016-12-21",12.75,12.995,12.62,12.67,1046900,12.67
"2016-12-22",12.61,12.76,11.63,11.94,3959100,11.94
"2016-12-23",12,12.25,11.765,11.98,1471600,11.98
"2016-12-27",12,12.579,11.99,12.18,1097600,12.18
"2016-12-28",12.2,12.39,11.82,11.87,1378300,11.87
"2016-12-29",11.89,12.12,11.59,11.76,937700,11.76
"2016-12-30",11.79,11.861,11.53,11.78,960300,11.78
"2017-01-03",11.97,12.13,11.74,11.88,1274400,11.88
"2017-01-04",11.91,12.02,11.76,11.97,1043700,11.97
"2017-01-05",12.35,12.51,11.88,12.4,2153700,12.4
"2017-01-06",12.22,13.24,12.11,13.08,3653000,13.08
"2017-01-09",13.08,13.17,12.22,12.35,1961200,12.35
"2017-01-10",12.32,12.9,12.25,12.77,1556500,12.77
"2017-01-11",12.86,12.9,12.47,12.73,760300,12.73
"2017-01-12",12.65,12.73,12.3,12.47,685600,12.47
"2017-01-13",12.52,12.745,12.5,12.52,929100,12.52
"2017-01-17",12.53,13.2,12.53,12.77,1380500,12.77
"2017-01-18",12.79,13.045,12.57,12.9,1064000,12.9
"2017-01-19",12.91,13.03,12.4,12.6,1528200,12.6
"2017-01-20",12.57,12.663,12.21,12.41,1764400,12.41
"2017-01-23",12.4,12.66,12.22,12.65,1076300,12.65
"2017-01-24",12.8,13,12.61,12.97,923000,12.97
"2017-01-25",13.04,13.21,12.765,12.82,1005200,12.82
"2017-01-26",13.1,13.61,12.9,13,2226600,13
"2017-01-27",13,13.11,12.71,12.93,912800,12.93
"2017-01-30",12.86,12.87,12.501,12.75,846400,12.75
"2017-01-31",12.62,12.71,12.25,12.61,1055800,12.61
"2017-02-01",12.65,12.81,12.43,12.46,1363100,12.46
"2017-02-02",12.52,12.92,12.35,12.7,855200,12.7
"2017-02-03",12.75,12.88,12.555,12.64,826200,12.64
"2017-02-06",12.6,12.6,12.17,12.34,1035800,12.34
"2017-02-07",12.37,12.52,12.25,12.43,968700,12.43
"2017-02-08",12.39,12.53,12.13,12.5,1099400,12.5
"2017-02-09",12.57,12.75,12.48,12.5,1108200,12.5
"2017-02-10",12.55,12.895,12.493,12.84,934300,12.84
"2017-02-13",12.85,12.99,12.75,12.76,589300,12.76
"2017-02-14",12.7,12.97,12.51,12.86,712000,12.86
"2017-02-15",12.92,13.39,12.81,13.33,1523500,13.33
"2017-02-16",13.38,13.42,12.8,12.92,1182600,12.92
"2017-02-17",12.97,13.18,12.855,12.9,872600,12.9
"2017-02-21",12.93,13.02,12.75,13.01,885600,13.01
"2017-02-22",13,13.17,12.85,12.9,1006900,12.9
"2017-02-23",12.9,12.93,12.48,12.51,1477400,12.51
"2017-02-24",12.42,13.03,12,12.72,1403600,12.72
"2017-02-27",12.72,12.96,12.64,12.79,1244700,12.79
"2017-02-28",12.85,12.884,12.05,12.12,3156300,12.12
"2017-03-01",11.46,11.79,10.06,10.69,10163500,10.69
"2017-03-02",10.63,10.92,10.6,10.66,2565500,10.66
"2017-03-03",10.6,10.768,10.18,10.19,2982200,10.19
"2017-03-06",10.12,10.45,10,10.14,2215200,10.14
"2017-03-07",10.1,10.14,9.79,9.81,2344300,9.81
"2017-03-08",9.63,9.8,9.41,9.56,3554100,9.56
"2017-03-09",9.56,9.88,9.54,9.64,2182700,9.64
"2017-03-10",9.69,9.81,9.5,9.72,2654400,9.72
"2017-03-13",9.74,10.08,9.72,10.05,1940200,10.05
"2017-03-14",9.99,10.06,9.87,10.04,1664100,10.04
"2017-03-15",10.08,10.3,9.97,10.23,1732500,10.23
"2017-03-16",10.25,10.43,10.2,10.38,1705000,10.38
"2017-03-17",10.37,10.495,10.277,10.37,1970100,10.37
"2017-03-20",10.34,10.41,10.21,10.27,1191100,10.27
"2017-03-21",10.32,10.44,9.94,9.99,2181300,9.99
"2017-03-22",10,10.13,9.85,10.04,1592700,10.04
"2017-03-23",10.02,10.04,9.84,9.89,1363600,9.89
"2017-03-24",9.9,10,9.82,9.88,823000,9.88
"2017-03-27",9.75,10.19,9.6,10.15,1264800,10.15
"2017-03-28",10.14,10.2,9.945,10.11,1152100,10.11
"2017-03-29",10.08,10.49,10.055,10.35,1879900,10.35
"2017-03-30",10.3,10.5,10.3,10.4,999900,10.4
"2017-03-31",10.42,10.73,10.355,10.63,2320900,10.63
"2017-04-03",10.62,10.73,10.37,10.63,2089100,10.63
"2017-04-04",10.62,10.75,10.49,10.7,1773700,10.7
"2017-04-05",10.78,10.945,10.56,10.59,1460300,10.59
"2017-04-06",10.61,10.71,10.5,10.61,959000,10.61
"2017-04-07",10.59,10.66,10.42,10.47,2035300,10.47
"2017-04-10",10.49,10.71,10.49,10.57,1184600,10.57
"2017-04-11",10.59,10.74,10.48,10.57,1545300,10.57
"2017-04-12",10.54,10.65,10.44,10.53,1666100,10.53
"2017-04-13",10.5,10.62,10.19,10.29,2872200,10.29
"2017-04-17",10.3,10.63,10.22,10.53,3263900,10.53
"2017-04-18",10.5,10.66,10.43,10.65,1617500,10.65
"2017-04-19",10.69,10.98,10.69,10.87,2713700,10.87
"2017-04-20",10.91,11.07,10.81,11.01,1208500,11.01
"2017-04-21",10.99,11.02,10.54,10.63,2545000,10.63
"2017-04-24",10.81,10.92,10.68,10.71,1196900,10.71
"2017-04-25",10.8,10.86,10.43,10.48,2439600,10.48
"2017-04-26",10.37,10.64,10.28,10.46,2471800,10.46
"2017-04-27",10.49,10.735,10.32,10.68,2191900,10.68
"2017-04-28",10.63,10.99,10.58,10.76,1701100,10.76
"2017-05-01",10.81,11.11,10.79,11.06,1263400,11.06
"2017-05-02",11.06,11.78,10.963,11.39,4580600,11.39
"2017-05-03",10.11,11.19,9.9,10.505,13326000,10.505
"2017-05-04",10.64,10.72,10.32,10.62,7222100,10.62
"2017-05-05",10.64,11.68,10.5,11.66,5518600,11.66
"2017-05-08",11.66,11.66,11.05,11.32,5802800,11.32
"2017-05-09",11.35,11.59,11.3,11.54,3157000,11.54
"2017-05-10",11.53,11.63,11.18,11.42,2636400,11.42
"2017-05-11",11.34,11.39,11.015,11.16,4611900,11.16
"2017-05-12",11.09,11.33,10.91,11.26,3622800,11.26
"2017-05-15",11.28,11.54,11.26,11.32,2116600,11.32
"2017-05-16",12.9,14.11,12.866,13.73,18323000,13.73
"2017-05-17",13.4,13.67,12.77,12.94,5089600,12.94
"2017-05-18",12.88,13.26,12.71,13.13,2713200,13.13
"2017-05-19",13.15,13.38,13.03,13.31,1816300,13.31
"2017-05-22",13.34,13.41,12.955,13.15,2012100,13.15
"2017-05-23",13.25,13.36,12.98,13.31,1778100,13.31
"2017-05-24",13.32,13.48,13.15,13.4,1189100,13.4
"2017-05-25",13.14,13.33,12.96,13.18,1228400,13.18
"2017-05-26",13.11,13.49,13.02,13.45,1176800,13.45
"2017-05-30",13.45,13.6,13.24,13.36,802600,13.36
"2017-05-31",13.46,13.46,13.15,13.41,928600,13.41
"2017-06-01",13.36,13.67,13.25,13.55,1791100,13.55
"2017-06-02",13.64,13.7,13.36,13.47,1426000,13.47
"2017-06-05",13.44,13.62,13.34,13.54,1985500,13.54
"2017-06-06",13.58,13.71,13.34,13.49,1310500,13.49
"2017-06-07",13.47,13.55,13.31,13.43,2474300,13.43
"2017-06-08",13.41,13.95,13.31,13.92,1717500,13.92
"2017-06-09",13.97,14.04,13.17,13.45,2083500,13.45
"2017-06-12",13.35,13.455,13.12,13.26,2356300,13.26
"2017-06-13",13.31,13.89,13.31,13.64,5086600,13.64
"2017-06-14",13.67,13.78,13.42,13.57,1337800,13.57
"2017-06-15",13.42,13.87,13.42,13.85,1297500,13.85
"2017-06-16",13.6,14.125,13.595,13.67,2811000,13.67
"2017-06-19",13.72,14.23,13.72,14.2,1564500,14.2
"2017-06-20",14.15,14.37,13.93,13.98,1190900,13.98
"2017-06-21",13.86,14.35,13.79,14.2,1434600,14.2
"2017-06-22",14.42,15.02,14.32,14.68,3477800,14.68
"2017-06-23",15,15.29,14.57,15.24,3422600,15.24
"2017-06-26",15.33,15.46,14.97,15.27,1915300,15.27
"2017-06-27",15.2,15.27,14.56,14.8,1815700,14.8
"2017-06-28",15.02,15.2,14.68,15.19,1564900,15.19
"2017-06-29",15.16,15.16,14.51,14.97,1370300,14.97
"2017-06-30",14.98,15.14,14.9,15,856900,15
"2017-07-03",15,15,14.49,14.72,582400,14.72
"2017-07-05",14.77,15.07,14.68,14.89,1204400,14.89
"2017-07-06",14.77,14.89,14.53,14.63,843900,14.63
"2017-07-07",14.73,15.15,14.69,15.02,1243300,15.02
"2017-07-10",15.01,15.14,14.835,15.01,841400,15.01
"2017-07-11",14.9,15.04,14.62,14.82,1607900,14.82
"2017-07-12",14.97,15.145,14.87,14.93,1088400,14.93
"2017-07-13",14.93,15.2,14.83,15.18,960100,15.18
"2017-07-14",15.23,15.29,15.05,15.06,546800,15.06
"2017-07-17",15.07,15.21,14.72,14.77,799700,14.77
"2017-07-18",14.76,14.97,14.54,14.91,991200,14.91
"2017-07-19",15.02,15.02,14.52,14.6,963200,14.6
"2017-07-20",14.71,14.75,14.485,14.5,805100,14.5
"2017-07-21",14.62,14.63,14.3,14.62,1870900,14.62
"2017-07-24",14.6,14.779,14.44,14.49,852100,14.49
"2017-07-25",14.53,14.685,14.29,14.65,648200,14.65
"2017-07-26",14.65,15.07,14.65,14.92,1121900,14.92
"2017-07-27",14.99,15.05,14.386,14.84,999700,14.84
"2017-07-28",14.72,15.01,14.61,14.64,867800,14.64
"2017-07-31",14.65,14.76,14.27,14.37,957600,14.37
"2017-08-01",14.39,14.47,14.15,14.31,1317900,14.31
"2017-08-02",14.4,14.422,13.94,14.02,1202500,14.02
"2017-08-03",14.05,14.29,13.58,13.59,2612900,13.59
"2017-08-04",15.49,16,14.82,15.15,5164100,15.15
"2017-08-07",15.21,15.69,15.2,15.46,2726300,15.46
"2017-08-08",15.4,15.91,15.32,15.62,3269900,15.62
"2017-08-09",15.36,15.94,15.13,15.85,2734000,15.85
"2017-08-10",15.77,15.96,15.41,15.9,3343000,15.9
"2017-08-11",16,16.690001,15.901,16.219999,3050100,16.219999
"2017-08-14",16.309999,16.389999,16.013,16.190001,1676900,16.190001
"2017-08-15",16.18,16.245001,15.53,15.64,3736300,15.64
"2017-08-16",15.66,15.87,15.47,15.6,2019700,15.6
"2017-08-17",15.53,15.68,15.31,15.58,2019400,15.58
"2017-08-18",15.44,15.72,15.4,15.59,1513800,15.59
"2017-08-21",15.53,15.63,15.39,15.43,1069900,15.43
"2017-08-22",15.51,15.69,15.46,15.63,731500,15.63
"2017-08-23",15.54,15.65,15.54,15.61,724200,15.61
"2017-08-24",15.63,15.86,15.46,15.84,1413900,15.84
"2017-08-25",16,16.030001,15.44,15.64,990200,15.64
"2017-08-28",15.75,15.9,15.64,15.83,2429400,15.83
"2017-08-29",15.74,16.059999,15.64,16.030001,1474300,16.030001
"2017-08-30",16,16.389999,15.92,16.17,980900,16.17
"2017-08-31",16.26,16.6,16.26,16.370001,1202100,16.370001
"2017-09-01",16.43,16.530001,16.18,16.309999,633100,16.309999
"2017-09-05",16.16,16.424999,16.021,16.32,1364000,16.32
"2017-09-06",16.27,16.629999,16.08,16.620001,2308600,16.620001
"2017-09-07",16.959999,17.49,16.905001,17,3339300,17
"2017-09-08",16.940001,17.15,16.780001,16.879999,1282300,16.879999
"2017-09-11",17,17.355,16.889999,17.34,1379000,17.34
"2017-09-12",17.290001,17.82,17.27,17.620001,1538800,17.620001
"2017-09-13",17.639999,17.808001,17.530001,17.790001,1270000,17.790001
"2017-09-14",17.790001,17.9,17.559999,17.76,965300,17.76
"2017-09-15",17.799999,17.82,17.040001,17.17,4674100,17.17
"2017-09-18",17.27,17.329,17.01,17.129999,1758800,17.129999
"2017-09-19",17.209999,17.308001,17.030001,17.17,2182000,17.17
"2017-09-20",17.190001,17.290001,16.85,17.18,1981400,17.18
"2017-09-21",17.17,17.190001,17.01,17.110001,837900,17.110001
"2017-09-22",16.99,17.209999,16.99,17.110001,777800,17.110001
"2017-09-25",16.950001,17.139999,16.809999,16.9,1405600,16.9
"2017-09-26",16.9,17.110001,16.9,17.040001,770800,17.040001
"2017-09-27",17.17,17.190001,16.645,16.959999,1752700,16.959999
"2017-09-28",16.889999,17.07,16.780001,16.82,1145400,16.82
"2017-09-29",16.790001,16.975,16.764999,16.879999,1432000,16.879999
"2017-10-02",16.959999,17.32,16.9,17.200001,1349100,17.200001
"2017-10-03",17.26,17.360001,16.84,17.030001,1401700,17.030001
"2017-10-04",16.870001,16.99,16.41,16.549999,1329000,16.549999
"2017-10-05",16.559999,16.57,16.219999,16.5,1944800,16.5
"2017-10-06",16.52,16.9,16.48,16.719999,1817200,16.719999
"2017-10-09",16.700001,16.76,16.375,16.469999,954500,16.469999
"2017-10-10",16.52,16.620001,16.325001,16.4,952600,16.4
"2017-10-11",16.450001,16.52,16.24,16.34,768900,16.34
"2017-10-12",16.299999,16.395,16.190001,16.200001,952200,16.200001
"2017-10-13",16.200001,16.629999,16.190001,16.51,749900,16.51
"2017-10-16",16.559999,16.6,16.33,16.360001,623900,16.360001
"2017-10-17",16.33,16.389999,16.120001,16.200001,745900,16.200001
"2017-10-18",16.209999,16.41,16.209999,16.360001,505100,16.360001
"2017-10-19",16.35,16.389999,15.93,16.190001,1066400,16.190001
"2017-10-20",16.299999,16.549999,16.15,16.379999,722400,16.379999
"2017-10-23",15.65,16.305,15.27,15.76,2963700,15.76
"2017-10-24",15.75,15.86,15.49,15.74,1373800,15.74
"2017-10-25",15.78,16.139999,15.735,15.81,1256600,15.81
"2017-10-26",15.85,16.469999,15.85,16.27,1736600,16.27
"2017-10-27",16.35,16.860001,16.33,16.75,1443600,16.75
"2017-10-30",16.790001,16.790001,16.5,16.709999,828500,16.709999
"2017-10-31",16.719999,16.889999,16.549999,16.700001,1177300,16.700001
"2017-11-01",16.75,16.83,16.48,16.73,1209800,16.73
"2017-11-02",16.67,16.700001,16.219999,16.5,1113600,16.5
"2017-11-03",16.469999,16.91,16.43,16.59,2458000,16.59
"2017-11-06",16.629999,17.299999,16.389999,17.15,3439100,17.15
"2017-11-07",17.59,17.6,16.549999,16.860001,3839600,16.860001
"2017-11-08",16.709999,16.92,16.290001,16.51,2043000,16.51
"2017-11-09",16.24,16.610001,16.08,16.51,1947300,16.51
"2017-11-10",16.450001,16.75,16.35,16.719999,1043000,16.719999
"2017-11-13",16.690001,16.84,16.58,16.65,994700,16.65
"2017-11-14",16.709999,17.110001,16.530001,16.59,1785100,16.59
"2017-11-15",16.51,16.860001,16.301001,16.469999,2063000,16.469999
"2017-11-16",16.58,16.879999,16.395,16.42,6425300,16.42
"2017-11-17",16.42,16.75,16.41,16.469999,2198900,16.469999
"2017-11-20",16.93,16.93,16.465,16.65,2807000,16.65
"2017-11-21",16.709999,17.059999,16.57,16.93,1621700,16.93
"2017-11-22",16.700001,17.08,16.700001,16.870001,1530600,16.870001
"2017-11-24",16.879999,17.43,16.84,17.120001,1085500,17.120001
"2017-11-27",17.129999,17.360001,16.969999,16.98,2234100,16.98
"2017-11-28",16.809999,17.129999,16.705,16.98,2369100,16.98
"2017-11-29",17.040001,17.370001,16.17,16.32,1991400,16.32
"2017-11-30",16.360001,16.6,16.129999,16.459999,2145500,16.459999
"2017-12-01",16.450001,17.129999,16.35,16.83,2922700,16.83
"2017-12-04",17.09,18.135,17.040001,17.91,5026900,17.91
"2017-12-05",17.799999,18.5,17.655001,18.190001,4200300,18.190001
"2017-12-06",18.219999,18.76,18.115,18.74,2709600,18.74
"2017-12-07",18.83,19.09,18.67,18.959999,2499200,18.959999
"2017-12-08",19.09,19.52,18.92,19.32,3252300,19.32
"2017-12-11",19.41,19.959999,19.200001,19.93,3619700,19.93
"2017-12-12",20,20.25,19.82,20.209999,2437100,20.209999
"2017-12-13",20.209999,20.450001,19.92,20.16,2353500,20.16
"2017-12-14",20.15,20.33,19.98,20.139999,2457300,20.139999
"2017-12-15",20.139999,20.540001,20.07,20.5,3104700,20.5
"2017-12-18",20.6,20.92,20.6,20.77,1617300,20.77
"2017-12-19",20.809999,20.860001,20.26,20.309999,1870500,20.309999
"2017-12-20",20.360001,20.84,20.34,20.719999,1291100,20.719999
"2017-12-21",21,21.860001,21,21.76,2974800,21.76
"2017-12-22",21.75,21.809999,21.459999,21.690001,2043900,21.690001
"2017-12-26",21.65,21.83,21.546,21.75,2648900,21.75
"2017-12-27",21.690001,21.74,20.799999,20.82,1766900,20.82
"2017-12-28",20.889999,20.959999,20.57,20.65,1514000,20.65
"2017-12-29",20.67,20.68,20.34,20.450001,1285900,20.450001
