"dates","FANG.Open","FANG.High","FANG.Low","FANG.Close","FANG.Volume","FANG.Adjusted"
"2012-10-12",17.82,18.280001,17.5,17.5,6467100,16.621262
"2012-10-15",17.549999,17.83,17.5,17.75,633100,16.858711
"2012-10-16",17.57,17.950001,17.25,17.790001,180300,16.896706
"2012-10-17",17.700001,18.07,17.5,17.700001,121000,16.81122
"2012-10-18",17.6,17.870001,17.52,17.700001,146100,16.81122
"2012-10-19",17.719999,17.799999,17.41,17.41,298100,16.53578
"2012-10-22",17.5,17.51,16.93,17.030001,359800,16.174866
"2012-10-23",16.85,17.299999,16.75,17.129999,166100,16.269844
"2012-10-24",16.92,17.469999,16.92,17.389999,158200,16.516787
"2012-10-25",17.98,17.98,16.25,17.030001,206900,16.174866
"2012-10-26",17.51,17.51,16.6,17.139999,199500,16.279339
"2012-10-31",16.5,17.030001,16.5,17.030001,36400,16.174866
"2012-11-01",17.1,17.48,16.51,17.23,203000,16.364822
"2012-11-02",16.99,17.23,16.559999,17,72100,16.146372
"2012-11-05",16.790001,17,16.5,16.709999,33300,15.870931
"2012-11-06",16.52,17.48,16.09,17.01,370600,16.155867
"2012-11-07",16.75,17.4,16.75,17.059999,155800,16.203356
"2012-11-08",16.290001,17.27,16.290001,16.75,141600,15.908924
"2012-11-09",16.33,16.940001,16.33,16.549999,209600,15.718964
"2012-11-12",16.459999,16.549999,16.360001,16.5,12800,15.671478
"2012-11-13",16.52,16.76,15.97,16.040001,47600,15.234577
"2012-11-14",15.97,16.469999,15.65,16.049999,123400,15.244071
"2012-11-15",16.379999,17.26,15.71,16.700001,367000,15.861435
"2012-11-16",16.91,17.690001,16.27,16.82,104600,15.975412
"2012-11-19",16.85,17.25,16.5,17.120001,77200,16.260342
"2012-11-20",17.139999,17.290001,16.83,17.129999,251400,16.269844
"2012-11-21",17.120001,17.48,16.85,17.200001,33100,16.33633
"2012-11-23",17.25,17.549999,17.059999,17.32,94000,16.4503
"2012-11-26",17.299999,17.42,17.059999,17.26,77400,16.393316
"2012-11-27",17.07,17.33,16.93,17.23,55800,16.364822
"2012-11-28",17.450001,17.49,16.98,17.25,94000,16.383818
"2012-11-29",17.459999,18.35,17.200001,18.16,164400,17.248123
"2012-11-30",18.440001,18.48,17.77,18,44200,17.096159
"2012-12-03",18.01,18.5,17.389999,18.1,47600,17.191137
"2012-12-04",18.23,18.23,17.41,17.83,30100,16.934692
"2012-12-05",17.58,18.1,17.58,17.98,33000,17.077162
"2012-12-06",17.76,17.780001,17.32,17.620001,41900,16.735241
"2012-12-07",17.68,17.85,17.6,17.75,42500,16.858711
"2012-12-10",17.889999,17.92,17.360001,17.620001,72300,16.735241
"2012-12-11",17.41,17.84,17.200001,17.540001,72200,16.659258
"2012-12-12",17.469999,17.780001,17.469999,17.639999,58000,16.754232
"2012-12-13",17.41,17.98,17.290001,17.879999,135900,16.982182
"2012-12-14",17.43,17.65,17.25,17.57,44700,16.687748
"2012-12-17",17.66,18.5,17.5,17.98,107600,17.077162
"2012-12-18",17.93,19.25,17.700001,18.799999,142600,17.855986
"2012-12-19",18.799999,19.889999,18.129999,19.18,192600,18.216906
"2012-12-20",18.950001,19.02,18.440001,19.02,200500,18.064938
"2012-12-21",18.620001,19.18,17.68,18.98,1936500,18.026951
"2012-12-24",19.049999,19.450001,18.01,18.639999,159000,17.70402
"2012-12-26",18.75,19,18.27,18.65,81300,17.713516
"2012-12-27",18.57,19.49,18.389999,18.540001,162100,17.609045
"2012-12-28",18.41,18.92,18.309999,18.780001,66400,17.836994
"2012-12-31",18.74,19.219999,18.57,19.120001,125600,18.159918
"2013-01-02",19.459999,19.92,18.6,19.24,189700,18.273895
"2013-01-03",19.24,19.459999,18.65,19.139999,89100,18.178911
"2013-01-04",19.25,20.49,18.969999,20.049999,173300,19.043219
"2013-01-07",19.889999,21.24,19.639999,20.77,210300,19.727068
"2013-01-08",20.690001,21.1,20.379999,20.6,229400,19.565601
"2013-01-09",20.709999,20.969999,20.4,20.469999,171800,19.442129
"2013-01-10",20.540001,21.99,20.34,21.629999,235200,20.543882
"2013-01-11",21.6,21.780001,20.549999,21.67,166300,20.581873
"2013-01-14",21.68,22.469999,21.68,21.799999,130400,20.705345
"2013-01-15",21.67,22.9,21.17,21.719999,59300,20.629364
"2013-01-16",21.08,21.52,20.059999,21.280001,239500,20.211454
"2013-01-17",21.370001,21.809999,20.76,21.120001,129800,20.059492
"2013-01-18",21.17,21.790001,20.309999,20.540001,119400,19.508615
"2013-01-22",20.6,21.889999,20.6,21.790001,160100,20.695848
"2013-01-23",21.74,21.74,20.950001,21.43,42700,20.353928
"2013-01-24",21.24,22.59,21.190001,21.43,114500,20.353928
"2013-01-25",21.549999,22.709999,21.549999,22,71200,20.895304
"2013-01-28",22.200001,22.25,21.34,21.639999,91000,20.553377
"2013-01-29",21.68,22.16,21.629999,22.129999,113700,21.018776
"2013-01-30",22.040001,22.879999,22.040001,22.67,340500,21.53166
"2013-01-31",22.530001,22.530001,21.549999,22.42,260400,21.294216
"2013-02-01",22.559999,22.950001,22.360001,22.700001,93600,21.560152
"2013-02-04",22.65,22.709999,21.85,22.540001,80100,21.408188
"2013-02-05",22.58,22.65,22.16,22.629999,38700,21.493668
"2013-02-06",22.49,22.83,22.209999,22.629999,136100,21.493668
"2013-02-07",22.059999,22.690001,22,22.42,61300,21.294216
"2013-02-08",22.389999,22.75,22.040001,22.049999,96400,20.942791
"2013-02-11",22.129999,22.129999,21.299999,21.559999,59100,20.477398
"2013-02-12",21.52,21.76,21.049999,21.57,154700,20.486891
"2013-02-13",21.549999,22.01,21.23,21.559999,321700,20.477398
"2013-02-14",21.549999,22.93,21.549999,22,379500,20.895304
"2013-02-15",22.07,22.65,21.700001,22.299999,146500,21.180237
"2013-02-19",22.32,22.82,22.23,22.82,102000,21.674131
"2013-02-20",22.809999,23.280001,21.209999,21.280001,96200,20.211454
"2013-02-21",21.290001,21.290001,20.549999,20.73,76900,19.689074
"2013-02-22",22.25,22.629999,20.23,20.98,310600,19.926517
"2013-02-25",21,21.08,19.57,19.74,167600,18.748787
"2013-02-26",19.84,20.52,19.700001,20.049999,119300,19.043219
"2013-02-27",20.09,21.5,19.85,20.959999,158500,19.907524
"2013-02-28",20.98,23.309999,20.200001,22.709999,205000,21.569651
"2013-03-01",22.5,22.809999,21.91,22.34,46000,21.218229
"2013-03-04",22.370001,22.870001,21.83,22.389999,39000,21.265718
"2013-03-05",22.41,23.879999,22.389999,23.700001,108700,22.509939
"2013-03-06",23.83,24.030001,23.379999,23.549999,13800,22.36747
"2013-03-07",23.5,24.889999,22.530001,24.51,129700,23.279264
"2013-03-08",24.77,24.959999,23.889999,24.9,127200,23.649687
"2013-03-11",24.92,24.99,24.08,24.49,218100,23.260271
"2013-03-12",24.52,24.99,24.299999,24.93,107300,23.678179
"2013-03-13",24.870001,26.389999,24.67,25.75,308800,24.457005
"2013-03-14",25.860001,25.860001,24.219999,24.860001,153000,23.611692
"2013-03-15",24.92,24.959999,23.5,24.15,186000,22.937346
"2013-03-18",23.870001,24.549999,23.629999,23.99,38800,22.785378
"2013-03-19",24.23,25.139999,23.57,23.76,87200,22.566925
"2013-03-20",24.040001,24.299999,23.65,24,81000,22.794874
"2013-03-21",23.92,24.469999,23.889999,24.309999,133000,23.08931
"2013-03-22",24.389999,24.620001,24.24,24.549999,48100,23.317259
"2013-03-25",24.690001,25.33,24.620001,25.200001,197000,23.934624
"2013-03-26",25.23,25.870001,25.08,25.65,191400,24.362022
"2013-03-27",25.440001,26.27,25.440001,26.110001,83600,24.798925
"2013-03-28",26.24,27.209999,26.040001,26.84,157500,25.49227
"2013-04-01",26.93,27.969999,26.93,27.4,216600,26.024147
"2013-04-02",27.469999,27.889999,26.75,27.040001,493300,25.68223
"2013-04-03",27.049999,27.049999,24.48,24.92,526600,23.668678
"2013-04-04",24.870001,25.27,23.83,25.049999,135100,23.792149
"2013-04-05",24.690001,25.370001,24.57,25.18,56400,23.915625
"2013-04-08",25.17,26.35,25.02,26.049999,144200,24.741938
"2013-04-09",26.299999,27.389999,26.139999,26.76,285300,25.416288
"2013-04-10",26.75,27.24,25.92,26.08,230100,24.77043
"2013-04-11",26.139999,26.700001,25.1,26.5,165600,25.16934
"2013-04-12",26.5,27.049999,26.23,26.629999,275800,25.292814
"2013-04-15",26.360001,26.360001,25.01,25.799999,378800,24.50449
"2013-04-16",26.07,26.77,25.860001,26.74,166300,25.397291
"2013-04-17",26.51,26.540001,25.41,25.799999,160000,24.50449
"2013-04-18",25.91,26.67,25.459999,26.51,74100,25.178841
"2013-04-19",26.75,26.82,26.09,26.219999,126900,24.9034
"2013-04-22",26.35,27.34,26.209999,26.98,149300,25.625242
"2013-04-23",27.049999,27.690001,26.959999,27.49,107100,26.109629
"2013-04-24",27.43,27.620001,27.040001,27.1,77900,25.739214
"2013-04-25",27.51,27.68,27.17,27.299999,68500,25.929169
"2013-04-26",27.290001,27.370001,26.35,26.879999,147000,25.530262
"2013-04-29",26.98,26.98,25.780001,26.040001,343500,24.732443
"2013-04-30",26.459999,26.74,26.129999,26.26,171600,24.941391
"2013-05-01",26.1,27.01,25.950001,26.440001,347100,25.112354
"2013-05-02",26.459999,27.25,26.459999,27.1,168400,25.739214
"2013-05-03",27.440001,27.66,27.16,27.48,86000,26.100136
"2013-05-06",27.58,29.4,27.58,28.76,393000,27.315861
"2013-05-07",28.709999,28.809999,27.879999,28.540001,264200,27.106905
"2013-05-08",28.379999,29.75,27.51,29.530001,200900,28.047197
"2013-05-09",29.57,29.67,28.469999,28.68,189700,27.239876
"2013-05-10",28.65,28.700001,27.91,28.58,89400,27.144896
"2013-05-13",28.459999,29,28.35,28.66,51700,27.220884
"2013-05-14",28.610001,28.91,28.530001,28.870001,73700,27.420336
"2013-05-15",28.290001,29.77,27.190001,29.48,599000,27.999706
"2013-05-16",31.17,31.6,29.73,29.940001,3939200,28.436609
"2013-05-17",30.52,32.41,30.200001,31.43,914000,29.851791
"2013-05-20",31.620001,32.25,31.24,32.029999,545100,30.421659
"2013-05-21",32.400002,32.400002,31.23,31.709999,295800,30.117731
"2013-05-22",32.25,34.84,31.870001,32.540001,876400,30.906054
"2013-05-23",31.98,34.299999,31.52,33.27,609700,31.599398
"2013-05-24",33.389999,34.669998,32.77,34.32,792300,32.596672
"2013-05-28",34.77,35.91,34.310001,34.950001,383300,33.195038
"2013-05-29",34.810001,35.310001,34.310001,34.959999,230000,33.204533
"2013-05-30",34.779999,35.650002,34.400002,34.950001,355500,33.195038
"2013-05-31",34.630001,35.23,33.669998,33.77,596800,32.074291
"2013-06-03",33.66,34.75,32.880001,34.599998,338800,32.86261
"2013-06-04",34.619999,35.43,33.599998,34.080002,175200,32.368721
"2013-06-05",34.27,34.68,33.82,33.939999,165100,32.235752
"2013-06-06",33.880001,35.869999,33.610001,34.580002,110100,32.843616
"2013-06-07",34.849998,35.639999,34.150002,35.450001,135000,33.669926
"2013-06-10",34.560001,35.560001,33.5,34.740002,234400,32.995586
"2013-06-11",34.560001,35.240002,34.18,34.459999,123300,32.729645
"2013-06-12",34.75,35.040001,34.189999,34.43,65700,32.701145
"2013-06-13",34.540001,35.299999,33.419998,34.970001,282100,33.214031
"2013-06-14",34.959999,35.630001,34.599998,34.889999,145900,33.138046
"2013-06-17",35.240002,35.279999,33.790001,34.450001,186800,32.72015
"2013-06-18",33.849998,35.470001,33.200001,35.009998,611200,33.252026
"2013-06-19",35.240002,35.48,34.150002,34.610001,3342600,32.872112
"2013-06-20",34.310001,34.310001,32.470001,32.639999,642000,31.001028
"2013-06-21",32.799999,33.509998,31.6,33.150002,1297800,31.485424
"2013-06-24",32.91,32.91,30.76,32.02,797600,30.412163
"2013-06-25",32.59,33.349998,31.49,32.919998,406000,31.266972
"2013-06-26",33.240002,33.73,32.990002,33.650002,325100,31.960321
"2013-06-27",33.709999,33.77,32.959999,33.060001,290800,31.399944
"2013-06-28",33.150002,33.68,32.610001,33.32,902100,31.646885
"2013-07-01",33.490002,34.650002,33.419998,34.27,245100,32.549183
"2013-07-02",34.110001,34.68,33.509998,34.560001,119600,32.824623
"2013-07-03",34.529999,36.240002,34.200001,35.200001,192200,33.432484
"2013-07-05",35.740002,36.220001,34.75,35.889999,224700,34.087837
"2013-07-08",36.07,37.799999,35.639999,36.099998,498600,34.287292
"2013-07-09",36.450001,36.93,35.790001,36.5,280100,34.66721
"2013-07-10",36.540001,37.25,35.82,37.16,284000,35.294067
"2013-07-11",38.130001,38.130001,37.330002,37.599998,320000,35.711971
"2013-07-12",37.389999,37.669998,36.23,37.25,117800,35.379547
"2013-07-15",37.200001,37.830002,36.23,37.27,243200,35.39854
"2013-07-16",37.18,37.91,36.619999,37.709999,213300,35.816448
"2013-07-17",37.189999,38.869999,37.189999,37.66,207500,35.768963
"2013-07-18",37.549999,39.450001,37.459999,38.080002,294500,36.16787
"2013-07-19",38.150002,39.799999,37.369999,39.360001,348100,37.383602
"2013-07-22",39.110001,39.610001,38.549999,39.470001,150900,37.488071
"2013-07-23",39.900002,40,38.669998,38.790001,182500,36.84222
"2013-07-24",38.919998,39.009998,37.07,37.41,252800,35.531506
"2013-07-25",37.259998,38.240002,37.099998,37.75,222700,35.854446
"2013-07-26",37.5,39.139999,37.150002,37.470001,244100,35.588509
"2013-07-29",37.5,37.82,36.950001,37.669998,82200,35.778454
"2013-07-30",37.77,37.889999,36.779999,37.830002,137400,35.930424
"2013-07-31",37.959999,39.299999,37.299999,38.18,149800,36.262848
"2013-08-01",39.279999,43.400002,39.279999,42.610001,973200,40.470406
"2013-08-02",42.439999,43.52,41.599998,42.650002,509800,40.508396
"2013-08-05",42.57,44.110001,42.41,43.099998,419500,40.935802
"2013-08-06",42.98,43.09,40.919998,42.200001,308400,40.080986
"2013-08-07",43.77,43.84,41.32,42.240002,421900,40.118984
"2013-08-08",42.279999,43.549999,41.799999,42.09,324700,39.976517
"2013-08-09",42.099998,42.689999,41.93,42.240002,219000,40.118984
"2013-08-12",42.02,42.5,41,42.080002,250300,39.967018
"2013-08-13",42.049999,43.48,41.700001,42.09,366000,39.976517
"2013-08-14",41.900002,42.029999,40.330002,40.450001,974100,38.418865
"2013-08-15",40.25,40.700001,39.5,39.790001,2670400,37.792004
"2013-08-16",39.880001,40.970001,39.5,40.5,547800,38.466351
"2013-08-19",40.5,40.599998,39.34,39.349998,194700,37.374104
"2013-08-20",39.27,39.720001,38.450001,39.279999,254900,37.307613
"2013-08-21",39.200001,40.310001,38.099998,39.220001,228600,37.250629
"2013-08-22",39.32,39.919998,38.860001,39.349998,233800,37.374104
"2013-08-23",39.509998,40.450001,38.790001,40.119999,689700,38.105434
"2013-08-26",40.330002,41.25,39.549999,40,352200,37.991455
"2013-08-27",39.57,40.91,39.169998,39.889999,276200,37.886982
"2013-08-28",40.139999,41.75,40.099998,41.5,389600,39.416138
"2013-08-29",41.279999,41.459999,40.139999,40.439999,476200,38.409367
"2013-08-30",40.5,41.009998,39.419998,40.240002,397100,38.219414
"2013-09-03",40.810001,41.810001,40.810001,41.66,338000,39.568111
"2013-09-04",42.709999,44.380001,42.060001,43.349998,1078600,41.173241
"2013-09-05",43.630001,44.299999,43.27,43.619999,268500,41.429684
"2013-09-06",43.939999,43.990002,42.919998,43.419998,403800,41.239723
"2013-09-09",43.599998,44.490002,43.509998,44.32,284600,42.094532
"2013-09-10",44.509998,45,43.73,44.380001,270300,42.151524
"2013-09-11",44.380001,45.799999,44.150002,45.529999,322800,43.243778
"2013-09-12",45.68,46.900002,45.299999,46.630001,451900,44.288551
"2013-09-13",46.82,47.220001,45.880001,46,591000,43.690182
"2013-09-16",46.470001,46.509998,44.380001,44.82,492400,42.569427
"2013-09-17",44.849998,45.450001,44.07,44.59,583900,42.350975
"2013-09-18",45.049999,45.380001,43.740002,44.669998,441400,42.426964
"2013-09-19",44.700001,45.09,43.360001,44.02,264600,41.809601
"2013-09-20",43.970001,44.509998,41.880001,42.779999,1209100,40.631863
"2013-09-23",42.509998,43.75,42.32,43.549999,562300,41.363201
"2013-09-24",44.25,44.639999,43.5,43.630001,449400,41.43919
"2013-09-25",43.84,44.119999,43.349998,43.759998,245900,41.562653
"2013-09-26",42.810001,44.060001,42.810001,43.98,331100,41.771606
"2013-09-27",43.560001,43.759998,42.860001,43.150002,283100,40.983288
"2013-09-30",42.470001,43.18,42.040001,42.639999,307800,40.498901
"2013-10-01",42.610001,43.790001,42.610001,43.419998,332100,41.239723
"2013-10-02",43.099998,43.860001,42.18,43.220001,491400,41.04977
"2013-10-03",43.25,44.080002,42.25,43.830002,359300,41.629147
"2013-10-04",43.82,47.360001,43.68,46.009998,646600,43.699677
"2013-10-07",45.450001,46.709999,45.150002,45.759998,353800,43.462227
"2013-10-08",45.740002,45.970001,43.450001,44.560001,830300,42.322483
"2013-10-09",44.669998,44.93,43.02,43.380001,427500,41.20174
"2013-10-10",43.939999,44.919998,43.470001,43.68,350100,41.486671
"2013-10-11",43.419998,45.310001,43.23,44.700001,475300,42.45546
"2013-10-14",44.5,46.650002,43.919998,46.52,474000,44.184071
"2013-10-15",46.470001,48.32,45.470001,46.849998,619400,44.497498
"2013-10-16",47.18,50.48,47.18,49.52,795200,47.033428
"2013-10-17",49.450001,50.380001,48.549999,50.18,460600,47.660286
"2013-10-18",50.639999,52.389999,50.25,52.18,800100,49.55986
"2013-10-21",51.790001,54.169998,51.049999,52.75,863800,50.101242
"2013-10-22",53.369999,53.959999,50.169998,50.32,643500,47.793255
"2013-10-23",50.049999,50.060001,46.279999,49.099998,1767500,46.634518
"2013-10-24",49.439999,54.07,49.119999,54,1302500,51.288464
"2013-10-25",54.73,56.16,53.009998,53.32,772000,50.642609
"2013-10-28",53.73,54.810001,52.759998,53.52,505500,50.832577
"2013-10-29",54.200001,54.790001,52.939999,54.07,488200,51.35495
"2013-10-30",54,54.669998,53.25,53.709999,733800,51.013027
"2013-10-31",53.5,53.5,49.509998,51.650002,1503800,49.056477
"2013-11-01",51.419998,51.950001,48.189999,50.639999,910200,48.097187
"2013-11-04",50.919998,53.48,49.880001,53.16,1067700,50.490654
"2013-11-05",58.529999,58.709999,53.599998,55.139999,1729800,52.371227
"2013-11-06",55.009998,55.889999,52.32,53.459999,1018100,50.775581
"2013-11-07",55.07,56,50.5,54,4113200,51.288464
"2013-11-08",53.91,54.470001,53.07,53.470001,1044500,50.785084
"2013-11-11",53.700001,53.889999,53.09,53.290001,572500,50.614128
"2013-11-12",53.049999,53.419998,51.759998,52.5,451700,49.863792
"2013-11-13",52.540001,53.700001,52.09,53.150002,1443600,50.481155
"2013-11-14",52.830002,53.77,51.150002,53.119999,492000,50.45266
"2013-11-15",53.25,53.619999,52.639999,53.529999,245200,50.842068
"2013-11-18",53.66,53.759998,49.389999,50.209999,883500,47.688778
"2013-11-19",50.380001,50.700001,48.5,48.82,908500,46.368576
"2013-11-20",49.310001,50.41,48.419998,48.759998,509600,46.311588
"2013-11-21",48.98,52.27,48.98,51.740002,686500,49.141953
"2013-11-22",51.529999,52.650002,50.889999,51.529999,478300,48.942493
"2013-11-25",51.540001,51.810001,48.919998,50.880001,599700,48.325134
"2013-11-26",51,52.52,50.759998,51.610001,572700,49.018482
"2013-11-27",51.450001,52.080002,49.32,50.060001,639400,47.546314
"2013-11-29",49.630001,50.560001,48.639999,49.740002,356800,47.242378
"2013-12-02",49.919998,51.110001,49.049999,50.369999,527000,47.840744
"2013-12-03",50.450001,52.169998,49.400002,50.23,928700,47.707779
"2013-12-04",50,51.330002,49.549999,50.450001,561400,47.916729
"2013-12-05",50.290001,51.220001,48.759998,49.200001,663500,46.729492
"2013-12-06",50.529999,50.810001,45.84,46.18,1472900,43.861137
"2013-12-09",46.290001,46.810001,44.209999,45.07,1388500,42.806873
"2013-12-10",45.209999,47.490002,45.150002,46,753000,43.690182
"2013-12-11",45.93,46.209999,45,45.110001,743000,42.844868
"2013-12-12",45.419998,46.369999,44.779999,44.959999,386700,42.702404
"2013-12-13",45.130001,45.439999,43.470001,44.73,672000,42.483948
"2013-12-16",45.16,46.189999,44.66,45.490002,499700,43.205791
"2013-12-17",45.220001,46.630001,44.27,46.119999,587700,43.804153
"2013-12-18",46.02,47.919998,45.380001,46.34,751100,44.013107
"2013-12-19",46.869999,49.900002,45.82,49.799999,1047800,47.299374
"2013-12-20",49.990002,51.279999,49.490002,50.790001,1472400,48.239662
"2013-12-23",50.52,52.290001,50.110001,52.099998,877300,49.483875
"2013-12-24",52.02,52.389999,51.669998,52.02,300200,49.407894
"2013-12-26",52.16,53.169998,51.599998,52.73,488200,50.082241
"2013-12-27",52.799999,53.830002,52.040001,53.34,377300,50.661613
"2013-12-30",53.200001,53.799999,51.720001,51.93,598400,49.322411
"2013-12-31",51.849998,53.75,51.560001,52.880001,611000,50.224709
"2014-01-02",52.630001,53.580002,49.549999,51.16,714300,48.59108
"2014-01-03",51.23,52.299999,48.009998,49.18,1258300,46.710506
"2014-01-06",49,49.25,47.040001,48.57,1434000,46.131126
"2014-01-07",48.799999,50.040001,47.919998,48.389999,727600,45.960167
"2014-01-08",48.389999,48.73,46.91,47.610001,534800,45.219345
"2014-01-09",47.66,48.07,44.849998,45.52,1103300,43.23428
"2014-01-10",45.43,47.200001,45.25,46.970001,1066600,44.611473
"2014-01-13",46.029999,47.139999,44.049999,44.43,817400,42.199017
"2014-01-14",44.549999,47.119999,44.02,47.009998,908300,44.64946
"2014-01-15",47.27,48.759998,47.209999,48.02,925800,45.608749
"2014-01-16",48.02,48.880001,47.25,48.610001,503600,46.169128
"2014-01-17",48.900002,49.439999,47.630001,48.509998,747300,46.074131
"2014-01-21",48.610001,49.580002,47.689999,49.080002,717600,46.615517
"2014-01-22",49.200001,51.630001,49,51.220001,773300,48.648064
"2014-01-23",51.110001,51.369999,49.52,50.439999,978600,47.90723
"2014-01-24",49.889999,50.400002,48.009998,48.869999,836800,46.416065
"2014-01-27",48.75,49.799999,47.259998,47.540001,596900,45.152851
"2014-01-28",47.73,50.450001,47.73,49.799999,591900,47.299374
"2014-01-29",49.09,50.360001,48.299999,48.59,764900,46.150135
"2014-01-30",49.139999,51.549999,49.139999,51.369999,1053200,48.790531
"2014-01-31",50.669998,53.32,50.099998,51.98,827100,49.369907
"2014-02-03",51.98,52.560001,49.540001,50.080002,1003600,47.565304
"2014-02-04",50.32,52.619999,50.32,51.639999,429500,49.04697
"2014-02-05",51.540001,53.049999,50.400002,52.959999,723300,50.300694
"2014-02-06",53.099998,55.41,53.099998,53.77,1109300,51.070019
"2014-02-07",57.200001,59,55.009998,56.720001,1298000,53.871895
"2014-02-10",57.23,58.650002,56,57.52,914600,54.631721
"2014-02-11",57.450001,59.220001,56.07,58.91,717100,55.95192
"2014-02-12",58.970001,59.84,57.799999,57.970001,795400,55.059128
"2014-02-13",57.52,59.32,56.66,58.889999,842900,55.932926
"2014-02-14",58.970001,59.830002,58,59.650002,876300,56.654766
"2014-02-18",59.669998,61.869999,58.439999,61.02,1333600,57.955975
"2014-02-19",61.490002,62.540001,60.400002,61.040001,764900,57.974976
"2014-02-20",60.900002,62.889999,60.23,62.669998,1073300,59.523117
"2014-02-21",63.98,64.419998,62.93,63.990002,3257700,60.776848
"2014-02-24",64.339996,68,64.309998,64.800003,1941000,61.546169
"2014-02-25",65.580002,65.580002,62.830002,63.740002,1470100,60.539394
"2014-02-26",63.900002,65.120003,61.91,64.540001,884300,61.299221
"2014-02-27",64.440002,65.349998,63.619999,63.889999,742900,60.681854
"2014-02-28",64.139999,64.709999,63.68,64.330002,1029700,61.099766
"2014-03-03",63.889999,65.379997,63.509998,64.410004,709400,61.175751
"2014-03-04",65.029999,66.139999,64.769997,65.480003,667900,62.19202
"2014-03-05",65.519997,65.93,63.07,64.040001,685800,60.824326
"2014-03-06",63.950001,64.699997,62.220001,62.759998,854300,59.608597
"2014-03-07",63.23,64.129997,62.52,63.880001,591100,60.672363
"2014-03-10",63.830002,63.959999,61.009998,63.029999,852400,59.865047
"2014-03-11",62.919998,64.440002,60.41,62.009998,1085100,58.896263
"2014-03-12",61.619999,63.52,60.759998,63.16,811200,59.988514
"2014-03-13",64.349998,64.459999,62.630001,63.360001,800100,60.178474
"2014-03-14",63.43,64.330002,63.02,63.580002,508700,60.387432
"2014-03-17",64.129997,64.959999,63.450001,63.93,580400,60.719849
"2014-03-18",64.019997,65.75,63.959999,65.68,595400,62.381985
"2014-03-19",65.599998,65.970001,64.07,64.400002,683100,61.166256
"2014-03-20",64.269997,66.129997,63.040001,65.190002,841100,61.916588
"2014-03-21",65.260002,66.110001,64.029999,64.220001,851300,60.995285
"2014-03-24",64.540001,64.900002,62.189999,64.139999,686400,60.919308
"2014-03-25",64.269997,64.949997,63.02,64.290001,496700,61.061771
"2014-03-26",64.910004,66.080002,63.959999,64.889999,746600,61.631641
"2014-03-27",65.209999,68.900002,64.870003,68.040001,910700,64.623466
"2014-03-28",68.339996,69.900002,67.559998,69.699997,1465600,66.200111
"2014-03-31",70.360001,70.989998,67,67.309998,1576600,63.930115
"2014-04-01",67.300003,68.650002,65,66.410004,1014200,63.075325
"2014-04-02",66.480003,69.400002,66.129997,68.970001,921400,65.506783
"2014-04-03",68.879997,69.68,67.010002,67.910004,903100,64.500008
"2014-04-04",68.410004,69.68,66.370003,67.25,657400,63.873135
"2014-04-07",66.699997,66.790001,64.050003,65.169998,1101200,61.897572
"2014-04-08",65.169998,67.059998,64.400002,66.599998,873500,63.255783
"2014-04-09",67.370003,68.870003,66.620003,68.059998,722000,64.642464
"2014-04-10",68,68.339996,64.43,65.629997,823300,62.334476
"2014-04-11",65.300003,70.720001,64.5,67.599998,2507100,64.205559
"2014-04-14",68.440002,70.989998,68,70.120003,1028000,66.599022
"2014-04-15",68.93,70.470001,66.82,69.080002,1323400,65.611244
"2014-04-16",70.160004,71.559998,69.239998,70.489998,876500,66.950447
"2014-04-17",70.699997,74.139999,70.550003,73.339996,910900,69.657341
"2014-04-21",74.019997,74.650002,71.860001,74.519997,982400,70.778084
"2014-04-22",75.43,76.720001,73.959999,74.260002,952200,70.531151
"2014-04-23",74.370003,75.18,73.370003,73.889999,641000,70.179726
"2014-04-24",74.25,75.889999,73.199997,75.419998,848300,71.632896
"2014-04-25",75.279999,75.279999,71.129997,71.440002,1041800,67.85276
"2014-04-28",71.5,72.559998,69.32,70.959999,647800,67.396835
"2014-04-29",71.519997,73.010002,71.080002,72.220001,836800,68.59359
"2014-04-30",72.010002,72.370003,70.199997,71.940002,780200,68.327644
"2014-05-01",72.040001,73.540001,70.309998,71.269997,686200,67.691277
"2014-05-02",71.949997,74.290001,71.410004,73.769997,886500,70.065742
"2014-05-05",73.07,75.040001,72.550003,73.629997,629800,69.932777
"2014-05-06",73.389999,73.989998,72.669998,73.25,890900,69.571861
"2014-05-07",73.720001,76.5,71.599998,75.720001,1760300,71.917824
"2014-05-08",72.589996,75,70.779999,71.760002,2311400,68.15667
"2014-05-09",70.279999,73.080002,70.110001,71.239998,904500,67.662788
"2014-05-12",71.68,74.760002,71.010002,72.720001,1706500,69.068474
"2014-05-13",73.230003,74.43,72.25,73.730003,955600,70.027763
"2014-05-14",73.769997,74.459999,71.760002,72.019997,813000,68.403625
"2014-05-15",72.050003,72.050003,67.720001,69.43,1684700,65.94368
"2014-05-16",69.629997,70.730003,67.639999,70.669998,736400,67.121414
"2014-05-19",70.379997,71.800003,70.199997,71.150002,559700,67.577316
"2014-05-20",71.230003,71.660004,69.480003,70.160004,548900,66.637032
"2014-05-21",70.779999,73.199997,70.779999,72.709999,935100,69.058968
"2014-05-22",72.800003,74.199997,72.25,73.029999,604200,69.362907
"2014-05-23",72.839996,74.32,72.610001,72.779999,664200,69.12545
"2014-05-27",72.849998,73.150002,70.360001,71.470001,885600,67.881233
"2014-05-28",71.449997,71.93,70.260002,71.389999,685000,67.805252
"2014-05-29",71.559998,75.93,70.860001,75.019997,1460700,71.252975
"2014-05-30",75.540001,75.949997,74.300003,75.480003,1019800,71.68988
"2014-06-02",76.989998,78.470001,75.349998,76.110001,1245900,72.288254
"2014-06-03",76.080002,78.489998,75.580002,78.300003,943300,74.368294
"2014-06-04",78.360001,79.760002,77.010002,78.540001,845800,74.596222
"2014-06-05",78.639999,79.870003,77.529999,79.239998,821100,75.261086
"2014-06-06",79.940002,81.510002,79.379997,81.089996,953500,77.018188
"2014-06-09",81.43,82.25,80.059998,82,748500,77.8825
"2014-06-10",83,83.660004,81.370003,82.330002,601900,78.195923
"2014-06-11",81.660004,84.470001,81.120003,83.839996,915800,79.630096
"2014-06-12",84.010002,85.900002,83.5,84.690002,1154600,80.437416
"2014-06-13",85.330002,88.389999,84.5,87.949997,1617500,83.533737
"2014-06-16",88.190002,90.300003,87.18,89.900002,1385500,85.385811
"2014-06-17",90,92.239998,88.879997,90.260002,1159800,85.727737
"2014-06-18",91.489998,93.330002,88.879997,90.339996,2891900,85.803696
"2014-06-19",90.690002,90.690002,88.300003,89.050003,1072300,84.578484
"2014-06-20",89.470001,90.690002,88.300003,89.790001,1729600,85.281326
"2014-06-23",90.379997,91.510002,89.120003,91.410004,1253800,86.819992
"2014-06-24",90.190002,90.540001,87.150002,87.690002,2265700,83.286774
"2014-06-25",88,91.360001,87.800003,90.559998,1917100,86.012672
"2014-06-26",90.449997,91.010002,87.699997,89.290001,939200,84.806435
"2014-06-27",89.040001,89.870003,88.5,88.690002,3201400,84.236565
"2014-06-30",88.699997,89.839996,88.449997,88.800003,1145900,84.341042
"2014-07-01",90,90.480003,88.190002,89.769997,1030300,85.262329
"2014-07-02",89.5,90.419998,87.610001,88.290001,796200,83.856659
"2014-07-03",88.760002,89.160004,87.410004,88.809998,596800,84.350525
"2014-07-07",88.800003,89.730003,86.699997,87.309998,918500,82.925858
"2014-07-08",86.720001,87.110001,84.160004,85.970001,1497400,81.653152
"2014-07-09",86.849998,87.370003,85.470001,87.290001,685700,82.906853
"2014-07-10",84.989998,86.550003,82.82,85.720001,1005000,81.41571
"2014-07-11",85.699997,86.5,83.339996,84.209999,890900,79.981522
"2014-07-14",84.790001,87.93,84.610001,86.589996,836200,82.242004
"2014-07-15",86.110001,86.800003,82.709999,83.360001,1110200,79.174202
"2014-07-16",83.93,85.989998,83.529999,85.489998,856600,81.197243
"2014-07-17",85.82,88.199997,84,84.709999,843000,80.456421
"2014-07-18",84.57,87.339996,84.57,86.660004,1229200,82.308487
"2014-07-21",86.019997,89.870003,86,87.989998,1341500,83.571716
"2014-07-22",87.199997,87.690002,86.419998,86.559998,4448200,82.213509
"2014-07-23",87,87.889999,86.25,87.849998,1308200,83.438736
"2014-07-24",88.120003,89.080002,86.860001,88.010002,2064100,83.590729
"2014-07-25",86.959999,87.379997,85.230003,85.699997,975200,81.396698
"2014-07-28",85.900002,86.099998,83.589996,84.800003,569600,80.541908
"2014-07-29",84.589996,86.68,83.919998,85.589996,782600,81.292236
"2014-07-30",86,87.190002,84.279999,84.75,660400,80.494408
"2014-07-31",84.010002,84.099998,81.019997,82.230003,1571500,78.100952
"2014-08-01",82.330002,82.349998,77.980003,80.019997,2387900,76.001915
"2014-08-04",80.510002,82.230003,79.639999,81.610001,974400,77.512077
"2014-08-05",82.010002,82.739998,78.169998,78.93,1512400,74.966652
"2014-08-06",79.669998,81.260002,78.019997,78.519997,1155600,74.577232
"2014-08-07",78.790001,79.75,74.870003,76.580002,1941800,72.734665
"2014-08-08",76.800003,78.330002,76.540001,77.449997,955700,73.560951
"2014-08-11",78.150002,78.260002,76.610001,77.489998,1063700,73.598953
"2014-08-12",76.980003,77.470001,75.660004,76.040001,576800,72.221771
"2014-08-13",76.160004,77.959999,76.160004,77.18,599200,73.304527
"2014-08-14",77.099998,77.809998,74.650002,75.860001,1125400,72.050804
"2014-08-15",77.349998,78.620003,76.400002,78.449997,912300,74.510757
"2014-08-18",78.5,80.029999,77.410004,79.779999,1350900,75.773964
"2014-08-19",79.830002,81.82,79.610001,80,1100700,75.98291
"2014-08-20",79.800003,80.550003,78.75,80.239998,658400,76.210869
"2014-08-21",80.360001,81.139999,79.629997,80.739998,850200,76.685753
"2014-08-22",80.800003,80.800003,78.669998,79.980003,691900,75.963928
"2014-08-25",80.330002,81.889999,79.68,81.400002,835800,77.312614
"2014-08-26",81.760002,85.5,81.540001,83.879997,1391500,79.668098
"2014-08-27",84.239998,84.260002,81.779999,82.599998,725600,78.452362
"2014-08-28",82.410004,83.43,81.919998,83.199997,638100,79.02224
"2014-08-29",83.510002,86.82,83.510002,86.349998,1062000,82.014069
"2014-09-02",86.489998,86.720001,82.720001,83.230003,1137000,79.050728
"2014-09-03",83.989998,84.540001,82.309998,83.839996,969400,79.630096
"2014-09-04",83.970001,84.370003,78.160004,79.5,2162900,75.508034
"2014-09-05",78.760002,79.82,77.739998,79.25,1125800,75.270592
"2014-09-08",78.809998,78.82,76.25,77.419998,1323600,73.532471
"2014-09-09",77.489998,79.120003,75.57,76.459999,1162800,72.620674
"2014-09-10",76.010002,77.709999,74.610001,76.800003,1018900,72.943611
"2014-09-11",75.720001,78.160004,75.650002,77.870003,803200,73.959885
"2014-09-12",77.410004,77.870003,75.830002,76.559998,546200,72.715645
"2014-09-15",76.279999,77.269997,75.199997,76.239998,707900,72.411713
"2014-09-16",76.349998,79.779999,75.75,78.220001,835300,74.292305
"2014-09-17",78.540001,79.300003,77.010002,77.699997,867500,73.798393
"2014-09-18",75.910004,77.480003,75.25,76.18,2357300,72.354729
"2014-09-19",76.400002,77,74.739998,75.550003,1628700,71.756371
"2014-09-22",75.510002,75.550003,72.93,73.459999,1101600,69.771317
"2014-09-23",73.309998,74.93,72.639999,72.839996,913600,69.182442
"2014-09-24",73.059998,74.470001,70.660004,74.300003,1752800,70.569145
"2014-09-25",73.93,74.129997,71.879997,72.599998,1334600,68.954491
"2014-09-26",72.57,73.970001,71.870003,73.639999,747600,69.942268
"2014-09-29",74.970001,76.949997,74.260002,76.760002,2375800,72.905617
"2014-09-30",76.949997,77.300003,73.379997,74.779999,1609600,71.025017
"2014-10-01",75.300003,76.699997,73.290001,74.410004,1983600,70.673615
"2014-10-02",73.449997,76.940002,71.720001,75.279999,1704600,71.499924
"2014-10-03",75.580002,75.580002,72.510002,73,873900,69.334419
"2014-10-06",73.129997,74.580002,71.940002,73.970001,1040600,70.255707
"2014-10-07",73.669998,74.529999,71.339996,71.449997,1183800,67.862244
"2014-10-08",70.949997,73.410004,68.580002,73.120003,1503900,69.448402
"2014-10-09",72.43,72.43,68.559998,69.269997,1436100,65.791702
"2014-10-10",68.800003,68.849998,63.139999,64.75,2625500,61.498672
"2014-10-13",63.25,65.540001,58.41,59.209999,3605700,56.236855
"2014-10-14",59,61.759998,56.900002,58.439999,3573000,55.505524
"2014-10-15",56.950001,60.48,56.34,59.98,1971100,56.968197
"2014-10-16",59.139999,64.040001,57.400002,63.119999,2024000,59.950527
"2014-10-17",64.599998,68.440002,61.860001,63.349998,1731600,60.168976
"2014-10-20",63,65.800003,62.029999,64.279999,752300,61.052277
"2014-10-21",65.389999,67.559998,64.790001,67.489998,1882500,64.101097
"2014-10-22",67.809998,69.650002,64.099998,64.199997,1461300,60.976284
"2014-10-23",65.349998,68.260002,63.810001,67.220001,1535300,63.844658
"2014-10-24",66.830002,67.57,65.07,67.239998,774200,63.863644
"2014-10-27",64.610001,65,60.509998,64.129997,1422000,60.909805
"2014-10-28",64.650002,67.830002,63.720001,67.779999,757000,64.376526
"2014-10-29",68.25,70,67.360001,69.080002,1219100,65.611244
"2014-10-30",68.089996,68.959999,66.419998,67.68,966600,64.281548
"2014-10-31",67.959999,68.610001,64.07,68.440002,1746100,65.003387
"2014-11-03",68.440002,71.540001,66.519997,67.389999,1337800,64.006111
"2014-11-04",65.519997,66.410004,62.68,63.639999,1948200,60.444412
"2014-11-05",67.089996,67.089996,63.029999,65.010002,1402500,61.745632
"2014-11-06",64.459999,66.010002,63.700001,65.82,1091800,62.514935
"2014-11-07",66.089996,69.540001,66.089996,69.489998,1403800,66.000648
"2014-11-10",70.139999,71.389999,66.309998,66.599998,1361900,63.255783
"2014-11-11",66.620003,68.75,65.910004,67.5,1143200,64.110588
"2014-11-12",64.779999,65.940002,64.25,64.809998,3320300,61.555672
"2014-11-13",64.489998,65.599998,63.200001,64.760002,1750100,61.508171
"2014-11-14",65.110001,67.910004,64.599998,67.790001,1044000,64.38604
"2014-11-17",66.900002,67.559998,62.98,63.720001,1575000,60.520393
"2014-11-18",63.610001,65.43,62.400002,64.370003,1264000,61.137756
"2014-11-19",64.589996,65.440002,62.84,65.129997,1008700,61.8596
"2014-11-20",65.139999,67.330002,65.089996,67.209999,813000,63.835155
"2014-11-21",68.5,71.300003,68.260002,69.739998,1509100,66.238098
"2014-11-24",69.160004,69.830002,67,68.089996,1300100,64.670967
"2014-11-25",68.639999,69.400002,66.529999,67.029999,1169600,63.664192
"2014-11-26",66.800003,66.809998,64.230003,64.879997,961800,61.622135
"2014-11-28",58.860001,61.860001,54.48,56.400002,2111700,53.567959
"2014-12-01",56.189999,57.450001,53.869999,55.810001,1516000,53.007587
"2014-12-02",55.369999,58.709999,54.439999,57.84,1981400,54.935646
"2014-12-03",58.450001,63.110001,56.970001,59.860001,1624500,56.854221
"2014-12-04",58.939999,60.200001,57.41,58.48,1272400,55.543514
"2014-12-05",58.389999,59.689999,57.48,58.790001,1507000,55.837952
"2014-12-08",57.310001,57.310001,53.93,54.799999,1576700,52.048294
"2014-12-09",54.220001,57.66,53.709999,56.68,1354400,53.8339
"2014-12-10",55.849998,56.509998,53,53.650002,1325600,50.956043
"2014-12-11",53.279999,55.720001,52.939999,53.110001,1017000,50.443169
"2014-12-12",51.860001,54.919998,51.790001,52.470001,2185300,49.8353
"2014-12-15",52.860001,54.330002,51.689999,53.41,1413600,50.7281
"2014-12-16",52.080002,58.959999,51.950001,55.84,2552400,53.036076
"2014-12-17",55.939999,59.950001,55.740002,58.970001,4351300,56.008911
"2014-12-18",61.599998,62.389999,57.82,59.580002,1985600,56.588287
"2014-12-19",59.900002,63.029999,58.700001,62.560001,1600000,59.418644
"2014-12-22",61.57,62.48,59.32,61.07,933300,58.003464
"2014-12-23",61.25,62.23,60.41,61.700001,840900,58.601833
"2014-12-24",61.169998,61.290001,59,60.18,384500,57.158154
"2014-12-26",61.75,61.75,59.560001,60.41,427200,57.376602
"2014-12-29",60.66,62.310001,59.080002,60.380001,672500,57.34811
"2014-12-30",59.720001,61.52,58.82,59.869999,823000,56.863724
"2014-12-31",58.849998,61.07,57.610001,59.779999,1022500,56.778236
"2015-01-02",60.049999,61.509998,58.740002,59.93,1023200,56.9207
"2015-01-05",59.200001,59.59,55.869999,57.279999,1421500,54.403767
"2015-01-06",56.720001,58.189999,55.529999,57.369999,1394500,54.489246
"2015-01-07",58.400002,60.029999,57.18,58.25,1197000,55.325062
"2015-01-08",58.740002,61.330002,57.709999,61.09,1217300,58.022457
"2015-01-09",61.259998,62.389999,60.080002,61.84,858200,58.734798
"2015-01-12",60.669998,61.310001,57.790001,59.470001,1168200,56.48381
"2015-01-13",60.040001,61.59,59.419998,61.240002,927900,58.164932
"2015-01-14",61.490002,66,61.299999,65.300003,2873500,62.021065
"2015-01-15",66.449997,67.300003,63.279999,63.450001,2094200,60.26395
"2015-01-16",64.199997,66.720001,64,65.629997,2162800,62.334476
"2015-01-20",64.349998,65.790001,61.91,62.810001,1837700,59.656094
"2015-01-21",61.970001,68.900002,61.52,68.540001,2502400,65.098366
"2015-01-22",68.940002,69.510002,67.160004,67.980003,1611900,64.56649
"2015-01-23",67.559998,69.169998,66.279999,67,1035200,63.635696
"2015-01-26",67.050003,68.970001,66.160004,68.510002,1585300,65.06987
"2015-01-27",67.68,70.830002,67.529999,68.970001,1336600,65.506783
"2015-01-28",68.099998,68.550003,65.339996,66.080002,1225500,62.761894
"2015-01-29",66.68,68.660004,64.209999,68.639999,1136500,65.193344
"2015-01-30",67.57,70.660004,66.739998,68.989998,1544700,65.525764
"2015-02-02",69.730003,72,68,69.739998,1456100,66.238098
"2015-02-03",71.330002,72.809998,68.75,69.68,1676800,66.181122
"2015-02-04",68.669998,69.559998,66.599998,67.129997,1019400,63.759155
"2015-02-05",68.459999,69.449997,67.279999,69.059998,1056800,65.592247
"2015-02-06",69.809998,71.059998,68.970001,70.830002,1270600,67.273376
"2015-02-09",71.050003,72.120003,70.080002,70.129997,983900,66.608536
"2015-02-10",70.419998,70.449997,67.57,69.400002,1084400,65.915192
"2015-02-11",67.690002,68.879997,65.550003,68.779999,1473300,65.326317
"2015-02-12",69.919998,73.400002,69.870003,72.970001,1622200,69.305931
"2015-02-13",74.5,75.279999,72.610001,73.459999,1238200,69.771317
"2015-02-17",72.690002,74.190002,72.260002,73.57,1456200,69.875786
"2015-02-18",71.349998,75.779999,71.269997,73.800003,1725400,70.094246
"2015-02-19",72.269997,76.93,71.25,75.860001,1322800,72.050804
"2015-02-20",76.029999,76.809998,74.370003,75.089996,1241700,71.319458
"2015-02-23",73.510002,75.199997,72.360001,74.360001,1056400,70.626137
"2015-02-24",75.080002,75.339996,72.879997,74.080002,755300,70.360191
"2015-02-25",74.809998,76.059998,73.550003,74.959999,1075600,71.195984
"2015-02-26",74.379997,74.580002,72.330002,73.169998,856900,69.49588
"2015-02-27",73.739998,73.739998,70.849998,71.209999,931300,67.634293
"2015-03-02",70.889999,72.269997,69.739998,70.980003,1051300,67.41584
"2015-03-03",71.230003,72,70.480003,71.690002,1694900,68.090202
"2015-03-04",72.889999,73.57,71.010002,71.809998,1532600,68.204178
"2015-03-05",71.400002,72.25,70.720001,71.18,1059400,67.605812
"2015-03-06",70.18,71.349998,69.57,69.860001,740700,66.352074
"2015-03-09",69.949997,71.400002,69.400002,69.610001,983800,66.114639
"2015-03-10",68.709999,70.199997,68.080002,68.089996,859000,64.670967
"2015-03-11",68.32,70.440002,68,70.050003,817700,66.532547
"2015-03-12",70.889999,71.489998,69.879997,69.940002,738300,66.428062
"2015-03-13",68.949997,69.809998,67.519997,69.68,1105200,66.181122
"2015-03-16",68.989998,70,67.790001,70,662300,66.485046
"2015-03-17",70.389999,71.5,69.519997,70.470001,856100,66.931442
"2015-03-18",69.809998,72.800003,69.239998,72.650002,1238400,69.001991
"2015-03-19",71.230003,72.260002,70.379997,71.489998,669300,67.90023
"2015-03-20",71.980003,72.540001,71.099998,72.339996,1595700,68.70755
"2015-03-23",72.410004,73.5,71.529999,71.580002,1423000,67.985718
"2015-03-24",71.510002,73.93,71.360001,73.769997,931900,70.065742
"2015-03-25",75.169998,75.68,73.870003,74.919998,867100,71.15799
"2015-03-26",75.949997,78.75,75.949997,76.849998,1887200,72.991104
"2015-03-27",75.290001,76.580002,74.739998,75.169998,938700,71.395447
"2015-03-30",76.339996,77.82,75.209999,77.629997,1079600,73.731934
"2015-03-31",75.879997,77.440002,75.18,76.839996,992600,72.98159
"2015-04-01",77.599998,79.25,76.470001,77.400002,1137500,73.513474
"2015-04-02",76.82,79.699997,76.669998,78.879997,891600,74.919151
"2015-04-06",80.459999,80.639999,78.769997,79.470001,941700,75.479546
"2015-04-07",79.099998,81.449997,79.099998,79.959999,994200,75.944923
"2015-04-08",80.379997,80.889999,77.800003,78.059998,887100,74.140327
"2015-04-09",78.830002,80.839996,78.110001,80.720001,1196000,76.666756
"2015-04-10",81.389999,81.660004,80.220001,80.75,899600,76.695244
"2015-04-13",81.57,81.879997,79.300003,79.860001,850700,75.849953
"2015-04-14",80.550003,81.239998,79.980003,80.389999,1003800,76.35334
"2015-04-15",82.290001,83,80.730003,82.410004,1431100,78.271912
"2015-04-16",82,84.099998,81.5,83.32,1177700,79.136223
"2015-04-17",82.669998,83.599998,81.68,82.57,798500,78.423866
"2015-04-20",82.910004,85.82,82.809998,84.07,1021900,79.848549
"2015-04-21",83.959999,84.07,82.010002,82.809998,774700,78.651825
"2015-04-22",82.93,83.470001,81.440002,81.980003,880400,77.863503
"2015-04-23",82.059998,83.330002,81.760002,81.959999,893300,77.84449
"2015-04-24",81.989998,82.300003,79.449997,79.830002,862900,75.821465
"2015-04-27",80.160004,80.989998,79.059998,79.730003,755900,75.726479
"2015-04-28",80.239998,80.779999,79.419998,80.230003,708800,76.201378
"2015-04-29",79.82,83.290001,79.82,82.959999,988300,78.794289
"2015-04-30",82.949997,84.089996,81.120003,82.57,841100,78.423866
"2015-05-01",82.620003,83.150002,81.019997,81.879997,615600,77.768517
"2015-05-04",81.199997,83.07,81.010002,82.940002,1005900,78.775291
"2015-05-05",83.709999,84.760002,79.43,79.760002,1272200,75.754974
"2015-05-06",80.32,80.709999,78.120003,78.669998,911200,74.719704
"2015-05-07",79.5,79.5,74.370003,75.339996,2329400,71.556908
"2015-05-08",76.779999,77.980003,74.25,77.010002,4787000,73.143051
"2015-05-11",77.010002,78.830002,76.5,78.330002,1735400,74.396767
"2015-05-12",78.860001,80.660004,78.220001,79.589996,731900,75.593498
"2015-05-13",80.220001,80.580002,78.650002,79.419998,827900,75.432037
"2015-05-14",79.43,80.059998,77.110001,77.199997,1277400,73.323509
"2015-05-15",77.879997,79.239998,75.75,78.93,1088200,74.966652
"2015-05-18",78.790001,79.839996,78.220001,79.230003,825800,75.251579
"2015-05-19",78.830002,79.260002,76.400002,77.470001,993100,73.579956
"2015-05-20",77.599998,78.690002,76.129997,78.529999,1064700,74.586739
"2015-05-21",79,81.370003,78.169998,80.620003,880100,76.571777
"2015-05-22",79.879997,81.699997,79.349998,81.379997,802500,77.29361
"2015-05-26",80.150002,81.150002,78.879997,79.230003,934300,75.251579
"2015-05-27",79.25,79.800003,78.269997,79.18,776900,75.204102
"2015-05-28",78.75,78.75,76.120003,77.529999,1143500,73.636963
"2015-05-29",77.589996,78.93,77.389999,77.809998,1206700,73.902885
"2015-06-01",78.519997,79.019997,77.260002,78.959999,686100,74.995148
"2015-06-02",79.290001,80.300003,78.629997,79.029999,637900,75.061623
"2015-06-03",78.949997,79.099998,77.550003,77.660004,822200,73.760422
"2015-06-04",76.989998,77.080002,75.580002,76.459999,740000,72.620674
"2015-06-05",76.260002,79.5,75.989998,78.260002,989400,74.330299
"2015-06-08",78.290001,80.43,77.68,78.830002,1015300,74.871674
"2015-06-09",79.309998,80.919998,79.309998,79.989998,735700,75.973419
"2015-06-10",81.089996,81.980003,80.260002,81.43,683200,77.341118
"2015-06-11",81.470001,81.839996,80.809998,81.040001,442900,76.970695
"2015-06-12",80.800003,80.800003,79.879997,80.650002,433900,76.600281
"2015-06-15",80.029999,80.220001,79.07,79.889999,856400,75.878441
"2015-06-16",79.709999,81.169998,79.080002,80.75,595200,76.695244
"2015-06-17",81.459999,82.489998,78.529999,79.389999,702100,75.403549
"2015-06-18",79.849998,80.639999,78.480003,78.57,655900,74.624725
"2015-06-19",76.529999,78.639999,76.489998,76.620003,1409000,72.772644
"2015-06-22",77.379997,79.400002,76.169998,78.809998,974200,74.852669
"2015-06-23",78.730003,80.120003,77.93,79.889999,848800,75.878441
"2015-06-24",80,80.68,77.769997,77.959999,749900,74.045341
"2015-06-25",77.870003,78.800003,76.160004,76.389999,742000,72.554192
"2015-06-26",75.480003,76.32,73.379997,75.25,7678900,71.471443
"2015-06-29",74.260002,75.940002,73.730003,75.160004,1228900,71.385948
"2015-06-30",75.949997,76.309998,73.360001,75.379997,1209400,71.59491
"2015-07-01",76.410004,77.360001,72.589996,72.82,1441600,69.163452
"2015-07-02",72.82,73.239998,72.220001,73.129997,833200,69.457886
"2015-07-06",71.910004,73.330002,69.900002,70.209999,1371500,66.684517
"2015-07-07",70.059998,71.169998,67.559998,71.059998,1859400,67.491837
"2015-07-08",70.330002,71.620003,68.269997,69.290001,1022300,65.810699
"2015-07-09",70.230003,71.910004,70.099998,70.860001,1339100,67.30188
"2015-07-10",71.300003,71.690002,69.57,70.889999,973400,67.330368
"2015-07-13",70.519997,71.459999,70.029999,71.309998,781400,67.729271
"2015-07-14",71.709999,74.220001,71.349998,73.339996,1052100,69.657341
"2015-07-15",72.709999,72.949997,69.980003,70.690002,962800,67.140404
"2015-07-16",70.870003,71.75,68.459999,69.190002,1006100,65.715736
"2015-07-17",69.110001,69.110001,65.849998,66.269997,1992900,62.942356
"2015-07-20",66.059998,66.209999,64.18,64.830002,1331000,61.574657
"2015-07-21",65.150002,66.849998,64.660004,65.970001,1233200,62.657413
"2015-07-22",65.339996,66.440002,64.389999,66.239998,1337200,62.913857
"2015-07-23",66.25,66.709999,64.040001,66.290001,1813900,62.961346
"2015-07-24",66.389999,66.470001,63.119999,63.900002,1810100,60.691357
"2015-07-27",63.049999,64.25,62.23,63.299999,1128300,60.121487
"2015-07-28",63.5,65.599998,62.580002,64.989998,725800,61.72662
"2015-07-29",64.629997,67.910004,63.990002,67.650002,1386100,64.253059
"2015-07-30",67.360001,68.660004,65.940002,67.68,1543000,64.281548
"2015-07-31",67.239998,68.57,66.510002,67.300003,1275700,63.920643
"2015-08-03",66.800003,69.440002,66.410004,66.82,1302000,63.464756
"2015-08-04",67.440002,69.349998,67.190002,67.989998,1543800,64.575981
"2015-08-05",68.989998,69.989998,67.510002,68.370003,1710600,64.936897
"2015-08-06",68.400002,70.959999,65.889999,70.480003,1967800,66.940964
"2015-08-07",70.059998,71.730003,68.43,68.839996,1149200,65.383293
"2015-08-10",69.089996,70.959999,68.809998,70.190002,1427100,66.665512
"2015-08-11",69.110001,71.110001,68,70.870003,858900,67.311378
"2015-08-12",70.550003,73.209999,69.959999,72.480003,1038100,68.840523
"2015-08-13",70.709999,72.059998,70.019997,71.669998,2579900,68.071205
"2015-08-14",72.389999,74.190002,71.599998,73.900002,1502800,70.189217
"2015-08-17",73.269997,73.629997,71.599998,72.209999,987100,68.584091
"2015-08-18",72.68,73.480003,71.400002,73.379997,766000,69.695335
"2015-08-19",72.75,73.129997,70.050003,71.839996,1059800,68.232666
"2015-08-20",72,72.279999,70.150002,70.230003,1055500,66.703514
"2015-08-21",69.309998,70.220001,66.330002,66.550003,1998600,63.208294
"2015-08-24",64.839996,65.790001,60.34,61.75,2022700,58.649319
"2015-08-25",65.32,65.779999,60.790001,60.82,1345500,57.766018
"2015-08-26",62.48,62.580002,60.279999,62.09,1104700,58.972248
"2015-08-27",63.509998,67.660004,62.580002,65.699997,1676500,62.400978
"2015-08-28",65.019997,69.300003,64.550003,66.559998,1608900,63.217785
"2015-08-31",65.93,69.150002,65.309998,68.290001,1974300,64.860916
"2015-09-01",66.389999,67.889999,63.689999,64.519997,1462600,61.280224
"2015-09-02",65.580002,67.489998,63.330002,67.449997,1383700,64.063095
"2015-09-03",68.050003,69,66.800003,66.980003,944000,63.616695
"2015-09-04",65.989998,67.169998,65.459999,66,701800,62.685913
"2015-09-08",65.949997,67.879997,65.18,67.309998,818600,63.930115
"2015-09-09",67.980003,68.400002,65,65.050003,881600,61.783615
"2015-09-10",65.400002,67.639999,63.82,66.879997,1056500,63.521725
"2015-09-11",65.889999,66.309998,63.439999,66.309998,1112800,62.980343
"2015-09-14",66.199997,66.440002,64.580002,65.720001,704500,62.419964
"2015-09-15",66.209999,67.419998,66,66.699997,645200,63.350765
"2015-09-16",67.330002,70.720001,67.290001,69.889999,1397200,66.380569
"2015-09-17",70.18,71.639999,69.440002,69.809998,1012300,66.304588
"2015-09-18",68.019997,69.379997,67.720001,69,1592000,65.535271
"2015-09-21",69.660004,70.760002,68.559998,69.419998,1131200,65.934181
"2015-09-22",68.389999,71.300003,67.440002,69.18,1372800,65.706245
"2015-09-23",69.209999,70.209999,66.400002,66.489998,931900,63.151299
"2015-09-24",65.900002,67.349998,64.209999,66.669998,729100,63.322273
"2015-09-25",67.699997,67.720001,65.239998,66.010002,925800,62.695393
"2015-09-28",65.110001,65.43,62.240002,62.630001,983500,59.485126
"2015-09-29",62.73,64.209999,62.110001,63,795300,59.836552
"2015-09-30",63.860001,65.309998,62.849998,64.599998,769600,61.356205
"2015-10-01",66.089996,67.599998,63.77,65.559998,1447500,62.268005
"2015-10-02",65.110001,69.519997,63.360001,69.360001,1442900,65.87719
"2015-10-05",69.779999,72.339996,69.779999,72.209999,1242900,68.584091
"2015-10-06",73,74.669998,70.610001,72.580002,1916800,68.935509
"2015-10-07",73.690002,76.209999,71.68,73.650002,1645100,69.951775
"2015-10-08",73.230003,76.739998,72.419998,76.220001,1060000,72.392731
"2015-10-09",76.550003,77.919998,74.739998,76.949997,1708100,73.086082
"2015-10-12",76.449997,77.919998,75.089996,76.910004,1085900,73.048088
"2015-10-13",76.519997,77.959999,75.809998,76.169998,652700,72.345253
"2015-10-14",76.419998,76.610001,74.870003,76.43,706300,72.592178
"2015-10-15",75.940002,76.739998,73.959999,75.68,912300,71.879845
"2015-10-16",75.93,77.980003,75.800003,77.18,1115300,73.304527
"2015-10-19",76.120003,76.43,71.849998,73.309998,1295900,69.628853
"2015-10-20",74.029999,75.099998,72.230003,73.360001,831400,69.676331
"2015-10-21",73.110001,73.110001,71.059998,71.269997,599900,67.691277
"2015-10-22",71.809998,73,71.099998,72.349998,802000,68.717056
"2015-10-23",72.010002,72.809998,70.559998,71.919998,1203400,68.308647
"2015-10-26",71.970001,73.610001,71.269997,72.879997,986500,69.220436
"2015-10-27",71.900002,72.830002,71,72.559998,961900,68.916504
"2015-10-28",72.900002,76.360001,71.75,75.5,1395000,71.708893
"2015-10-29",74.919998,76.610001,74.639999,75.400002,1186800,71.613899
"2015-10-30",76.080002,76.129997,73.129997,73.839996,1129000,70.132225
"2015-11-02",73.830002,74.940002,73.290001,73.410004,1293300,69.723846
"2015-11-03",73.809998,79.32,73.339996,77.260002,1873400,73.380508
"2015-11-04",79,79,75,76.080002,1374700,72.25975
"2015-11-05",76,79,74.650002,77.089996,991500,73.21904
"2015-11-06",76.5,78.959999,76.360001,77.790001,1005400,73.883904
"2015-11-09",78.010002,79.989998,77.489998,79.620003,1134800,75.622017
"2015-11-10",79.209999,79.949997,78.269997,79.599998,740400,75.602997
"2015-11-11",79.669998,80.120003,77.839996,79.830002,1224900,75.821465
"2015-11-12",78.489998,80.07,77.639999,78.089996,1407800,74.168831
"2015-11-13",77.830002,78.940002,76.68,76.720001,1073500,72.867622
"2015-11-16",77.269997,79.790001,76.449997,79.660004,1272900,75.659988
"2015-11-17",80,80.989998,78.099998,79.610001,842500,75.612511
"2015-11-18",80,81.860001,78.110001,81.419998,1429500,77.331612
"2015-11-19",80.419998,81,76.050003,77.059998,1124500,73.190552
"2015-11-20",77.010002,78.400002,76.519997,77.470001,1009900,73.579956
"2015-11-23",77.309998,79.970001,76.139999,79.739998,1331200,75.735962
"2015-11-24",80.5,82.190002,78.169998,79.940002,1456100,75.925926
"2015-11-25",78.970001,80.110001,77.82,78.699997,697400,74.748207
"2015-11-27",77.910004,78.519997,76.580002,77.519997,395900,73.627441
"2015-11-30",77.419998,79.589996,77.190002,78.019997,608200,74.102341
"2015-12-01",78.330002,79.349998,77.470001,78.199997,816700,74.273293
"2015-12-02",78.779999,78.779999,74.870003,76.790001,1072500,72.934097
"2015-12-03",77.790001,78.330002,75.760002,76.75,631200,72.896111
"2015-12-04",76.25,78.160004,74.900002,76.309998,1056100,72.478203
"2015-12-07",74.489998,75.43,71.470001,73.849998,1624500,70.141724
"2015-12-08",72.589996,75.790001,72.239998,74.940002,1987600,71.177017
"2015-12-09",76.160004,78.389999,75.010002,77.019997,1089600,73.152557
"2015-12-10",76.459999,80,75.510002,79.089996,1794400,75.118599
"2015-12-11",77.690002,78.599998,75.910004,76.559998,1084700,72.715645
"2015-12-14",75.800003,76.610001,73.779999,75.610001,1574100,71.813354
"2015-12-15",75.709999,77.690002,75.440002,76.510002,1440600,72.668175
"2015-12-16",76.989998,77.489998,71.959999,72.360001,1324800,68.72654
"2015-12-17",73.349998,73.349998,67.900002,68.75,2030900,65.297821
"2015-12-18",68.809998,69.150002,65.75,66.160004,1670500,62.837879
"2015-12-21",66.129997,67.519997,61.509998,62.200001,2606600,59.076717
"2015-12-22",62.25,64.82,61.869999,63.349998,1368100,60.168976
"2015-12-23",64.889999,67.599998,64,67.459999,1192000,64.072586
"2015-12-24",67.279999,68.449997,66.129997,67.919998,486200,64.509491
"2015-12-28",67.150002,67.150002,64.620003,65.43,889400,62.144535
"2015-12-29",67.230003,67.769997,64.919998,66.440002,815600,63.103817
"2015-12-30",65.370003,67.029999,64.839996,66.019997,633400,62.704899
"2015-12-31",65.769997,67.669998,65.739998,66.900002,770400,63.540718
"2016-01-04",66.449997,67.150002,65.099998,66.110001,1199700,62.790386
"2016-01-05",66.099998,66.599998,64.599998,65.190002,1006900,61.916588
"2016-01-06",64.019997,64.019997,61.75,62.200001,1324900,59.076717
"2016-01-07",60.740002,63.630001,60.099998,60.400002,1080800,57.367107
"2016-01-08",61,61.869999,58.790001,60.759998,1259300,57.709023
"2016-01-11",60.639999,61.439999,56.779999,57.599998,1944900,54.707703
"2016-01-12",58.639999,59.279999,55.48,58.52,2440200,55.581501
"2016-01-13",59.82,60.549999,56.849998,59.509998,5736200,56.521786
"2016-01-14",60.759998,63.200001,58.900002,62.68,2322300,59.532619
"2016-01-15",59.68,63.34,59.259998,63.16,2016900,59.988514
"2016-01-19",63.299999,64.57,59.43,60.48,1662300,57.443089
"2016-01-20",59,62.580002,56.59,60.91,2868800,57.851498
"2016-01-21",60.860001,64.879997,60.599998,64.099998,1917900,60.881317
"2016-01-22",65.199997,68.989998,64.440002,66.169998,1869500,62.84737
"2016-01-25",64.059998,66.529999,61.59,62.080002,1283300,58.962749
"2016-01-26",63.689999,66.989998,61.860001,66.529999,1354400,63.189293
"2016-01-27",66.32,69.790001,65.489998,68.269997,2477500,64.841934
"2016-01-28",71.18,73.489998,70.099998,72.790001,2382100,69.134949
"2016-01-29",73.339996,75.660004,73.019997,75.550003,2600700,71.756371
"2016-02-01",74.410004,74.440002,71.370003,72.599998,1880400,68.954491
"2016-02-02",70.709999,73.120003,70.190002,71.25,990400,67.672287
"2016-02-03",72.419998,75,69.989998,74.879997,1342900,71.12001
"2016-02-04",75.480003,76.860001,71.68,72,2528900,68.384636
"2016-02-05",71.459999,71.459999,66.57,67.309998,2423700,63.930115
"2016-02-08",66.040001,70.349998,65.019997,69.949997,1903600,66.437561
"2016-02-09",68.769997,69.68,64.879997,67.059998,1698000,63.692688
"2016-02-10",67.279999,69.379997,65.699997,67.330002,1534000,63.949135
"2016-02-11",65.220001,68.57,63.759998,67.900002,1795200,64.490501
"2016-02-12",69.900002,71.110001,67.099998,69.129997,1641300,65.658722
"2016-02-16",70.540001,71.410004,67.290001,67.970001,2106500,64.556984
"2016-02-17",69.519997,72.199997,66.230003,70.440002,2530300,66.902962
"2016-02-18",70.199997,71.730003,67.68,70.25,1885000,66.722504
"2016-02-19",69.419998,72.169998,68.379997,72.080002,1434900,68.460617
"2016-02-22",74.129997,74.669998,72.089996,73.699997,1367500,69.99926
"2016-02-23",73.699997,73.699997,69.879997,69.989998,1212000,66.475563
"2016-02-24",71.059998,71.769997,67.519997,71.720001,1043400,68.118683
"2016-02-25",71.139999,72.25,68.330002,71.559998,1200900,67.966721
"2016-02-26",72.580002,73.989998,71.849998,72.599998,1197700,68.954491
"2016-02-29",72.699997,73.220001,70.510002,71.25,1371300,67.672287
"2016-03-01",71.760002,72.510002,68.959999,72.489998,1673200,68.850021
"2016-03-02",72.209999,74,71.25,74,1374200,70.284195
"2016-03-03",73.410004,74.400002,70.849998,72.510002,2734300,68.869034
"2016-03-04",72.989998,76.040001,71.800003,75.989998,2124500,72.174263
"2016-03-07",75.699997,76.730003,73.709999,76.239998,2460600,72.411713
"2016-03-08",75.360001,76.489998,73.650002,74.389999,1518100,70.65461
"2016-03-09",75.720001,75.919998,73.5,74.699997,1215600,70.949051
"2016-03-10",74.400002,75.379997,72.75,75.080002,872500,71.309982
"2016-03-11",75.940002,79.32,74.82,78.43,1752100,74.491753
"2016-03-14",76.739998,78.199997,75.209999,76.010002,835500,72.193268
"2016-03-15",74.830002,77.209999,74.610001,76.980003,916800,73.114571
"2016-03-16",77.529999,78.470001,75.230003,77.110001,1340100,73.238037
"2016-03-17",77.879997,77.970001,76.709999,77.489998,1144900,73.598953
"2016-03-18",78,79.220001,76.760002,77.620003,1760600,73.722427
"2016-03-21",77.110001,78.410004,76.580002,78.050003,829700,74.130852
"2016-03-22",77.379997,79.040001,77.199997,78.019997,1073700,74.102341
"2016-03-23",76.650002,78.5,76.510002,76.699997,1013100,72.848633
"2016-03-24",75.690002,77.660004,75.110001,77.43,843100,73.541969
"2016-03-28",76.660004,77.669998,74.809998,76.459999,699300,72.620674
"2016-03-29",75.470001,77.690002,75.239998,77.160004,987400,73.285538
"2016-03-30",78.190002,79.580002,76.699997,79.029999,1393800,75.061623
"2016-03-31",78.959999,79.870003,76.980003,77.18,1128100,73.304527
"2016-04-01",76,77.339996,75.309998,76.769997,1090600,72.915108
"2016-04-04",77.07,77.82,74.440002,74.510002,945300,70.7686
"2016-04-05",74.440002,74.519997,73.120003,73.800003,1216600,70.094246
"2016-04-06",74.540001,76.790001,73.82,76.690002,1064500,72.839127
"2016-04-07",76.059998,79.18,75.970001,79.07,1277500,75.099617
"2016-04-08",80.599998,82.5,79.57,81.050003,1362100,76.980194
"2016-04-11",81.349998,82.059998,79.970001,80.580002,793300,76.533791
"2016-04-12",81.010002,83.209999,80.309998,82.050003,1056800,77.929985
"2016-04-13",81.699997,82.230003,80.220001,81.400002,774300,77.312614
"2016-04-14",81.470001,81.800003,80.5,81.730003,444600,77.626053
"2016-04-15",80.879997,80.949997,79.830002,80.110001,778100,76.087402
"2016-04-18",77.919998,82.010002,77.5,81.82,918000,77.711533
"2016-04-19",82.300003,84.449997,81.75,82.300003,1254100,78.167435
"2016-04-20",81.910004,84.480003,80.610001,83.449997,847600,79.259682
"2016-04-21",84.510002,84.510002,82.099998,82.550003,552700,78.404877
"2016-04-22",82.650002,84.410004,82.639999,83.68,810100,79.478142
"2016-04-25",83.07,84.870003,83.07,84.480003,1032200,80.237968
"2016-04-26",84.82,87.129997,84.779999,86.510002,1139100,82.166031
"2016-04-27",87.129997,89.120003,87,88.43,1320900,83.989624
"2016-04-28",88.230003,89.220001,86.580002,86.879997,907600,82.517456
"2016-04-29",87.110001,88.300003,84.970001,86.580002,977700,82.232513
"2016-05-02",87.080002,87.769997,85.559998,87.610001,1277200,83.210793
"2016-05-03",86.910004,88,83.010002,84.900002,1882900,80.636879
"2016-05-04",85.400002,87.940002,82.190002,84.169998,2147900,79.943527
"2016-05-05",85.849998,88.459999,85.849998,87.68,1796500,83.277275
"2016-05-06",86.989998,88.57,85.309998,85.459999,756800,81.168739
"2016-05-09",84.550003,86.139999,83.68,85.730003,1002400,81.425194
"2016-05-10",86.029999,87.57,85.779999,87.410004,903600,83.020836
"2016-05-11",87.010002,88.32,86.269997,86.489998,1036400,82.147018
"2016-05-12",87.410004,88.410004,85.75,87.139999,921300,82.764381
"2016-05-13",86.599998,87.699997,84.889999,85.489998,778900,81.197243
"2016-05-16",86.860001,87.989998,86.379997,86.580002,697000,82.232513
"2016-05-17",86.860001,87.75,85.690002,86.940002,797900,82.57444
"2016-05-18",87.040001,87.620003,85.889999,86.93,527300,82.564934
"2016-05-19",85.93,87.330002,83.889999,86.93,871600,82.564934
"2016-05-20",87.5,87.5,86.18,87.019997,736700,82.650429
"2016-05-23",86.550003,87.580002,85.639999,86.839996,569600,82.479446
"2016-05-24",87.519997,88.5,86.739998,87.970001,904000,83.552727
"2016-05-25",88.440002,89.790001,87.989998,89.739998,1001000,85.233849
"2016-05-26",90,92.919998,89.889999,91.910004,1792600,87.294884
"2016-05-27",91.419998,93.919998,90.32,92.860001,2747300,88.197174
"2016-05-31",93,93.769997,90.459999,90.949997,978500,86.383072
"2016-06-01",90.269997,92.169998,90.050003,91.529999,969600,86.93396
"2016-06-02",90.650002,92.660004,89.400002,92.419998,1062500,87.779266
"2016-06-03",92.309998,92.529999,89.900002,90.110001,1318800,85.585274
"2016-06-06",90.839996,91.629997,89.800003,90.870003,1172100,86.307106
"2016-06-07",91.470001,94.949997,91.470001,94.589996,1366700,89.840309
"2016-06-08",95.449997,96.010002,92.43,93.129997,970700,88.453613
"2016-06-09",92.279999,93.870003,91.720001,92.18,765800,87.551315
"2016-06-10",91.099998,91.910004,89.330002,89.339996,800900,84.853928
"2016-06-13",88.699997,90.440002,88.199997,88.760002,910100,84.303047
"2016-06-14",88.370003,90.099998,87.970001,89.860001,947300,85.347809
"2016-06-15",89.760002,90.459999,88.260002,89.129997,767300,84.654472
"2016-06-16",88.260002,88.260002,86.309998,87.25,1312800,82.868881
"2016-06-17",87.760002,88.260002,86.959999,87.510002,1211500,83.115822
"2016-06-20",89.260002,89.599998,88.529999,89.010002,821900,84.540489
"2016-06-21",89.160004,91.330002,88.089996,90.919998,951200,86.354584
"2016-06-22",91.68,91.68,89.720001,90.790001,577400,86.231102
"2016-06-23",91.5,91.970001,90.699997,91.410004,671600,86.819992
"2016-06-24",87.519997,89.5,86.650002,87.279999,1692900,82.897369
"2016-06-27",86.400002,87.349998,82.800003,83.769997,1550700,79.563606
"2016-06-28",85.010002,88.949997,84.349998,88.610001,1394000,84.160583
"2016-06-29",89.650002,91.82,88.82,90.790001,1013000,86.231102
"2016-06-30",90.639999,91.989998,89.589996,91.209999,931000,86.630028
"2016-07-01",91.790001,92.779999,89.379997,90.540001,905300,85.993668
"2016-07-05",89.540001,90.010002,87.75,89.529999,990100,85.034393
"2016-07-06",88.839996,91.199997,88.489998,90.5,1620600,85.955681
"2016-07-07",91.5,91.970001,88.410004,88.589996,1087400,84.141586
"2016-07-08",89.580002,90,88.769997,89.160004,923700,84.682976
"2016-07-11",89.910004,91.410004,89.199997,89.699997,626000,85.195847
"2016-07-12",91.050003,92.82,91.029999,91.959999,750200,87.342377
"2016-07-13",90.269997,92.449997,89.199997,91.040001,4602900,86.468559
"2016-07-14",92.019997,92.730003,91.150002,92.230003,1327500,87.598808
"2016-07-15",92.190002,92.489998,90.07,90.93,1010200,86.364098
"2016-07-18",90.669998,90.970001,89.5,90.57,696300,86.022148
"2016-07-19",90.050003,90.870003,89.209999,89.419998,1051600,84.929909
"2016-07-20",90.099998,90.120003,88.779999,89.480003,1469200,84.986893
"2016-07-21",89.260002,90.309998,87.910004,88.18,1374700,83.752174
"2016-07-22",88.419998,88.739998,87.440002,88.230003,958500,83.799667
"2016-07-25",87.790001,87.790001,84.199997,85.349998,1118500,81.06427
"2016-07-26",85.32,86.169998,84.449997,85.889999,951300,81.577164
"2016-07-27",86.199997,86.629997,84.730003,85.360001,1121400,81.073776
"2016-07-28",85.169998,86.57,84.529999,85.93,958800,81.615158
"2016-07-29",85.489998,88.370003,85.160004,87.790001,1685000,83.381752
"2016-08-01",87.639999,87.639999,84.650002,85.949997,1343100,81.634148
"2016-08-02",86.199997,86.900002,83.900002,85.849998,1198000,81.539177
"2016-08-03",87.480003,88,85.220001,87.339996,1618700,82.954353
"2016-08-04",87.339996,89.949997,86.870003,88.910004,1262300,84.445511
"2016-08-05",89.269997,93.839996,89.160004,92.949997,1744700,88.282654
"2016-08-08",93.690002,95.959999,93.400002,93.699997,1143500,88.994995
"2016-08-09",93.650002,95.470001,93.089996,94.279999,1004500,89.545868
"2016-08-10",94.669998,94.809998,92.68,93.290001,642300,88.605583
"2016-08-11",94.040001,95.480003,93.169998,94.160004,944900,89.431892
"2016-08-12",94.379997,94.959999,93.57,94.580002,603300,89.830811
"2016-08-15",95.239998,96.949997,95.019997,96.449997,902300,91.606903
"2016-08-16",95.809998,96.489998,93.449997,95.010002,1040100,90.23922
"2016-08-17",95.010002,95.559998,93.949997,95.300003,759600,90.514648
"2016-08-18",95.93,98.809998,95.349998,98.550003,1237400,93.601463
"2016-08-19",98.279999,98.940002,97.029999,98.589996,606100,93.639442
"2016-08-22",97.480003,98.18,95.860001,96.489998,1068400,91.64489
"2016-08-23",96.599998,97.519997,96.230003,96.589996,594400,91.739876
"2016-08-24",96.269997,97.300003,95.760002,96.190002,570100,91.35997
"2016-08-25",96.260002,96.870003,94.989998,96.260002,718900,91.426445
"2016-08-26",96.519997,97.389999,95.669998,96.330002,504000,91.492943
"2016-08-29",95.860001,97.889999,95.599998,97.360001,456700,92.471214
"2016-08-30",97.360001,97.989998,95.839996,96.5,598900,91.654396
"2016-08-31",96.120003,96.25,93.75,95.25,997500,90.467148
"2016-09-01",95.230003,95.370003,93.029999,95.269997,710700,90.48616
"2016-09-02",96.169998,96.830002,95.75,96.379997,569800,91.540428
"2016-09-06",96.580002,97.25,95.220001,97.150002,728600,92.271751
"2016-09-07",97.599998,98.949997,96.489998,98.559998,997900,93.610954
"2016-09-08",98.940002,99.690002,98.07,98.339996,653700,93.402
"2016-09-09",97.57,98.519997,95.959999,96.050003,961800,91.22699
"2016-09-12",95.440002,96.940002,94.639999,95.629997,754200,90.828079
"2016-09-13",94.209999,95.120003,90.400002,90.900002,1627900,86.335587
"2016-09-14",90.489998,91.68,87.910004,88.559998,1347200,84.113091
"2016-09-15",88.989998,90.389999,88.550003,89.879997,1148900,85.366806
"2016-09-16",88.989998,89.949997,86.93,89.690002,1319700,85.186356
"2016-09-19",90.529999,91.150002,88.510002,89.290001,634800,84.806435
"2016-09-20",89.510002,89.510002,87.529999,88.349998,837600,83.913643
"2016-09-21",89.110001,90.080002,88.010002,89.389999,1389200,84.901405
"2016-09-22",90.389999,91.260002,89.349998,91,1048400,86.430573
"2016-09-23",90.480003,90.940002,87.309998,88.919998,1246700,84.455025
"2016-09-26",89.190002,91.349998,88.889999,90.309998,1120500,85.775223
"2016-09-27",89.379997,89.779999,87.650002,88.529999,879200,84.084579
"2016-09-28",89.059998,93.599998,88.360001,93.379997,1244200,88.691055
"2016-09-29",93.25,96.559998,93.18,95.529999,1540000,90.733086
"2016-09-30",96,98.779999,95.739998,96.540001,1292000,91.692383
"2016-10-03",95.150002,96.470001,91.150002,92.529999,2361700,87.883751
"2016-10-04",93.120003,93.849998,90.510002,91.589996,1777500,86.990929
"2016-10-05",92.599998,94.910004,92.199997,94.699997,1675400,89.944778
"2016-10-06",95.510002,95.809998,93.589996,95.040001,1075800,90.2677
"2016-10-07",95.029999,95.519997,94.260002,94.699997,813200,89.944778
"2016-10-10",99.800003,106.029999,99.050003,105.209999,3583500,99.927032
"2016-10-11",105.5,106.839996,103.699997,104.839996,1946800,99.575615
"2016-10-12",104.709999,105.830002,104,104.540001,1361400,99.29068
"2016-10-13",104.089996,104.5,102.269997,103.529999,1046600,98.331398
"2016-10-14",103.900002,104.779999,100.75,100.900002,1556200,95.833458
"2016-10-17",100.980003,101.379997,98.800003,100.470001,1348100,95.425049
"2016-10-18",101.370003,102.690002,99.470001,99.709999,1034000,94.703209
"2016-10-19",100.540001,104.510002,100.540001,103.199997,1868700,98.01796
"2016-10-20",102.199997,104.190002,100.57,102.25,1098400,97.115669
"2016-10-21",101.980003,103.300003,100.839996,102.239998,1011200,97.106171
"2016-10-24",102.57,102.57,98.599998,99.599998,995100,94.598747
"2016-10-25",99.339996,100.300003,96.919998,97.440002,821000,92.547195
"2016-10-26",96.459999,96.839996,94.510002,96.050003,1276800,91.22699
"2016-10-27",96.519997,97.68,95.889999,96.779999,1402600,91.920334
"2016-10-28",96.300003,98.099998,93.940002,93.989998,837600,89.270424
"2016-10-31",93.709999,94.25,90.510002,91.290001,1352000,86.706009
"2016-11-01",92.269997,93.660004,90.550003,91.809998,764700,87.199883
"2016-11-02",90.779999,91.900002,88.739998,91.279999,904800,86.696526
"2016-11-03",91.809998,92.790001,90.050003,92.559998,921600,87.912231
"2016-11-04",91.870003,92.870003,89.75,91.690002,1190100,87.085922
"2016-11-07",93.660004,94.550003,92.25,93.959999,1615900,89.241943
"2016-11-08",92.699997,96.239998,91.059998,93.739998,2051400,89.032982
"2016-11-09",93.730003,100.010002,93.169998,98.160004,1984600,93.231033
"2016-11-10",97.5,99.019997,96.199997,97.370003,1270100,92.480705
"2016-11-11",96.419998,98.25,94.400002,95.489998,732500,90.695107
"2016-11-14",95.040001,95.18,92.709999,94.32,1124400,89.58387
"2016-11-15",95.650002,98.290001,95.650002,96.660004,1149500,91.806358
"2016-11-16",96.440002,99,96.419998,97.589996,973100,92.689659
"2016-11-17",98.550003,101.370003,97.099998,97.919998,1827600,93.00309
"2016-11-18",98.190002,99.559998,96.980003,97.099998,941600,92.224274
"2016-11-21",98.449997,101.110001,98.449997,100.459999,1311900,95.415558
"2016-11-22",102.019997,102.019997,97.800003,99.199997,1022400,94.218819
"2016-11-23",98.43,101.18,98,100.769997,923800,95.709976
"2016-11-25",101.57,101.57,97.910004,99.440002,456200,94.44677
"2016-11-28",100.260002,100.260002,96.470001,96.75,1228400,91.891838
"2016-11-29",94.910004,97.830002,92.720001,95.400002,1566500,90.609627
"2016-11-30",100,108.510002,100,107.849998,7379400,102.434464
"2016-12-01",111.18,113.230003,109,110,2788500,104.476509
"2016-12-02",111.089996,111.540001,107.879997,108.139999,1861600,102.7099
"2016-12-05",109.089996,111.419998,106.57,106.93,1412900,101.560661
"2016-12-06",106.019997,107.68,104.400002,106.290001,1164800,100.952812
"2016-12-07",105.849998,106.720001,104.169998,105.389999,971400,100.097992
"2016-12-08",106.139999,108.059998,105.389999,107.260002,778900,101.874107
"2016-12-09",108.220001,108.370003,104.43,106.040001,933400,100.715363
"2016-12-12",110.230003,113.160004,104.209999,104.989998,1830900,99.718079
"2016-12-13",105.669998,107.169998,103.629997,105.279999,1486600,99.993515
"2016-12-14",103.169998,105.239998,101.330002,101.510002,1592000,96.412834
"2016-12-15",97.25,101.330002,96.5,101.18,9153500,96.099403
"2016-12-16",100.849998,102.110001,99.5,101.949997,1994300,96.830727
"2016-12-19",102.18,105.629997,102.080002,105.25,2146700,99.965034
"2016-12-20",106.400002,106.489998,102.489998,102.660004,1311100,97.505074
"2016-12-21",103,104.209999,100.459999,101.449997,1422900,96.355835
"2016-12-22",101.940002,104,100.870003,102.730003,872400,97.571571
"2016-12-23",102.919998,103.900002,102.07,102.93,1168000,97.761505
"2016-12-27",103.870003,104.489998,103.050003,103.849998,628100,98.635323
"2016-12-28",104.470001,104.599998,102.68,102.940002,948000,97.771034
"2016-12-29",103.239998,103.57,101.620003,102.050003,839100,96.925713
"2016-12-30",101.910004,102.419998,100.620003,101.059998,783000,95.985428
"2017-01-03",102.5,104.989998,102.050003,103.25,1287500,98.06546
"2017-01-04",103.25,104.839996,102.470001,103.57,1250200,98.369392
"2017-01-05",103.93,105.559998,102.809998,103.669998,1053100,98.464371
"2017-01-06",103.639999,104.790001,102.050003,103.660004,1012000,98.454865
"2017-01-09",102.910004,103,101.290001,101.43,658600,96.336861
"2017-01-10",101.940002,103.120003,101.599998,102.709999,984300,97.552567
"2017-01-11",102.529999,104.489998,101.900002,103.910004,1204100,98.692314
"2017-01-12",104.540001,105.279999,102.690002,103.57,1218000,98.369392
"2017-01-13",103.129997,103.129997,101.120003,101.360001,1844800,96.270363
"2017-01-17",102.339996,102.919998,99.779999,100.440002,1382200,95.396553
"2017-01-18",99.510002,101.480003,99.129997,100.519997,811400,95.472542
"2017-01-19",101,103.529999,101,102.260002,1098100,97.125168
"2017-01-20",103.389999,105.209999,102.599998,103.110001,901200,97.932487
"2017-01-23",102.5,103.209999,101.25,102.190002,706400,97.058693
"2017-01-24",102.720001,104.239998,102.279999,103.739998,813000,98.530846
"2017-01-25",103.57,107.080002,103.57,105.120003,1290700,99.84156
"2017-01-26",105.919998,108.5,105.919998,106.699997,1475900,101.342224
"2017-01-27",106.660004,107.800003,106.029999,106.68,660500,101.323227
"2017-01-30",106.349998,106.610001,101.699997,102.5,1513200,97.353127
"2017-01-31",102.910004,105.5,102.580002,105.169998,2493100,99.889038
"2017-02-01",106.07,106.889999,103.25,105.760002,1550700,100.449417
"2017-02-02",105.559998,105.889999,102.669998,104.629997,1206800,99.37616
"2017-02-03",104.650002,105.589996,103.93,104.419998,1032700,99.176689
"2017-02-06",104.699997,105.620003,102.620003,105.440002,1294800,100.145493
"2017-02-07",104.379997,105.709999,100.07,100.120003,2002700,95.092628
"2017-02-08",99.169998,100.769997,96.050003,100.559998,2248600,95.510529
"2017-02-09",101,104.07,100.93,103.93,1200800,98.711304
"2017-02-10",105.330002,106.769997,104.160004,104.790001,1246200,99.528137
"2017-02-13",104.75,104.940002,102.5,104.300003,1388500,99.062737
"2017-02-14",104.410004,107.989998,102.800003,107.68,1964800,102.273003
"2017-02-15",111.839996,114,110.669998,111.839996,3582900,106.224129
"2017-02-16",111.75,112.760002,108.709999,109.010002,1506900,103.536224
"2017-02-17",108.18,108.639999,106.339996,107.629997,1432200,102.225517
"2017-02-21",109.57,110.589996,106.480003,106.839996,1567100,101.475166
"2017-02-22",106.040001,106.639999,101.650002,102.029999,2243200,96.9067
"2017-02-23",104.089996,104.239998,99.150002,100.959999,2407700,95.890442
"2017-02-24",99.639999,101.93,98.800003,100.410004,1963100,95.36805
"2017-02-27",100.57,102.080002,100.059998,101.650002,1056000,96.545792
"2017-02-28",100.519997,101.599998,99.870003,100.860001,913200,95.795471
"2017-03-01",102.580002,105.959999,101.419998,105.709999,2284400,100.401939
"2017-03-02",104.440002,106.199997,103.669998,103.82,1113300,98.606834
"2017-03-03",104.059998,105.25,103.260002,103.580002,770200,98.378883
"2017-03-06",103.32,104.790001,103.019997,103.959999,1018800,98.739815
"2017-03-07",104.730003,106.919998,104.300003,104.580002,1973800,99.328674
"2017-03-08",104.099998,104.849998,99.540001,99.760002,1979400,94.750687
"2017-03-09",98.989998,101.75,98.080002,101.480003,1507800,96.384346
"2017-03-10",102.339996,102.93,100.830002,101.459999,1975300,96.365326
"2017-03-13",101.089996,102.370003,100.699997,101.260002,1190300,96.175377
"2017-03-14",99.800003,100.769997,96.980003,98.349998,2139000,93.411484
"2017-03-15",99.489998,103.209999,99.040001,102.919998,2054800,97.752014
"2017-03-16",103.860001,104.07,102.290001,103.440002,1832100,98.245903
"2017-03-17",104.110001,105.300003,103.699997,104.690002,2046700,99.433144
"2017-03-20",103.400002,103.980003,101.730003,103.709999,1588200,98.50235
"2017-03-21",103.419998,104.349998,101.400002,102.120003,1354600,96.992203
"2017-03-22",102.029999,102.639999,100.120003,101.169998,1204500,96.089905
"2017-03-23",101.099998,101.449997,99.129997,99.599998,1856400,94.598747
"2017-03-24",99.889999,100.940002,99.279999,99.730003,1228700,94.722221
"2017-03-27",97.919998,99.660004,97.440002,98.940002,1341100,93.971878
"2017-03-28",99.160004,101.5,98.790001,101.230003,2503800,96.146896
"2017-03-29",100.980003,103.629997,100.199997,103.160004,1848300,97.97998
"2017-03-30",103.849998,104.540001,102.510002,102.669998,1472900,97.514572
"2017-03-31",102.019997,104.129997,101.5,103.720001,1217400,98.511848
"2017-04-03",103.5,104.5,102.18,104.080002,956800,98.853783
"2017-04-04",103.589996,106.919998,103.160004,106.769997,2099800,101.408707
"2017-04-05",107.690002,108.169998,102.809998,102.940002,1833900,97.771034
"2017-04-06",103.82,105.129997,103.449997,104.669998,1138500,99.414139
"2017-04-07",104.93,105.57,103.389999,104.379997,942900,99.138718
"2017-04-10",104.470001,105.720001,103.290001,104.620003,805300,99.366676
"2017-04-11",104.910004,106.080002,103.410004,105.959999,1522400,100.639374
"2017-04-12",106.110001,107.949997,105.43,106.32,1905600,100.981308
"2017-04-13",106.639999,107.709999,104.459999,105.040001,1502100,99.765564
"2017-04-17",104.870003,105.709999,104.010002,105.139999,917300,99.86055
"2017-04-18",104.18,105.870003,102.709999,103.160004,970900,97.97998
"2017-04-19",103.18,103.349998,99.849998,100.550003,1461900,95.501038
"2017-04-20",101.5,101.93,100.220001,100.269997,1274600,95.235092
"2017-04-21",100.269997,102.019997,99.599998,101.269997,1973400,96.184868
"2017-04-24",101.93,103.07,100.279999,101.760002,1691600,96.650269
"2017-04-25",102.32,104.050003,101.379997,103.970001,1248000,98.749313
"2017-04-26",103.309998,105.610001,102.970001,103.209999,917800,98.027458
"2017-04-27",102.360001,102.360001,98.93,100.449997,1913800,95.406052
"2017-04-28",101.300003,101.43,99.209999,99.839996,1019100,94.826683
"2017-05-01",99.870003,100.339996,98.769997,98.959999,1241000,93.990852
"2017-05-02",99.470001,100.349998,97.480003,98.379997,1629300,93.439987
"2017-05-03",99,102.879997,98.519997,100.279999,2751300,95.244583
"2017-05-04",99.300003,99.599998,93.639999,95.209999,3233300,90.429176
"2017-05-05",95.389999,99.730003,95.309998,99.650002,1885200,94.646217
"2017-05-08",99.389999,101.050003,98.5,100.620003,1512700,95.567513
"2017-05-09",100.309998,100.870003,99.260002,99.620003,1043600,94.617729
"2017-05-10",100.510002,103,100.360001,102.379997,1471700,97.239143
"2017-05-11",102.830002,103.5,101.110001,101.379997,1233300,96.289352
"2017-05-12",101,102.269997,100.910004,101.900002,1236800,96.783234
"2017-05-15",104.129997,105,103.120003,103.279999,990900,98.093941
"2017-05-16",103.589996,104.68,102.879997,103.959999,1227400,98.739815
"2017-05-17",102.800003,104.480003,101.739998,101.790001,1137500,96.678787
"2017-05-18",100.910004,102.849998,100.900002,101.620003,1039100,96.517311
"2017-05-19",102.25,103.889999,101.610001,103.120003,1327900,97.941994
"2017-05-22",103.589996,104.489998,101.660004,102.25,1083300,97.115669
"2017-05-23",102.43,102.550003,100.57,100.650002,1152800,95.596016
"2017-05-24",100.650002,100.970001,98.720001,99.370003,1350500,94.38028
"2017-05-25",99.260002,101.980003,98.330002,99.629997,1538200,94.627228
"2017-05-26",99.57,99.93,97.809998,98.410004,1363400,93.468491
"2017-05-30",97.720001,97.949997,94.099998,94.279999,2086500,89.545868
"2017-05-31",92.82,93.910004,91.199997,92.760002,2544700,88.10218
"2017-06-01",93.68,94.830002,92.5,93.970001,1206700,89.251427
"2017-06-02",93.660004,94.040001,91.480003,91.839996,1481700,87.228378
"2017-06-05",91.279999,91.760002,89.910004,90.650002,1224200,86.098145
"2017-06-06",90.25,93.110001,89.949997,92.760002,1422400,88.10218
"2017-06-07",92.110001,92.75,88.190002,88.599998,1430200,84.151085
"2017-06-08",87.940002,89.18,87.040001,87.82,2166900,83.410248
"2017-06-09",88.07,90.370003,87.589996,90.150002,1430900,85.623245
"2017-06-12",90.57,91.699997,89.879997,90.660004,2319100,86.107651
"2017-06-13",90.480003,92.459999,90.330002,92.440002,1294200,87.798271
"2017-06-14",91.790001,92.199997,89.110001,89.400002,1594100,84.910919
"2017-06-15",88.779999,89.32,84.650002,85.870003,2805300,81.558159
"2017-06-16",86.449997,86.879997,83.910004,84.870003,2396000,80.608383
"2017-06-19",85.349998,86.290001,84.470001,85.889999,1056100,81.577164
"2017-06-20",84.290001,87.68,83.220001,87.040001,2091200,82.669426
"2017-06-21",86.690002,88.949997,85.639999,86.75,2075300,82.39399
"2017-06-22",86.889999,88.18,85.900002,85.980003,1206500,81.662643
"2017-06-23",86.029999,88.610001,85.809998,88.400002,2375000,83.961121
"2017-06-26",88.739998,88.75,86.669998,87.300003,1218200,82.916351
"2017-06-27",87.580002,88.669998,86.559998,87.989998,1269000,83.571716
"2017-06-28",88.260002,89.519997,86.540001,86.599998,1245200,82.251511
"2017-06-29",87.209999,88.489998,86.709999,87.290001,1526000,82.906853
"2017-06-30",87.43,89.239998,86.82,88.809998,1612700,84.350525
"2017-07-03",89.550003,90.660004,88.839996,90.349998,723300,85.81321
"2017-07-05",89.550003,89.660004,87.440002,88.489998,1376000,84.0466
"2017-07-06",89.199997,89.860001,85.790001,85.959999,1536100,81.643646
"2017-07-07",85.389999,86.309998,82.769997,86.089996,1441700,81.767105
"2017-07-10",85.68,88.169998,85.239998,88.029999,1236400,83.609695
"2017-07-11",88.099998,88.839996,86.57,88.620003,862500,84.17009
"2017-07-12",89.589996,90.699997,87.800003,88.110001,982900,83.685692
"2017-07-13",88.120003,89.610001,87.68,89.419998,811700,84.929909
"2017-07-14",89.480003,90.650002,89.459999,90.480003,890500,85.936684
"2017-07-17",90.25,91.110001,89.980003,90.470001,1115400,85.927185
"2017-07-18",91.970001,91.970001,89.43,90.410004,1241100,85.870193
"2017-07-19",90.900002,93.980003,90.440002,93.93,1279300,89.213448
"2017-07-20",94.400002,95.559998,92.080002,92.379997,1373800,87.741272
"2017-07-21",92.480003,92.790001,91.290001,91.989998,1219800,87.370857
"2017-07-24",92.440002,94.059998,92.059998,93.209999,854200,88.529594
"2017-07-25",94.25,96.419998,94.139999,95.720001,1178900,90.913559
"2017-07-26",96.620003,97.830002,95.339996,96.480003,1023200,91.635399
"2017-07-27",96.419998,97.129997,95.580002,96.57,1019800,91.720894
"2017-07-28",96.330002,97.330002,95.870003,96.650002,909900,91.796875
"2017-07-31",96.510002,96.709999,94.610001,95.879997,1114900,91.065521
"2017-08-01",96.190002,96.650002,94.540001,95.349998,965600,90.562141
"2017-08-02",97.989998,97.989998,91.860001,95.839996,3738500,91.027542
"2017-08-03",96.32,96.790001,89.440002,89.690002,2890400,85.186356
"2017-08-04",90.480003,95.75,89.860001,95.209999,2052600,90.429176
"2017-08-07",94.980003,96.129997,92.769997,96.040001,1436400,91.217499
"2017-08-08",95.620003,96.669998,94.410004,94.980003,1905100,90.210716
"2017-08-09",94.809998,96.419998,94.129997,94.580002,1226500,89.830811
"2017-08-10",93.5,94.669998,91.970001,92.059998,3388700,87.437347
"2017-08-11",92.019997,93.900002,91.940002,92.870003,1182600,88.206673
"2017-08-14",92.860001,93.440002,89.760002,90.75,1612500,86.193123
"2017-08-15",90.580002,90.650002,87.639999,88.019997,2985700,83.600197
"2017-08-16",87.900002,89.629997,87.589996,88.059998,1504300,83.638199
"2017-08-17",87.5,88.769997,85.809998,86.099998,1396900,81.776627
"2017-08-18",86.459999,88.360001,85.730003,87.260002,1345700,82.87838
"2017-08-21",87,87.690002,86.43,87.080002,761000,82.707413
"2017-08-22",87.790001,88.160004,87.129997,87.43,634100,83.039841
"2017-08-23",87.230003,89.790001,86.860001,88.860001,773400,84.398033
"2017-08-24",88.739998,89.349998,87.699997,89.120003,728000,84.644966
"2017-08-25",89.379997,89.550003,88.480003,88.739998,413600,84.28405
"2017-08-28",88.639999,88.639999,86.519997,88.029999,614000,83.609695
"2017-08-29",87.870003,88.669998,86.620003,88.169998,758300,83.742668
"2017-08-30",88.089996,89.300003,87.010002,88.470001,595000,84.027611
"2017-08-31",89.089996,91.120003,88.470001,90.790001,1300400,86.231102
"2017-09-01",91.07,92.07,90.260002,91.919998,1434900,87.304375
"2017-09-05",92.68,93.919998,91.18,91.739998,808900,87.1334
"2017-09-06",92.650002,93.519997,92.040001,92.660004,1025300,88.007217
"2017-09-07",92.25,92.25,90.010002,91.620003,779200,87.019432
"2017-09-08",91.050003,91.050003,87.839996,88.900002,1123500,84.436028
"2017-09-11",88.919998,89.830002,88.339996,89.449997,993100,84.958397
"2017-09-12",89.379997,91.650002,89.379997,90.410004,1058400,85.870193
"2017-09-13",90.879997,94,90.879997,93.489998,1131400,88.795525
"2017-09-14",93.709999,95.75,93.43,93.809998,1431300,89.099464
"2017-09-15",93.809998,94.639999,93.160004,93.970001,1054200,89.251427
"2017-09-18",93.239998,95.669998,93.239998,95.150002,1282900,90.372185
"2017-09-19",95.25,95.889999,94.040001,94.279999,1150700,89.545868
"2017-09-20",94.739998,97.629997,94.349998,97.32,1396800,92.43322
"2017-09-21",96.910004,97.800003,96.139999,97.360001,1014100,92.471214
"2017-09-22",96.5,96.889999,95.260002,95.739998,1343800,90.932549
"2017-09-25",96.400002,97.449997,96.160004,96.779999,1406900,91.920334
"2017-09-26",96.419998,97.790001,96.050003,97.150002,896200,92.271751
"2017-09-27",96.779999,97.519997,96.080002,96.879997,1230700,92.015305
"2017-09-28",96.860001,98.360001,96.589996,97.139999,1559400,92.262253
"2017-09-29",96.769997,98.330002,96.459999,97.959999,1443400,93.041084
"2017-10-02",96.980003,100.349998,95.690002,100,1429900,94.978645
"2017-10-03",100.150002,102.5,99.910004,100.080002,1807300,95.054634
"2017-10-04",100.760002,101.480003,99.459999,100.75,1367700,95.691002
"2017-10-05",100.760002,101.050003,99.650002,99.75,1060000,94.741196
"2017-10-06",99.269997,99.290001,97.809998,99.089996,701400,94.114342
"2017-10-09",99.68,99.989998,98.870003,99.940002,486500,94.921654
"2017-10-10",101,101.639999,100.519997,100.760002,529600,95.700493
"2017-10-11",101.260002,101.709999,100.139999,101.519997,922000,96.422318
"2017-10-12",100.93,101.739998,99.610001,101.120003,934800,96.042412
"2017-10-13",101.989998,102.489998,100.940002,101.370003,834600,96.279869
"2017-10-16",102.400002,103.43,101.989998,102.599998,1040500,97.44809
"2017-10-17",102.540001,103.019997,101.480003,102.610001,755300,97.457588
"2017-10-18",102.269997,103.599998,101.959999,102.190002,784500,97.058693
"2017-10-19",101.790001,102.209999,100.830002,101.589996,816000,96.488815
"2017-10-20",101.599998,102.709999,101.160004,102.529999,577100,97.381599
"2017-10-23",102.57,102.75,100.18,100.349998,646100,95.311073
"2017-10-24",100.410004,101.330002,98.57,99.669998,1083500,94.665222
"2017-10-25",100,100.949997,99.040001,100.889999,707100,95.823952
"2017-10-26",101,101.970001,99.639999,100.879997,764100,95.814461
"2017-10-27",100.620003,105.029999,100.5,104.57,1115400,99.319176
"2017-10-30",105.150002,106.779999,104.75,106.199997,966500,100.867332
"2017-10-31",106.029999,107.559998,105.559998,107.160004,1041000,101.779106
"2017-11-01",108.230003,111.709999,108.139999,109.779999,1350900,104.267555
"2017-11-02",109.370003,109.940002,108.349998,108.970001,617400,103.498238
"2017-11-03",109.309998,111.720001,108.699997,111.150002,786900,105.568764
"2017-11-06",111.559998,113.75,110.559998,113.690002,1623100,107.981239
"2017-11-07",114.82,114.93,111.150002,111.800003,2018200,106.186127
"2017-11-08",111.260002,111.279999,107.900002,110.040001,2246300,104.514503
"2017-11-09",108.860001,111.169998,108.739998,111.029999,1418100,105.454796
"2017-11-10",110.489998,112.57,110.489998,111.860001,1001800,106.243126
"2017-11-13",111.349998,112.410004,110.169998,110.970001,1041400,105.397804
"2017-11-14",110.110001,110.889999,108.110001,108.269997,1149600,102.833382
"2017-11-15",107.019997,107.510002,105.790001,106.620003,1501200,101.266243
"2017-11-16",106.989998,107.940002,106.050003,106.529999,878700,101.180763
"2017-11-17",106.389999,107.739998,106.019997,107.540001,1148500,102.140038
"2017-11-20",107.580002,108.830002,106.260002,107.970001,881400,102.548439
"2017-11-21",108.830002,109.529999,108,109.150002,1076600,103.669189
"2017-11-22",110.010002,110.440002,109.029999,109.25,846700,103.764183
"2017-11-24",109.870003,110.910004,109.620003,110.300003,262100,104.761459
"2017-11-27",110.239998,110.330002,106.919998,107.260002,974500,101.874107
"2017-11-28",107.43,108.470001,106.910004,108.230003,567900,102.795403
"2017-11-29",108.489998,109.400002,107.019997,108.150002,528100,102.719414
"2017-11-30",108.75,111.309998,108.150002,109.309998,905700,103.821159
"2017-12-01",110.160004,113.120003,109.5,110.910004,995300,105.340813
"2017-12-04",111.260002,112.099998,108.849998,109.019997,643000,103.545723
"2017-12-05",108.379997,110.25,108.089996,109.059998,670500,103.583725
"2017-12-06",108.470001,108.93,105.970001,106.330002,1027600,100.990799
"2017-12-07",106.5,109.040001,106.110001,108.949997,727500,103.47924
"2017-12-08",110,110.940002,109.68,110.769997,715900,105.20784
"2017-12-11",110.889999,112.57,110.5,111.300003,905700,105.711235
"2017-12-12",111.550003,112.25,110.599998,111.529999,604800,105.92968
"2017-12-13",111.949997,112.540001,111.010002,111.589996,782100,105.986671
"2017-12-14",111.190002,112.599998,110.660004,111.029999,827200,105.454796
"2017-12-15",111.32,111.889999,109.339996,109.519997,1045300,104.020622
"2017-12-18",110.010002,111,108.919998,109.650002,858300,104.144096
"2017-12-19",109.790001,112,109.470001,111.809998,983100,106.195625
"2017-12-20",112.760002,117.779999,111.959999,117.239998,2130700,111.352974
"2017-12-21",118.010002,123.550003,117.25,123.099998,2644100,116.918732
"2017-12-22",123.480003,125.5,123.129997,124.370003,1517500,118.124947
"2017-12-26",125.029999,127.449997,124.419998,125.970001,1490500,119.6446
"2017-12-27",126.150002,126.339996,123.139999,123.190002,1348300,117.004189
"2017-12-28",124.379997,126.019997,123.349998,125.519997,1090300,119.217194
"2017-12-29",126.32,127.32,124.230003,126.25,842500,119.910545
