"dates","HLT.Open","HLT.High","HLT.Low","HLT.Close","HLT.Volume","HLT.Adjusted"
"2013-12-12",43.7076,44.979839,43.605,44.118,12935478,42.244148
"2013-12-13",45.123482,45.923759,44.2206,45.349201,1224854,43.423046
"2013-12-16",47.360161,52.839001,44.159039,44.159039,4717690,42.283443
"2013-12-17",44.343719,45.123482,44.282162,44.75412,2313840,42.853245
"2013-12-18",44.795158,45.513359,44.44632,44.795158,2857846,42.892548
"2013-12-19",44.631001,45.985321,44.2206,45.718559,1469103,43.776722
"2013-12-20",46.169998,46.272598,44.85672,45.000359,994834,43.08902
"2013-12-23",45.16452,45.533878,44.241119,44.241119,1220712,42.36203
"2013-12-24",44.3232,44.466839,43.399799,44.138519,1234064,42.263798
"2013-12-26",44.241119,45.06192,44.2206,44.5284,1309211,42.637112
"2013-12-27",44.3232,44.815681,44.2206,44.3232,1090302,42.440624
"2013-12-30",44.569439,45.082439,44.3232,44.918282,871832,43.010437
"2013-12-31",45.144001,46.10844,45.041401,45.657001,1134308,43.717789
"2014-01-02",45.657001,45.862202,44.672039,44.85672,1763791,42.951496
"2014-01-03",44.733601,45.328678,44.631001,45.16452,461257,43.24622
"2014-01-06",45.123482,45.39024,44.65152,45.144001,1172320,43.22657
"2014-01-07",45.144001,45.349201,44.938801,45.144001,1992593,43.22657
"2014-01-08",45.205559,45.205559,44.733601,45.205559,1154240,43.285519
"2014-01-09",45.144001,45.18504,44.54892,44.877239,459600,42.97113
"2014-01-10",44.65152,44.85672,44.261639,44.507881,812329,42.61747
"2014-01-13",44.241119,44.795158,44.241119,44.569439,728216,42.676414
"2014-01-14",44.54892,45.36972,44.405281,45.349201,1251608,43.423046
"2014-01-15",45.246601,45.49284,44.795158,44.95932,915253,43.049732
"2014-01-16",44.938801,45.205559,44.507881,45.06192,1130019,43.147976
"2014-01-17",45.06192,46.293121,44.733601,45.657001,2702290,43.717789
"2014-01-21",46.190521,46.354679,44.815681,44.979839,1280214,43.069374
"2014-01-22",45.123482,46.149479,44.938801,46.087921,1428655,44.130398
"2014-01-23",46.02636,46.498322,45.349201,46.498322,936062,44.523365
"2014-01-24",45.862202,46.12896,45.328678,46.067402,891033,44.110748
"2014-01-27",46.067402,46.067402,44.918282,45.123482,1099610,43.206928
"2014-01-28",44.815681,45.144001,44.631001,44.938801,686209,43.030087
"2014-01-29",44.75412,44.897758,44.241119,44.44632,437865,42.558525
"2014-01-30",44.65152,44.774639,44.3232,44.44632,520273,42.558525
"2014-01-31",44.138519,44.507881,43.78968,44.4258,428606,42.538883
"2014-02-03",44.4258,44.5284,42.76368,42.989399,1115010,41.163486
"2014-02-04",43.091999,43.256161,42.76368,43.153561,835770,41.320667
"2014-02-05",42.784199,43.009918,42.168598,42.681599,694786,40.868755
"2014-02-06",42.76368,43.502399,42.722641,43.502399,294103,41.654686
"2014-02-07",43.625519,44.877239,43.543442,44.4258,513012,42.538883
"2014-02-10",44.466839,44.507881,43.7076,43.933319,562427,42.067307
"2014-02-11",44.589958,44.672039,44.035919,44.507881,642446,42.61747
"2014-02-12",44.610481,45.041401,44.364239,44.918282,436647,43.010437
"2014-02-13",44.692558,45.18504,44.4258,45.041401,551608,43.12833
"2014-02-14",45.144001,45.246601,44.85672,45.144001,647856,43.22657
"2014-02-18",45.144001,45.144001,44.589958,44.65152,616179,42.755013
"2014-02-19",44.65152,45.041401,44.118,44.179562,441033,42.303093
"2014-02-20",44.118,44.466839,43.728119,44.097481,602096,42.224506
"2014-02-21",44.118,45.533878,44.056438,45.451801,1166082,43.521297
"2014-02-24",45.574921,46.169998,45.226082,45.677521,743177,43.737427
"2014-02-25",45.657001,46.33416,45.574921,45.90324,823197,43.953564
"2014-02-26",45.985321,46.53936,45.759602,46.252079,1072027,44.287586
"2014-02-27",45.985321,46.908718,44.733601,46.149479,2187817,44.189339
"2014-02-28",46.169998,46.33416,45.308159,45.882721,970565,43.933914
"2014-03-03",45.59544,46.169998,45.36972,46.149479,676754,44.189339
"2014-03-04",47.011318,47.401199,46.087921,46.293121,2307018,44.326885
"2014-03-05",46.10844,46.97028,46.067402,46.724041,668713,44.739506
"2014-03-06",46.724041,46.908718,45.964802,46.12896,682407,44.169697
"2014-03-07",46.067402,46.84716,45.964802,46.600922,642349,44.621609
"2014-03-10",46.703522,46.888199,45.615959,45.923759,922027,43.973206
"2014-03-11",45.944279,46.087921,45.144001,45.36972,835429,43.442699
"2014-03-12",45.226082,45.964802,44.672039,45.862202,788645,43.914261
"2014-03-13",45.615959,46.02636,45.06192,45.246601,992690,43.324806
"2014-03-14",45.06192,45.677521,44.877239,45.205559,609064,43.285519
"2014-03-17",45.36972,45.944279,45.328678,45.39024,369250,43.462341
"2014-03-18",45.349201,46.354679,45.26712,46.313641,677778,44.346531
"2014-03-19",46.21104,46.23156,45.472321,45.677521,733382,43.737427
"2014-03-20",45.657001,46.00584,45.36972,45.49284,652729,43.560589
"2014-03-21",45.69804,47.17548,45.451801,47.17548,3026754,45.17178
"2014-03-24",47.07288,47.38068,46.087921,46.703522,966033,44.71986
"2014-03-25",46.74456,46.990799,46.12896,46.12896,781774,44.169697
"2014-03-26",46.169998,46.313641,45.739079,45.841679,781969,43.894615
"2014-03-27",45.780121,46.21104,45.49284,45.615959,670517,43.678474
"2014-03-28",45.49284,45.923759,45.041401,45.657001,2073051,43.717789
"2014-03-31",45.841679,46.02636,45.144001,45.636478,4896930,43.698124
"2014-04-01",45.59544,46.580399,45.574921,46.272598,1052534,44.307228
"2014-04-02",46.169998,46.559879,46.067402,46.10844,1061550,44.150036
"2014-04-03",46.169998,46.33416,45.18504,45.18504,959357,43.265865
"2014-04-04",45.205559,45.246601,44.241119,44.302681,2767300,42.420975
"2014-04-07",44.3232,44.384762,43.625519,43.851238,694298,41.98872
"2014-04-08",43.8102,43.9128,43.37928,43.830719,686160,41.969074
"2014-04-09",43.974361,44.4258,43.871761,44.138519,864815,42.263798
"2014-04-10",44.056438,44.261639,43.17408,43.461361,527973,41.615395
"2014-04-11",43.297199,43.871761,43.009918,43.605,760136,41.752934
"2014-04-14",43.68708,44.343719,43.317719,43.8102,515400,41.949421
"2014-04-15",44.138519,44.138519,43.091999,43.871761,484990,42.008366
"2014-04-16",43.646042,44.364239,43.563961,44.3232,523977,42.440624
"2014-04-17",44.200081,44.85672,43.7076,44.672039,805166,42.774651
"2014-04-21",44.569439,44.569439,43.851238,44.035919,498148,42.165546
"2014-04-22",44.0154,44.569439,43.974361,44.138519,511745,42.263798
"2014-04-23",44.076962,44.4258,43.830719,44.097481,469883,42.224506
"2014-04-24",44.241119,44.466839,44.035919,44.118,302339,42.244148
"2014-04-25",44.118,44.159039,43.58448,43.769161,204922,41.910122
"2014-04-28",43.78968,43.974361,43.194599,43.851238,625682,41.98872
"2014-04-29",44.364239,44.487358,43.030441,43.27668,1292836,41.438557
"2014-04-30",43.522919,44.836201,43.399799,44.795158,920906,42.892548
"2014-05-01",44.713081,45.410759,44.0154,45.308159,700536,43.383755
"2014-05-02",45.308159,46.518841,45.226082,45.246601,991033,43.324806
"2014-05-05",45.020882,45.533878,44.774639,45.472321,410867,43.540947
"2014-05-06",45.349201,45.718559,44.938801,45.472321,683187,43.540947
"2014-05-07",46.785599,47.154961,45.36972,46.498322,1038060,44.523365
"2014-05-08",46.703522,46.908718,46.293121,46.457279,1212865,44.484066
"2014-05-09",48.693958,48.837601,46.74456,47.339642,3461111,45.328953
"2014-05-12",48.1194,48.3246,46.518841,47.154961,1586745,45.152115
"2014-05-13",47.401199,47.647442,46.97028,47.195999,1098538,45.191418
"2014-05-14",47.195999,47.319118,45.739079,46.272598,1191764,44.307228
"2014-05-15",46.375198,46.375198,44.44632,44.938801,1821394,43.030087
"2014-05-16",45.144001,45.26712,43.994881,44.877239,1228850,42.97113
"2014-05-19",44.938801,45.16452,44.569439,44.95932,970419,43.049732
"2014-05-20",45.000359,45.123482,43.851238,43.933319,1359211,42.067307
"2014-05-21",44.118,45.144001,44.0154,44.836201,1872807,42.931847
"2014-05-22",44.815681,45.246601,44.815681,45.123482,1002388,43.206928
"2014-05-23",45.69804,45.841679,45.16452,45.246601,527778,43.324806
"2014-05-27",45.513359,45.821159,45.041401,45.636478,1164815,43.698124
"2014-05-28",45.80064,46.23156,45.144001,45.16452,1054191,43.24622
"2014-05-29",45.26712,45.554401,44.897758,45.513359,732943,43.580242
"2014-05-30",45.410759,46.477798,45.410759,46.416241,1272563,44.444767
"2014-06-02",46.416241,46.86768,45.964802,46.74456,1202437,44.759148
"2014-06-03",46.53936,47.011318,46.046879,46.600922,1484600,44.621609
"2014-06-04",46.43676,47.093399,46.354679,46.724041,665692,44.739506
"2014-06-05",46.724041,47.298599,46.375198,47.237041,878947,45.230709
"2014-06-06",47.237041,47.934719,46.621441,47.770561,1235331,45.74157
"2014-06-09",47.770561,48.1194,47.07288,47.79108,1235283,45.761211
"2014-06-10",47.524319,48.570839,47.524319,48.078362,1351852,46.036301
"2014-06-11",47.17548,47.339642,46.477798,46.806122,3671150,44.818096
"2014-06-12",46.354679,46.84716,46.00584,46.12896,1815838,44.169697
"2014-06-13",46.067402,46.272598,45.49284,45.739079,2073733,43.796371
"2014-06-16",45.759602,46.682999,45.16452,45.574921,2613743,43.639179
"2014-06-17",45.554401,46.252079,45.554401,45.841679,1243762,43.894615
"2014-06-18",45.759602,46.087921,45.615959,45.862202,1400341,43.914261
"2014-06-19",45.923759,46.33416,45.759602,45.821159,1299220,43.874958
"2014-06-20",46.087921,46.087921,45.677521,45.677521,1644786,43.737427
"2014-06-23",45.90324,46.169998,45.574921,45.841679,1575341,43.894615
"2014-06-24",45.841679,46.990799,45.780121,46.169998,5474172,44.208992
"2014-06-25",46.990799,47.770561,46.74456,47.113918,27335234,45.112808
"2014-06-26",47.052361,47.237041,46.765079,46.908718,7572904,44.916332
"2014-06-27",46.990799,47.401199,46.580399,46.806122,6862768,44.818096
"2014-06-30",46.785599,47.873161,46.64196,47.8116,3204776,45.780869
"2014-07-01",47.79108,48.673439,47.68848,48.488762,5010185,46.429256
"2014-07-02",48.222,49.06332,48.057838,48.96072,3300682,46.881172
"2014-07-03",48.96072,50.889599,48.96072,50.889599,5482115,48.728134
"2014-07-07",50.479198,50.704922,50.068802,50.273998,3754386,48.138687
"2014-07-08",50.068802,50.089321,49.227482,49.637878,2931238,47.529575
"2014-07-09",49.863602,50.828041,49.576321,50.725441,2832797,48.57095
"2014-07-10",49.843079,50.725441,49.80204,50.315041,1868665,48.177971
"2014-07-11",49.26852,50.315041,49.26852,49.90464,1384454,47.785007
"2014-07-14",50.397121,50.97168,50.068802,50.191921,2394786,48.060085
"2014-07-15",50.171398,50.725441,50.089321,50.417641,1918129,48.276226
"2014-07-16",50.499722,50.684399,49.945679,50.43816,1315741,48.295856
"2014-07-17",50.13036,50.684399,49.248001,49.39164,3192105,47.293797
"2014-07-18",49.740479,50.417641,49.535278,50.376598,1820517,48.236927
"2014-07-21",50.171398,51.156361,50.171398,50.95116,2381969,48.787083
"2014-07-22",51.07428,51.833519,50.786999,51.566761,2022904,49.376526
"2014-07-23",51.423119,52.510681,51.38208,52.346519,3073294,50.123169
"2014-07-24",52.326,52.982639,51.79248,51.895081,3345858,49.690907
"2014-07-25",51.68988,52.408081,51.443642,51.874561,920224,49.671253
"2014-07-28",51.874561,52.305481,51.48468,51.79248,1143421,49.592659
"2014-07-29",52.0182,52.079762,51.156361,51.258961,1686598,49.081806
"2014-07-30",51.6078,51.956638,50.150879,50.64336,3035088,48.492348
"2014-07-31",50.10984,50.458679,49.26852,49.678921,2718372,47.568867
"2014-08-01",50.273998,50.376598,47.503799,49.843079,4673246,47.726063
"2014-08-04",49.884121,50.02776,49.124882,49.617359,1665302,47.509933
"2014-08-05",49.49424,49.658401,48.222,48.673439,2776949,46.60611
"2014-08-06",48.242519,48.406681,47.6064,48.1194,2932359,46.075596
"2014-08-07",48.488762,49.18644,48.406681,48.591358,2239279,46.527508
"2014-08-08",48.673439,49.001759,48.057838,48.65292,1580750,46.586452
"2014-08-11",49.145401,49.781521,48.940201,49.37112,809454,47.274155
"2014-08-12",49.18644,49.617359,48.940201,49.473721,689571,47.372383
"2014-08-13",49.678921,50.43816,49.39164,50.253479,1191082,48.119034
"2014-08-14",50.397121,50.766479,50.253479,50.74596,924220,48.590595
"2014-08-15",51.033241,51.197399,50.048279,50.622841,1224756,48.472698
"2014-08-18",51.094799,51.320518,50.622841,51.27948,1073051,49.101448
"2014-08-19",51.320518,51.813,51.115318,51.525719,1098830,49.337234
"2014-08-20",51.320518,52.264439,51.17688,52.202881,1634308,49.98563
"2014-08-21",52.1208,52.613281,52.059238,52.408081,1219932,50.182121
"2014-08-22",52.326,52.839001,52.284962,52.613281,946930,50.378597
"2014-08-25",52.633801,52.777439,52.182362,52.777439,1304142,50.535789
"2014-08-26",52.736401,52.921082,52.387562,52.633801,961842,50.398247
"2014-08-27",52.674839,53.18784,52.613281,52.85952,1292934,50.614384
"2014-08-28",52.55172,52.85952,52.202881,52.65432,1369055,50.417896
"2014-08-29",52.65432,52.75692,51.7104,51.956638,5281433,49.749851
"2014-09-02",52.367039,52.982639,51.6078,52.243919,1346394,50.024929
"2014-09-03",52.44912,52.613281,51.751438,51.874561,2212476,49.671253
"2014-09-04",52.079762,52.695358,51.464161,51.997681,1593421,49.78915
"2014-09-05",52.038719,53.146801,51.6078,52.85952,1606092,50.614384
"2014-09-08",52.674839,52.921082,52.469639,52.695358,582310,50.457191
"2014-09-09",52.5312,52.900558,52.1208,52.346519,1520663,50.123169
"2014-09-10",52.4286,52.469639,51.751438,51.874561,1757554,49.671253
"2014-09-11",50.889599,51.7104,50.602322,50.97168,3296248,48.806725
"2014-09-12",50.84856,50.992199,49.761002,50.068802,2576462,47.942192
"2014-09-15",50.068802,50.23296,49.432678,49.514759,1700975,47.411694
"2014-09-16",49.39164,50.725441,49.26852,50.581799,1901901,48.433403
"2014-09-17",50.663879,51.546242,50.561279,51.320518,2660185,49.140743
"2014-09-18",51.38208,51.669361,50.663879,50.74596,1769006,48.590595
"2014-09-19",50.910118,50.992199,50.43816,50.786999,2259405,48.62989
"2014-09-22",50.766479,50.95116,50.356079,50.910118,2198489,48.747784
"2014-09-23",50.74596,50.95116,50.581799,50.663879,2152875,48.512005
"2014-09-24",50.766479,50.992199,50.43816,50.684399,1537135,48.531651
"2014-09-25",50.622841,50.64336,50.048279,50.273998,2197612,48.138687
"2014-09-26",50.294521,50.95116,49.986721,50.930641,1887086,48.767422
"2014-09-29",50.54076,50.807522,50.21244,50.376598,1417982,48.236927
"2014-09-30",50.315041,50.766479,49.90464,50.54076,2636598,48.394112
"2014-10-01",50.356079,50.479198,48.693958,49.248001,3817593,47.156254
"2014-10-02",49.248001,49.514759,48.570839,49.206959,2136306,47.116951
"2014-10-03",49.637878,50.02776,49.432678,49.90464,661209,47.785007
"2014-10-06",50.499722,50.910118,49.473721,49.678921,2113402,47.568867
"2014-10-07",49.248001,49.658401,48.940201,49.206959,1424708,47.116951
"2014-10-08",49.309559,49.39164,48.345119,49.083839,1802632,46.999077
"2014-10-09",49.37112,49.49424,47.893681,47.955238,2234552,45.918396
"2014-10-10",47.832119,47.893681,46.64196,46.724041,2639035,44.739506
"2014-10-13",46.84716,46.97028,45.16452,45.226082,4251754,43.305168
"2014-10-14",45.657001,46.00584,44.364239,45.205559,3008285,43.285519
"2014-10-15",43.933319,45.451801,42.517441,44.343719,5587817,42.460274
"2014-10-16",43.605,45.862202,43.37928,44.85672,5365595,42.951496
"2014-10-17",45.985321,47.667961,45.985321,46.806122,3238207,44.818096
"2014-10-20",46.86768,48.55032,46.765079,48.468239,2321735,46.409611
"2014-10-21",49.248001,50.33556,49.206959,50.294521,2224756,48.158325
"2014-10-22",50.499722,50.622841,49.083839,49.26852,1728947,47.175903
"2014-10-23",49.986721,50.191921,48.981239,49.330078,1345175,47.234859
"2014-10-24",49.18644,49.822559,48.735001,49.740479,761257,47.627823
"2014-10-27",49.740479,49.863602,48.776039,49.617359,925634,47.509933
"2014-10-28",49.69944,50.499722,49.248001,49.986721,2384795,47.863613
"2014-10-29",50.23296,50.828041,49.863602,50.397121,1636014,48.256573
"2014-10-30",50.02776,51.730919,49.863602,51.320518,2099854,49.140743
"2014-10-31",51.977161,52.633801,50.889599,51.79248,3463402,49.592659
"2014-11-03",50.992199,52.469639,50.86908,51.813,2772807,49.612305
"2014-11-04",50.622841,50.910118,50.068802,50.479198,24618616,48.335163
"2014-11-05",50.807522,51.505199,50.581799,51.38208,7300049,49.199696
"2014-11-06",51.38208,51.7104,51.156361,51.402599,3861257,49.219341
"2014-11-07",51.648842,51.7104,50.910118,51.238441,2379435,49.06216
"2014-11-10",51.320518,51.669361,51.135841,51.58728,2507261,49.396183
"2014-11-11",51.566761,51.9156,51.402599,51.730919,2884649,49.533722
"2014-11-12",51.7104,52.059238,51.07428,51.956638,2179922,49.749851
"2014-11-13",52.1208,52.367039,51.17688,52.059238,2876316,49.848091
"2014-11-14",52.1208,52.982639,51.771961,52.96212,4424318,50.712627
"2014-11-17",52.572239,52.85952,52.038719,52.161839,1568324,49.946335
"2014-11-18",52.161839,52.839001,51.977161,52.55172,1838158,50.319649
"2014-11-19",52.367039,52.715881,52.0182,52.367039,1343519,50.142815
"2014-11-20",52.264439,52.44912,51.525719,52.2234,2426901,50.005276
"2014-11-21",52.839001,52.85952,52.326,52.367039,2745127,50.142815
"2014-11-24",52.674839,53.208359,52.592758,52.941601,2041033,50.692982
"2014-11-25",52.921082,53.680321,52.85952,53.659801,2261940,51.380665
"2014-11-26",53.59824,53.721359,53.16732,53.39304,1306628,51.125233
"2014-11-28",53.659801,54.070202,53.639278,53.80344,751072,51.518211
"2014-12-01",53.618759,53.741879,52.182362,52.182362,2709016,49.965984
"2014-12-02",52.469639,52.715881,52.305481,52.346519,2625536,50.123169
"2014-12-03",52.346519,53.310959,52.305481,53.228882,2231871,50.96806
"2014-12-04",53.146801,53.80344,52.839001,53.352001,4503509,51.085949
"2014-12-05",53.536678,54.295921,53.536678,54.21384,2260770,51.911179
"2014-12-08",54.13176,54.357479,53.762402,54.049679,1060283,51.753986
"2014-12-09",53.29044,53.90604,52.510681,53.823959,1532700,51.537853
"2014-12-10",53.639278,54.193321,53.249401,53.331478,1456140,51.066296
"2014-12-11",53.639278,54.43956,53.618759,53.885521,1591228,51.596806
"2014-12-12",53.70084,53.885521,53.044201,53.085239,1711696,50.830513
"2014-12-15",53.434078,53.618759,51.833519,51.956638,4511891,49.749851
"2014-12-16",51.48468,51.813,50.766479,50.766479,4312719,48.610241
"2014-12-17",51.094799,52.1208,50.397121,51.9156,2926949,49.710552
"2014-12-18",52.592758,53.105759,52.141319,53.085239,2347076,50.830513
"2014-12-19",53.228882,53.762402,52.818481,53.721359,3023197,51.439617
"2014-12-22",53.721359,54.070202,53.26992,53.352001,1819883,51.085949
"2014-12-23",53.762402,53.885521,53.413559,53.557201,1849464,51.282425
"2014-12-24",53.454601,54.070202,53.37252,53.782921,561891,51.498566
"2014-12-26",54.00864,54.295921,53.90604,53.926559,314571,51.636101
"2014-12-29",53.80344,53.823959,53.228882,53.577721,1188207,51.302074
"2014-12-30",53.454601,53.823959,53.310959,53.536678,824415,51.262779
"2014-12-31",53.577721,54.254879,53.49564,53.536678,1115546,51.262779
"2015-01-02",53.762402,53.90604,52.284962,53.228882,1791667,50.96806
"2015-01-05",52.839001,53.044201,51.299999,51.505199,2112135,49.317585
"2015-01-06",51.402599,51.423119,49.986721,51.033241,3422661,48.865673
"2015-01-07",51.648842,52.059238,51.135841,51.854038,2239425,49.651615
"2015-01-08",52.305481,53.39304,52.141319,53.29044,2098489,51.026997
"2015-01-09",53.29044,53.413559,52.633801,52.75692,2061257,50.516151
"2015-01-12",52.715881,52.715881,52.0182,52.2234,1670565,50.005276
"2015-01-13",53.26992,53.865002,51.997681,52.633801,2895955,50.398247
"2015-01-14",52.038719,53.208359,51.628319,53.208359,1962719,50.948395
"2015-01-15",53.29044,53.352001,52.44912,52.5312,1157456,50.300007
"2015-01-16",52.284962,53.105759,52.059238,53.06472,1285965,50.810871
"2015-01-20",53.105759,53.228882,52.264439,52.900558,1490838,50.653675
"2015-01-21",52.736401,53.352001,52.326,53.105759,1183821,50.850163
"2015-01-22",53.352001,55.07568,53.085239,54.87048,2673977,52.539944
"2015-01-23",54.890999,55.198799,54.419041,54.501122,1493275,52.186264
"2015-01-26",54.521641,55.28088,54.357479,55.219318,1615887,52.873947
"2015-01-27",54.64476,54.97308,53.885521,54.316441,1399123,52.009426
"2015-01-28",54.84996,55.219318,54.172798,54.275398,3175780,51.970131
"2015-01-29",54.172798,54.460079,53.618759,54.13176,2703168,51.832584
"2015-01-30",53.762402,54.172798,53.208359,53.29044,1681871,51.026997
"2015-02-02",53.352001,53.659801,52.4286,53.59824,3069591,51.321739
"2015-02-03",53.762402,54.54216,53.516159,54.521641,1687183,52.205902
"2015-02-04",54.788399,54.911518,53.721359,54.02916,2346199,51.734337
"2015-02-05",53.988121,55.137241,53.988121,55.137241,1186647,52.795361
"2015-02-06",55.342442,55.917,54.049679,54.090721,4544103,51.793285
"2015-02-09",54.11124,54.788399,53.762402,54.357479,2400487,52.048714
"2015-02-10",55.116718,56.368439,54.932041,56.347919,3182992,53.954624
"2015-02-11",56.368439,58.87188,56.265839,57.784321,6616667,55.330009
"2015-02-12",58.21524,58.74876,57.681721,58.358879,4064717,55.880165
"2015-02-13",58.789799,59.38488,58.379398,58.625641,3179240,56.13559
"2015-02-17",58.625641,59.302799,58.153679,58.789799,2797758,56.292782
"2015-02-18",58.174198,58.830841,57.230282,58.564079,4485234,56.076645
"2015-02-19",58.564079,58.87188,58.174198,58.174198,2530945,55.703327
"2015-02-20",57.866402,58.502522,57.681721,58.174198,1913402,55.703327
"2015-02-23",57.866402,58.01004,57.16872,57.29184,2179142,54.85844
"2015-02-24",57.209759,57.456001,56.799358,57.025082,2516764,54.60302
"2015-02-25",57.086639,57.39444,56.901958,57.29184,2689766,54.85844
"2015-02-26",57.37392,57.538078,56.676239,57.476521,2964961,55.035282
"2015-02-27",57.456001,58.051079,57.456001,58.01004,2306238,55.546139
"2015-03-02",58.153679,59.323318,57.989521,59.241241,2030750,56.725048
"2015-03-03",59.17968,60.062038,58.44096,60.062038,4133041,57.51099
"2015-03-04",59.836319,59.856838,58.481998,59.425919,4532164,56.901882
"2015-03-05",59.446442,60.185162,59.38488,59.569561,1934893,57.039425
"2015-03-06",59.097599,59.302799,57.90744,57.948479,2665010,55.487198
"2015-03-09",58.276798,58.276798,57.681721,58.03056,1806579,55.565788
"2015-03-10",57.18924,57.70224,56.799358,57.27132,2936550,54.838802
"2015-03-11",57.18924,57.70224,57.086639,57.538078,2876901,55.094227
"2015-03-12",57.90744,59.118118,57.90744,58.092121,2314620,55.624729
"2015-03-13",58.01004,58.297321,57.39444,57.763802,3998684,55.31036
"2015-03-16",58.03056,59.7132,58.03056,59.466961,2623538,56.941174
"2015-03-17",59.302799,59.507999,58.892399,59.28228,1725536,56.764343
"2015-03-18",59.200199,60.185162,58.789799,60.1236,1586891,57.569927
"2015-03-19",59.897881,60.55452,59.836319,60.45192,1693713,57.884304
"2015-03-20",60.821281,60.96492,60.021,60.144119,3327534,57.589577
"2015-03-23",60.185162,60.944401,59.856838,60.472439,2032505,57.90395
"2015-03-24",60.349319,60.780239,59.836319,60.492962,3181530,57.923603
"2015-03-25",60.4314,60.45192,58.892399,58.994999,3669981,56.489262
"2015-03-26",58.584599,60.287762,58.379398,59.877361,4954630,57.334156
"2015-03-27",59.754238,61.334278,59.59008,61.047001,4743811,58.454109
"2015-03-30",61.37532,61.683121,60.55452,60.800758,2529678,58.218323
"2015-03-31",60.718681,61.252201,60.410881,60.780239,5110136,58.198669
"2015-04-01",60.903358,60.944401,59.69268,60.082561,2307554,57.530628
"2015-04-02",60.185162,60.96492,60.1236,60.246719,3461306,57.687813
"2015-04-06",60.021,61.005959,59.959438,60.780239,3101218,58.198669
"2015-04-07",60.96492,60.96492,59.856838,59.897881,1719055,57.353798
"2015-04-08",61.724159,62.64756,61.190639,62.606522,5736940,59.947399
"2015-04-09",62.421841,64.0224,61.888321,63.8172,4197953,61.106647
"2015-04-10",63.837719,64.309677,62.97588,63.509399,2825000,60.811924
"2015-04-13",62.64756,63.201599,62.360279,62.54496,1597417,59.888443
"2015-04-14",62.503922,62.54496,61.662601,62.11404,1335478,59.47583
"2015-04-15",62.524441,62.97588,61.990921,61.990921,1367739,59.357937
"2015-04-16",61.970402,62.44236,61.06752,61.27272,1969883,58.67025
"2015-04-17",60.75972,61.252201,60.369839,60.739201,1767739,58.159378
"2015-04-20",60.944401,61.90884,60.86232,61.27272,1898830,58.67025
"2015-04-21",61.60104,62.052479,61.29324,61.785721,1441131,59.161457
"2015-04-22",61.683121,62.155079,61.108559,61.60104,1569396,58.984615
"2015-04-23",61.60104,62.503922,61.416359,62.196121,1418713,59.55442
"2015-04-24",62.606522,62.791199,62.052479,62.13456,961014,59.495487
"2015-04-27",62.421841,62.97588,60.780239,60.821281,2141472,58.237972
"2015-04-28",60.923882,61.29324,59.9184,60.410881,2873051,57.845013
"2015-04-29",62.462879,64.843201,60.780239,61.06752,6059211,58.473763
"2015-04-30",60.923882,61.005959,58.74876,59.425919,3870127,56.901882
"2015-05-01",59.877361,61.37532,59.549042,61.211159,2465205,58.611298
"2015-05-04",61.231682,61.560001,60.164639,60.308281,1499513,57.746769
"2015-05-05",60.144119,60.267239,59.261761,59.59008,1408674,57.059067
"2015-05-06",59.7132,59.979961,59.07708,59.631119,1674074,57.09837
"2015-05-07",59.7132,60.65712,59.651642,60.492962,1530848,57.923603
"2015-05-08",61.416359,62.483398,61.088039,61.765202,2040058,59.141804
"2015-05-11",60.96492,61.252201,60.698158,60.923882,12699220,58.33622
"2015-05-12",60.65712,60.903358,60.246719,60.390362,3094591,57.825359
"2015-05-13",60.492962,60.698158,59.631119,59.733719,2891228,57.196602
"2015-05-14",60.369839,61.06752,59.938919,60.534,6242154,57.962891
"2015-05-15",60.821281,61.231682,60.410881,60.534,5011647,57.962891
"2015-05-18",60.472439,60.821281,60.390362,60.55452,3451462,57.982548
"2015-05-19",60.718681,61.088039,60.55452,60.718681,2385770,58.139732
"2015-05-20",60.698158,60.923882,60.062038,60.780239,2086842,58.198669
"2015-05-21",60.800758,60.800758,60.021,60.082561,9917398,57.530628
"2015-05-22",60.062038,60.349319,59.672161,60.2262,3617057,57.668167
"2015-05-26",60.86232,60.96492,59.69268,59.856838,3009454,57.314499
"2015-05-27",60.144119,60.595558,59.733719,60.390362,3195175,57.825359
"2015-05-28",60.185162,60.492962,59.631119,60.349319,3095370,57.78606
"2015-05-29",60.164639,60.3288,59.405399,59.425919,4467203,56.901882
"2015-06-01",59.7132,60.144119,59.507999,59.856838,3460136,57.314499
"2015-06-02",59.69268,60.021,59.528519,59.897881,2869981,57.353798
"2015-06-03",60.2262,60.6366,60.021,60.103081,3361404,57.550285
"2015-06-04",59.631119,60.55452,59.549042,60.062038,2536404,57.51099
"2015-06-05",60.062038,60.369839,59.897881,60.308281,3076559,57.746769
"2015-06-08",60.308281,60.349319,58.87188,59.015518,7089425,56.508907
"2015-06-09",59.097599,60.000481,59.07708,59.877361,4935770,57.334156
"2015-06-10",59.8158,60.164639,58.728241,58.830841,5560721,56.332081
"2015-06-11",59.138641,59.38488,58.769279,59.097599,3791326,56.587505
"2015-06-12",58.789799,59.056561,58.256279,58.687199,3875049,56.194546
"2015-06-15",58.892399,59.28228,58.256279,58.317841,7119347,55.840866
"2015-06-16",58.21524,58.420441,57.435478,57.517559,7338060,55.074574
"2015-06-17",57.456001,57.661201,56.614681,57.312359,12383918,54.878094
"2015-06-18",57.476521,58.830841,57.476521,58.194721,18487135,55.72298
"2015-06-19",58.03056,58.54356,57.579121,57.640678,6731140,55.192467
"2015-06-22",58.03056,58.605122,57.579121,57.59964,5411160,55.153168
"2015-06-23",57.558601,57.886921,57.148201,57.661201,4901949,55.212116
"2015-06-24",57.640678,58.153679,57.312359,57.414959,2976267,54.976334
"2015-06-25",57.59964,57.948479,57.209759,57.435478,4327096,54.995979
"2015-06-26",57.517559,58.092121,57.06612,57.620159,12658772,55.172813
"2015-06-29",56.943001,57.435478,56.0196,56.081161,4051998,53.699188
"2015-06-30",56.5326,56.778839,56.1222,56.5326,2729435,54.131462
"2015-07-01",57.086639,57.517559,56.75832,57.004559,2653021,54.58337
"2015-07-02",57.476521,57.640678,56.65572,57.004559,1649464,54.58337
"2015-07-06",56.696758,57.49704,56.204281,57.045601,2684308,54.622665
"2015-07-07",57.045601,57.27132,56.204281,57.148201,3029971,54.720901
"2015-07-08",56.717281,56.75832,55.58868,55.834919,3127729,53.463402
"2015-07-09",56.45052,56.96352,55.917,55.978561,2805068,53.600948
"2015-07-10",56.737801,57.49704,56.512081,57.230282,3384698,54.799507
"2015-07-13",57.90744,58.194721,57.70224,57.80484,3257261,55.349651
"2015-07-14",57.90744,58.317841,57.743279,58.23576,2311696,55.762272
"2015-07-15",58.379398,58.523041,57.681721,57.743279,2591277,55.290714
"2015-07-16",58.33836,58.461479,57.866402,57.969002,2772758,55.506844
"2015-07-17",58.13316,58.379398,57.620159,58.01004,2515351,55.546139
"2015-07-20",58.01004,58.276798,57.681721,58.11264,1899854,55.644382
"2015-07-21",57.784321,57.90744,57.27132,57.49704,2794883,55.054928
"2015-07-22",57.435478,57.640678,57.127682,57.435478,1991959,54.995979
"2015-07-23",57.39444,57.435478,54.932041,55.506599,7144786,53.149033
"2015-07-24",55.6092,55.670761,54.00864,55.055161,5884113,52.71677
"2015-07-27",54.43956,54.97308,53.885521,54.377998,4668470,52.068359
"2015-07-28",54.583199,55.055161,54.00864,54.357479,4083528,52.048714
"2015-07-29",55.48608,57.27132,55.301399,56.86092,9417446,54.445812
"2015-07-30",56.594158,56.778839,54.419041,54.460079,7572173,52.146957
"2015-07-31",55.034641,55.506599,54.33696,55.096199,4404630,52.756065
"2015-08-03",55.342442,55.342442,54.21384,54.43956,2408187,52.127316
"2015-08-04",54.357479,54.767879,53.454601,53.680321,3695760,51.400318
"2015-08-05",53.762402,54.808922,52.592758,52.900558,8778899,50.653675
"2015-08-06",52.797958,52.797958,51.648842,52.715881,7624464,50.476849
"2015-08-07",52.715881,53.29044,52.182362,53.16732,4402973,50.909103
"2015-08-10",53.577721,53.90604,53.39304,53.782921,4218665,51.498566
"2015-08-11",53.413559,53.823959,52.941601,53.18784,2923099,50.928757
"2015-08-12",52.982639,53.146801,51.854038,53.023682,3113304,50.90905
"2015-08-13",53.06472,53.310959,52.490162,53.023682,2706140,50.90905
"2015-08-14",52.85952,53.003159,52.100281,52.572239,2190253,50.475616
"2015-08-17",52.469639,53.454601,52.264439,53.39304,1915643,51.263683
"2015-08-18",53.475121,53.475121,52.921082,53.023682,1209016,50.90905
"2015-08-19",52.900558,53.249401,52.367039,52.75692,2112476,50.652939
"2015-08-20",52.0182,52.305481,51.094799,51.217918,3251657,49.175308
"2015-08-21",50.581799,51.156361,50.10984,50.273998,2970517,48.269039
"2015-08-24",47.442242,50.089321,42.94836,48.632401,3293713,46.692902
"2015-08-25",50.43816,50.561279,48.304081,48.304081,5663158,46.377682
"2015-08-26",49.514759,50.10984,48.304081,49.925159,3280897,47.934109
"2015-08-27",50.520241,51.341042,49.822559,51.053761,4370809,49.017704
"2015-08-28",50.64336,51.464161,50.397121,51.38208,2156238,49.332928
"2015-08-31",51.299999,51.648842,50.74596,50.95116,2129971,48.919193
"2015-09-01",49.90464,50.499722,49.124882,49.453201,2140741,47.480972
"2015-09-02",50.13036,50.23296,49.535278,50.048279,2212963,48.052319
"2015-09-03",50.191921,51.423119,50.089321,50.725441,2826657,48.70248
"2015-09-04",49.863602,50.766479,49.637878,50.479198,3508967,48.466045
"2015-09-08",51.361561,52.100281,51.17688,52.0182,2448148,49.943672
"2015-09-09",52.469639,52.818481,51.854038,52.1208,4203996,50.042179
"2015-09-10",52.1208,52.715881,51.628319,52.243919,3903752,50.160397
"2015-09-11",51.956638,52.55172,51.771961,52.510681,2344396,50.416512
"2015-09-14",52.469639,52.715881,52.079762,52.264439,2525292,50.180088
"2015-09-15",52.264439,52.264439,50.97168,51.320518,6693957,49.273808
"2015-09-16",51.48468,52.510681,51.402599,52.264439,3557212,50.180088
"2015-09-17",52.264439,53.146801,52.079762,52.161839,2200292,50.081589
"2015-09-18",50.910118,50.910118,49.124882,49.16592,6746004,47.205147
"2015-09-21",49.453201,49.966202,49.145401,49.309559,2727778,47.343056
"2015-09-22",48.632401,48.796558,47.9142,48.591358,3014376,46.6535
"2015-09-23",48.468239,48.693958,47.852638,47.934719,3154240,46.023045
"2015-09-24",47.8116,48.098881,47.216518,47.58588,3421735,45.688126
"2015-09-25",47.852638,47.934719,47.052361,47.38068,2958674,45.4911
"2015-09-28",47.07288,47.154961,45.082439,45.226082,3792544,43.422432
"2015-09-29",45.410759,45.636478,44.610481,44.938801,2987135,43.146603
"2015-09-30",45.349201,47.07288,45.144001,47.07288,4732018,45.195572
"2015-10-01",47.195999,49.16592,47.17548,48.180962,7969834,46.25946
"2015-10-02",47.503799,48.55032,46.806122,48.386162,16812671,46.456482
"2015-10-05",48.673439,49.227482,48.570839,49.16592,2934552,47.205147
"2015-10-06",49.309559,49.59684,48.632401,48.817081,2053070,46.870224
"2015-10-07",48.940201,50.13036,48.837601,49.678921,3078265,47.697685
"2015-10-08",49.617359,51.566761,49.350601,51.07428,3393762,49.037403
"2015-10-09",51.115318,51.833519,50.684399,51.730919,2792446,49.667858
"2015-10-12",51.669361,52.264439,51.48468,51.751438,1810867,49.68755
"2015-10-13",51.156361,51.895081,50.889599,51.299999,2813207,49.254108
"2015-10-14",51.17688,51.525719,50.00724,50.10984,2675731,48.111416
"2015-10-15",50.54076,50.786999,48.981239,50.64336,4074269,48.623669
"2015-10-16",50.150879,50.520241,49.248001,49.69944,3176949,47.7174
"2015-10-19",49.617359,50.02776,49.39164,49.59684,1995565,47.618889
"2015-10-20",49.80204,51.156361,49.719959,51.135841,3006043,49.0965
"2015-10-21",51.402599,52.059238,50.253479,50.376598,2132749,48.367538
"2015-10-22",50.889599,52.202881,50.725441,51.751438,3245517,49.68755
"2015-10-23",51.115318,51.854038,50.294521,50.397121,5183187,48.387245
"2015-10-26",50.417641,51.58728,50.33556,51.299999,2367593,49.254108
"2015-10-27",51.341042,52.941601,50.479198,51.936119,4740205,49.86488
"2015-10-28",53.434078,53.90604,50.068802,51.48468,8571053,49.431435
"2015-10-29",50.889599,51.730919,50.273998,51.6078,2736257,49.549644
"2015-10-30",51.628319,51.813,50.930641,51.27948,1805361,49.234417
"2015-11-02",51.648842,52.305481,51.320518,51.895081,2283480,49.82547
"2015-11-03",51.68988,52.75692,51.156361,52.469639,2887135,50.377113
"2015-11-04",52.674839,52.736401,51.79248,52.141319,2219786,50.061882
"2015-11-05",52.059238,53.105759,51.936119,52.674839,1775097,50.574123
"2015-11-06",52.736401,53.37252,52.243919,52.613281,1513938,50.515015
"2015-11-09",52.305481,52.490162,51.423119,52.202881,1966179,50.120995
"2015-11-10",52.161839,52.797958,51.977161,52.736401,1924220,50.633232
"2015-11-11",53.003159,53.146801,52.469639,52.5312,1589133,50.436222
"2015-11-12",51.997681,52.059238,51.320518,51.546242,2146053,49.490536
"2015-11-13",51.320518,51.443642,49.925159,50.10984,2519883,48.111416
"2015-11-16",49.658401,49.69944,47.58588,48.919682,10488986,46.968727
"2015-11-17",49.28904,49.37112,47.27808,47.503799,6608138,45.609322
"2015-11-18",47.6064,48.139919,47.07288,48.037319,5659016,46.121555
"2015-11-19",48.222,48.509281,47.79108,48.222,2292593,46.298874
"2015-11-20",48.796558,49.145401,47.9142,48.263039,2115984,46.338272
"2015-11-23",48.3246,49.37112,48.3246,48.509281,1807407,46.574692
"2015-11-24",47.401199,48.222,47.27808,48.1194,2924805,46.337574
"2015-11-25",48.180962,48.5298,47.68848,47.893681,2450634,46.12022
"2015-11-27",47.729519,47.996281,47.6064,47.8116,906628,46.041176
"2015-11-30",47.79108,47.934719,47.031841,47.647442,2455263,45.883083
"2015-12-01",48.0168,48.468239,47.6064,48.406681,1907310,46.614212
"2015-12-02",48.304081,48.365639,47.48328,47.79108,2069250,46.021416
"2015-12-03",48.776039,48.899158,46.252079,46.86768,2999074,45.132202
"2015-12-04",47.113918,47.626919,46.84716,47.298599,2127388,45.547161
"2015-12-07",47.339642,47.503799,45.964802,46.518841,2941520,44.796284
"2015-12-08",45.513359,46.416241,45.39024,46.21104,1987232,44.499878
"2015-12-09",46.067402,46.765079,44.610481,44.610481,5317057,42.95858
"2015-12-10",44.85672,45.574921,44.672039,45.328678,3769444,43.650196
"2015-12-11",44.672039,44.918282,44.118,44.733601,3626218,43.077137
"2015-12-14",44.405281,44.897758,42.907318,43.666561,5520322,42.049618
"2015-12-15",44.159039,44.589958,43.7076,43.78968,3442495,42.168186
"2015-12-16",44.200081,48.65292,44.0154,46.067402,9301706,44.361565
"2015-12-17",46.929241,46.94976,45.349201,45.39024,3477973,43.709476
"2015-12-18",45.18504,45.90324,43.871761,44.035919,3741277,42.405308
"2015-12-21",44.179562,44.405281,43.543442,43.851238,4114181,42.227455
"2015-12-22",43.8102,45.123482,43.666561,44.65152,4923782,42.998104
"2015-12-23",44.672039,45.39024,44.035919,45.226082,3595175,43.551392
"2015-12-24",45.18504,45.39024,44.75412,44.877239,717349,43.215473
"2015-12-28",44.795158,45.082439,44.2206,44.692558,1498684,43.037624
"2015-12-29",44.95932,45.102959,44.343719,44.713081,1268665,43.057388
"2015-12-30",44.466839,44.897758,44.261639,44.3232,1604337,42.681938
"2015-12-31",44.282162,44.836201,43.9128,43.9128,1688060,42.286739
"2016-01-04",43.502399,43.646042,42.373798,43.27668,3512135,41.674171
"2016-01-05",43.297199,43.8102,42.927841,43.297199,2215351,41.693932
"2016-01-06",42.53796,42.661079,40.711681,41.040001,6963304,39.520317
"2016-01-07",40.260239,40.691158,39.27528,39.500999,13039474,38.038303
"2016-01-08",39.972961,40.629601,39.254761,39.295799,3435916,37.840698
"2016-01-11",39.521519,40.301281,38.987999,39.48048,4270858,38.018551
"2016-01-12",39.870361,40.362839,39.439442,40.137119,3502242,38.650871
"2016-01-13",39.993481,40.198681,37.941479,38.044079,5022417,36.635338
"2016-01-14",37.120682,37.818359,36.135719,37.756802,5821296,36.358688
"2016-01-15",36.54612,36.730801,35.540642,36.423,5868129,35.074284
"2016-01-19",36.771839,36.915482,34.76088,35.520119,3537671,34.204834
"2016-01-20",34.925041,37.038601,33.16032,36.402481,8575390,35.054531
"2016-01-21",36.381962,38.249279,36.340919,37.674721,7649805,36.279655
"2016-01-22",38.290321,38.721241,36.936001,37.49004,4069152,36.101807
"2016-01-25",37.469521,37.715759,35.47908,35.745838,4192008,34.422195
"2016-01-26",36.094681,38.02356,35.868961,37.941479,4570614,36.53653
"2016-01-27",37.613159,37.962002,36.5256,36.771839,3543177,35.410198
"2016-01-28",37.26432,37.28484,35.130241,35.253361,4624415,33.94796
"2016-01-29",35.438042,36.54612,35.232841,36.54612,4175292,35.192848
"2016-02-01",36.464039,37.05912,35.951038,36.85392,2887232,35.48925
"2016-02-02",36.279362,36.279362,35.06868,35.458561,3482310,34.145554
"2016-02-03",35.68428,35.930519,34.042679,35.725319,3050975,34.402443
"2016-02-04",35.37648,37.243801,35.294399,37.120682,3505750,35.746136
"2016-02-05",36.997559,37.16172,35.8074,36.1152,3374805,34.777878
"2016-02-08",35.7048,36.176762,35.048161,35.868961,5068324,34.54076
"2016-02-09",35.7048,37.407959,35.335442,36.197281,3629191,34.856926
"2016-02-10",36.381962,37.654202,36.361439,37.100159,3420322,35.726372
"2016-02-11",36.279362,36.894958,35.971561,36.628201,5605799,35.271889
"2016-02-12",37.141201,38.249279,36.936001,38.044079,4209893,36.635338
"2016-02-16",38.659679,39.234241,37.879921,38.96748,3867398,37.524536
"2016-02-17",39.193199,40.609081,39.193199,40.4244,4682310,38.927521
"2016-02-18",40.280762,40.978439,39.07008,40.239719,4251657,38.749672
"2016-02-19",40.034519,40.937401,39.17268,40.793758,5255507,39.283195
"2016-02-22",41.36832,42.045479,40.1166,40.834801,3418470,39.322716
"2016-02-23",40.732201,41.676121,40.588558,40.793758,2867300,39.283195
"2016-02-24",40.4244,40.916882,39.459961,40.814281,3419055,39.302959
"2016-02-25",40.896358,41.614559,40.362839,41.450401,2662622,39.91552
"2016-02-26",43.605,43.994881,41.553001,42.476398,6245224,40.903526
"2016-02-29",42.476398,42.702122,41.347801,42.64056,5197222,41.061615
"2016-03-01",43.050961,43.399799,42.33276,42.989399,2996735,41.39753
"2016-03-02",43.009918,43.9128,42.989399,43.892281,3146637,42.266983
"2016-03-03",43.8102,44.44632,43.58448,44.302681,2253216,42.662182
"2016-03-04",44.487358,44.938801,44.056438,44.918282,2764181,43.254986
"2016-03-07",44.692558,45.020882,44.138519,44.241119,2571881,42.602901
"2016-03-08",43.871761,43.974361,42.927841,42.96888,2872076,41.377777
"2016-03-09",43.215118,43.317719,42.10704,42.620041,2338548,41.04184
"2016-03-10",42.907318,43.009918,41.26572,42.086521,2573977,40.528088
"2016-03-11",42.661079,43.625519,41.942879,43.625519,2795517,42.010101
"2016-03-14",44.405281,44.589958,43.666561,43.728119,4016472,42.108894
"2016-03-15",43.399799,43.563961,42.927841,43.338242,2036404,41.733463
"2016-03-16",43.050961,43.7076,42.804722,43.563961,3070029,42.090321
"2016-03-17",43.37928,43.646042,42.578999,43.58448,2348051,42.110146
"2016-03-18",43.871761,45.39024,43.871761,45.16452,4138548,43.636734
"2016-03-21",45.39024,46.375198,45.26712,45.985321,4822466,44.429771
"2016-03-22",45.39024,45.90324,45.082439,45.718559,4440984,44.172039
"2016-03-23",45.69804,45.821159,44.75412,45.020882,2723441,43.497959
"2016-03-24",44.815681,45.28764,44.4258,45.28764,3913109,43.755692
"2016-03-28",45.574921,46.087921,44.569439,45.718559,3011452,44.172039
"2016-03-29",45.739079,46.169998,45.36972,46.087921,3021004,44.5289
"2016-03-30",46.457279,46.74456,45.923759,46.64196,3100049,45.064205
"2016-03-31",46.662479,46.97028,46.12896,46.21104,1922125,44.647861
"2016-04-01",45.26712,45.451801,44.076962,45.16452,7315205,43.636734
"2016-04-04",45.226082,45.780121,44.836201,45.533878,2209454,43.993599
"2016-04-05",45.082439,45.144001,44.487358,44.815681,3276657,43.299706
"2016-04-06",44.75412,45.677521,44.384762,45.657001,3131433,44.112564
"2016-04-07",45.246601,45.533878,44.95932,45.349201,3204532,43.81517
"2016-04-08",45.882721,46.416241,45.574921,45.759602,2762963,44.211689
"2016-04-11",46.02636,46.559879,45.739079,45.759602,2507505,44.211689
"2016-04-12",46.375198,46.908718,45.944279,46.087921,4462037,44.5289
"2016-04-13",46.23156,46.826641,46.00584,46.785599,2841910,45.20298
"2016-04-14",46.929241,47.216518,46.580399,46.600922,2260234,45.024548
"2016-04-15",46.416241,46.682999,45.718559,46.149479,2432700,44.588383
"2016-04-18",46.12896,46.23156,45.410759,45.615959,3384211,44.072906
"2016-04-19",45.657001,46.067402,45.308159,45.780121,2436550,44.231522
"2016-04-20",45.944279,45.964802,44.979839,44.979839,5996491,43.458302
"2016-04-21",45.18504,46.169998,45.18504,45.39024,4251901,43.854824
"2016-04-22",45.246601,45.636478,44.118,44.4258,4794006,42.923004
"2016-04-25",44.507881,45.18504,44.507881,44.610481,3844152,43.101437
"2016-04-26",44.610481,44.815681,43.543442,44.405281,5203606,42.903183
"2016-04-27",44.076962,46.169998,43.974361,45.718559,4117251,44.172039
"2016-04-28",45.533878,46.518841,45.26712,45.636478,4018860,44.092731
"2016-04-29",45.59544,45.69804,44.897758,45.246601,2915497,43.716042
"2016-05-02",45.533878,45.69804,45.020882,45.657001,3118372,44.112564
"2016-05-03",45.18504,45.821159,45.102959,45.554401,3166959,44.013428
"2016-05-04",45.18504,45.574921,44.918282,45.226082,4359600,43.696217
"2016-05-05",45.328678,45.69804,45.082439,45.226082,1761940,43.696217
"2016-05-06",44.877239,45.410759,44.631001,45.205559,2451608,43.67638
"2016-05-09",45.16452,45.472321,44.815681,45.431278,2113694,43.894474
"2016-05-10",45.759602,47.031841,45.246601,46.86768,4084893,45.282291
"2016-05-11",46.559879,46.84716,45.554401,45.718559,4019834,44.172039
"2016-05-12",45.80064,45.923759,44.487358,45.000359,3265546,43.47813
"2016-05-13",44.815681,45.410759,44.035919,44.118,2875585,42.625618
"2016-05-16",44.2206,44.836201,44.056438,44.65152,2151072,43.141087
"2016-05-17",44.487358,45.06192,44.159039,44.631001,3917544,43.121258
"2016-05-18",44.179562,44.733601,42.84576,43.256161,5630994,41.927876
"2016-05-19",41.922359,42.394321,41.553001,42.312241,8099805,41.012939
"2016-05-20",42.353279,42.681599,42.066002,42.148079,3129825,40.853821
"2016-05-23",42.066002,42.64056,41.963402,42.312241,3892982,41.012939
"2016-05-24",42.578999,43.050961,42.02496,42.76368,2877047,41.450516
"2016-05-25",42.784199,43.256161,42.045479,43.009918,4668129,41.689198
"2016-05-26",43.07148,43.091999,41.963402,42.066002,2600828,40.774273
"2016-05-27",42.12756,42.76368,42.066002,42.578999,2296248,41.271511
"2016-05-31",42.661079,42.886799,42.189121,42.64056,3399074,41.331177
"2016-06-01",42.64056,43.030441,42.558479,42.96888,1708382,41.649418
"2016-06-02",43.009918,44.589958,42.804722,44.343719,4807749,42.982044
"2016-06-03",44.159039,44.631001,43.605,44.569439,6970760,43.200817
"2016-06-06",44.631001,45.308159,44.569439,45.16452,5536501,43.77763
"2016-06-07",45.205559,45.39024,44.733601,44.795158,2055702,43.419609
"2016-06-08",44.877239,45.082439,44.076962,44.569439,2732505,43.200817
"2016-06-09",44.364239,44.5284,43.9128,44.3232,1697612,42.962154
"2016-06-10",43.830719,43.851238,43.112518,43.461361,2509649,42.126774
"2016-06-13",43.399799,44.0154,43.194599,43.461361,2520078,42.126774
"2016-06-14",43.153561,43.646042,43.112518,43.37928,2849561,42.047211
"2016-06-15",43.605,45.082439,43.502399,44.487358,4476608,43.121254
"2016-06-16",44.2206,44.733601,43.543442,44.610481,3610185,43.240604
"2016-06-17",44.610481,46.149479,44.610481,46.10844,5036111,44.69257
"2016-06-20",46.600922,47.770561,46.53936,47.524319,6271296,46.064968
"2016-06-21",47.48328,47.544842,46.703522,46.929241,4007310,45.488163
"2016-06-22",47.134441,47.58588,46.785599,46.929241,2609747,45.488163
"2016-06-23",47.544842,48.4272,47.298599,48.078362,5248197,46.601997
"2016-06-24",46.046879,46.888199,44.610481,44.836201,8209600,43.459393
"2016-06-27",44.384762,44.384762,42.804722,43.358761,6493421,42.027325
"2016-06-28",44.035919,44.507881,43.358761,44.159039,3747417,42.803036
"2016-06-29",44.75412,46.580399,44.75412,45.739079,5680312,44.334545
"2016-06-30",45.944279,46.252079,45.431278,46.23156,4422320,44.811913
"2016-07-01",46.33416,47.052361,46.33416,46.94976,1968713,45.508053
"2016-07-05",46.703522,46.826641,45.513359,45.923759,2250975,44.513565
"2016-07-06",45.759602,46.33416,45.49284,46.313641,2381335,44.891468
"2016-07-07",46.416241,47.216518,46.375198,46.86768,3424610,45.428493
"2016-07-08",47.462761,47.9142,47.339642,47.873161,1721394,46.403099
"2016-07-11",48.222,48.365639,47.955238,48.139919,1814181,46.661663
"2016-07-12",48.611881,49.124882,48.44772,48.75552,5553655,47.258366
"2016-07-13",48.714481,48.796558,47.647442,48.468239,3316618,46.9799
"2016-07-14",48.85812,49.06332,48.5298,48.65292,1434942,47.158913
"2016-07-15",48.386162,49.042801,48.139919,48.817081,1852827,47.318031
"2016-07-18",48.85812,49.350601,48.75552,49.227482,3150828,47.715828
"2016-07-19",48.5298,49.309559,48.283562,49.022282,3320224,47.516926
"2016-07-20",49.309559,49.576321,48.837601,49.248001,3272856,47.735718
"2016-07-21",49.083839,50.13036,48.96072,49.18644,4259942,47.676044
"2016-07-22",49.18644,49.986721,48.96072,49.945679,3713548,48.411964
"2016-07-25",49.884121,50.10984,49.06332,49.124882,3072612,47.616383
"2016-07-26",49.042801,49.309559,48.878639,48.981239,4405214,47.47715
"2016-07-27",48.632401,48.837601,47.462761,47.544842,8082115,46.084854
"2016-07-28",47.38068,47.401199,46.416241,46.97028,5283236,45.527935
"2016-07-29",46.806122,47.647442,46.703522,47.58588,5408869,46.124645
"2016-08-01",47.503799,47.955238,47.237041,47.852638,2403314,46.383205
"2016-08-02",47.565361,47.975761,46.354679,46.929241,2429971,45.488163
"2016-08-03",46.724041,47.462761,46.293121,46.84716,3318470,45.408604
"2016-08-04",46.84716,47.442242,46.682999,47.360161,2374756,45.905849
"2016-08-05",47.667961,48.304081,47.544842,48.1194,1965058,46.641773
"2016-08-08",48.222,49.206959,48.139919,48.878639,3835624,47.377693
"2016-08-09",48.75552,49.28904,48.406681,48.591358,6379971,47.099243
"2016-08-10",48.673439,48.940201,48.037319,48.345119,3879337,46.860565
"2016-08-11",48.570839,49.001759,48.406681,48.55032,4978558,47.059464
"2016-08-12",48.365639,49.104359,48.283562,49.06332,3507456,47.556721
"2016-08-15",49.227482,49.514759,48.85812,49.49424,2933772,47.974396
"2016-08-16",49.432678,50.10984,49.206959,50.00724,3383967,48.471634
"2016-08-17",49.863602,49.966202,49.514759,49.822559,7279483,48.431747
"2016-08-18",49.719959,49.945679,49.535278,49.555801,6605166,48.172447
"2016-08-19",49.350601,49.617359,49.227482,49.59684,2358187,48.21233
"2016-08-22",49.49424,49.69944,49.309559,49.555801,1300341,48.172447
"2016-08-23",49.658401,49.925159,49.49424,49.514759,1938548,48.132542
"2016-08-24",49.514759,49.884121,49.124882,49.59684,2204678,48.21233
"2016-08-25",49.49424,49.678921,49.227482,49.658401,1580214,48.272175
"2016-08-26",49.576321,49.90464,48.981239,49.28904,2453363,47.913124
"2016-08-29",49.26852,49.617359,49.206959,49.248001,1917300,47.87323
"2016-08-30",49.37112,49.473721,48.570839,48.796558,4598635,47.434395
"2016-08-31",48.304081,49.206959,48.304081,48.981239,2733382,47.613914
"2016-09-01",49.37112,49.37112,48.4272,48.776039,4685673,47.414444
"2016-09-02",48.509281,49.145401,48.488762,48.714481,1457359,47.354618
"2016-09-06",48.714481,48.796558,48.139919,48.488762,1354045,47.135189
"2016-09-07",48.509281,48.75552,48.386162,48.5298,1443860,47.175087
"2016-09-08",48.44772,48.65292,47.934719,48.037319,1987232,46.696346
"2016-09-09",47.6064,47.79108,46.580399,46.64196,4347173,45.339943
"2016-09-12",46.272598,47.503799,46.169998,47.298599,3783138,45.978245
"2016-09-13",46.806122,47.319118,46.74456,47.052361,2821637,45.738884
"2016-09-14",47.031841,47.667961,46.621441,47.462761,2957212,46.137825
"2016-09-15",47.27808,47.770561,47.27808,47.401199,2129483,46.07798
"2016-09-16",47.237041,47.565361,47.093399,47.257561,2340741,45.938354
"2016-09-19",47.442242,47.709,47.113918,47.237041,1670029,45.918407
"2016-09-20",47.462761,48.139919,47.421719,47.832119,2565302,46.496872
"2016-09-21",47.8116,47.893681,47.011318,47.832119,4356238,46.496872
"2016-09-22",48.057838,48.570839,48.0168,48.365639,2025195,47.015503
"2016-09-23",48.098881,48.632401,48.057838,48.4272,1511501,47.075348
"2016-09-26",47.996281,48.160439,47.031841,47.093399,3066423,45.778782
"2016-09-27",47.17548,47.503799,47.093399,47.319118,1780409,45.998192
"2016-09-28",47.48328,47.626919,46.662479,46.908718,6334211,45.599258
"2016-09-29",46.785599,47.401199,46.498322,46.826641,4898928,45.519466
"2016-09-30",46.888199,47.442242,46.785599,47.052361,2799464,45.738884
"2016-10-03",47.07288,47.38068,46.826641,46.94976,1738548,45.639149
"2016-10-04",47.154961,47.27808,46.621441,46.84716,3495565,45.539413
"2016-10-05",46.806122,47.031841,46.53936,46.662479,2435770,45.359894
"2016-10-06",46.682999,46.826641,46.00584,46.23156,3090692,44.941002
"2016-10-07",46.252079,46.518841,45.821159,46.02636,1582164,44.741524
"2016-10-10",46.293121,47.093399,46.23156,46.84716,3368129,45.539413
"2016-10-11",46.724041,46.84716,46.169998,46.272598,3558187,44.980888
"2016-10-12",46.313641,46.806122,46.169998,46.682999,3019688,45.379837
"2016-10-13",46.12896,46.929241,45.636478,46.621441,3303119,45.319992
"2016-10-14",46.785599,47.360161,46.724041,46.97028,4657895,45.659088
"2016-10-17",46.806122,47.237041,46.64196,46.682999,2450828,45.379837
"2016-10-18",47.113918,47.442242,46.84716,47.257561,2298002,45.938354
"2016-10-19",47.462761,47.873161,47.257561,47.401199,1922271,46.07798
"2016-10-20",47.401199,47.544842,46.84716,47.195999,3499123,45.87851
"2016-10-21",46.990799,47.421719,46.682999,47.011318,2714035,45.69899
"2016-10-24",48.263039,48.75552,46.990799,47.07288,9890984,45.758823
"2016-10-25",46.765079,47.011318,46.43676,46.64196,3552534,45.339943
"2016-10-26",45.36972,46.00584,45.144001,45.80064,7565497,44.522102
"2016-10-27",44.733601,45.882721,44.733601,45.657001,5190448,44.382477
"2016-10-28",45.69804,46.00584,45.328678,45.657001,3663694,44.382477
"2016-10-31",46.375198,46.580399,46.10844,46.375198,5513158,45.080624
"2016-11-01",46.682999,46.682999,45.451801,46.046879,3070712,44.761471
"2016-11-02",46.046879,46.559879,45.69804,45.759602,3854435,44.482212
"2016-11-03",45.985321,46.682999,45.657001,45.718559,3421637,44.442314
"2016-11-04",45.677521,46.724041,45.677521,46.354679,4480263,45.060673
"2016-11-07",46.888199,47.07288,46.662479,47.011318,3188986,45.69899
"2016-11-08",46.293121,48.160439,46.02636,47.8116,4341423,46.619366
"2016-11-09",47.360161,48.693958,46.53936,48.44772,4268616,47.239628
"2016-11-10",48.406681,48.55032,47.934719,48.139919,10535575,46.939507
"2016-11-11",48.242519,48.693958,48.078362,48.65292,3630799,47.439716
"2016-11-14",48.817081,50.273998,48.5298,49.90464,6655848,48.660217
"2016-11-15",49.90464,50.356079,49.781521,50.253479,3906140,49.000359
"2016-11-16",50.089321,50.828041,50.089321,50.376598,4199854,49.120407
"2016-11-17",50.376598,50.64336,49.925159,50.417641,5008528,49.160427
"2016-11-18",50.43816,50.561279,49.966202,50.10984,3329435,48.860306
"2016-11-21",50.33556,50.581799,50.171398,50.54076,3861062,49.280472
"2016-11-22",50.663879,51.033241,50.561279,50.992199,3022417,49.720661
"2016-11-23",50.97168,51.423119,50.622841,51.361561,3400926,50.080814
"2016-11-25",51.505199,52.2234,51.443642,51.936119,1087622,50.641041
"2016-11-28",51.648842,51.854038,50.889599,50.910118,5419396,49.640625
"2016-11-29",51.07428,51.566761,50.828041,50.910118,5103850,49.640625
"2016-11-30",50.889599,51.58728,50.561279,51.443642,5181579,50.160847
"2016-12-01",51.68988,52.079762,51.258961,51.730919,8746540,50.440964
"2016-12-02",51.628319,52.059238,51.525719,51.833519,4477290,50.540997
"2016-12-05",52.96212,53.639278,52.510681,53.536678,8980263,52.201691
"2016-12-06",53.70084,54.049679,53.37252,53.988121,7967593,52.641876
"2016-12-07",54.090721,55.978561,53.885521,55.48608,8609211,54.102478
"2016-12-08",55.506599,56.060638,53.741879,53.844479,5862232,52.501808
"2016-12-09",54.13176,55.055161,53.885521,54.419041,3599561,53.06205
"2016-12-12",53.988121,54.172798,52.797958,53.331478,6675049,52.001606
"2016-12-13",53.577721,54.254879,53.454601,54.13176,4144103,52.781921
"2016-12-14",54.23436,55.17828,53.967602,54.74736,7132943,53.382183
"2016-12-15",55.362961,56.204281,55.014118,56.040119,7545760,54.6427
"2016-12-16",56.183762,56.573639,55.773361,56.491562,8102242,55.082901
"2016-12-19",56.5326,57.18924,56.368439,56.840401,10293177,55.423027
"2016-12-20",56.96352,57.353401,56.696758,56.922482,6540741,55.503071
"2016-12-21",57.107159,57.353401,56.819881,56.901958,5141423,55.483055
"2016-12-22",56.984039,57.209759,56.1222,56.3274,3401462,54.922825
"2016-12-23",56.204281,56.43,56.0196,56.163239,1534990,54.762753
"2016-12-27",56.45052,56.65572,56.1222,56.286362,3147368,54.882816
"2016-12-28",56.471039,56.55312,55.445042,55.506599,5389474,54.122482
"2016-12-29",55.670761,55.999081,55.301399,55.917,1376170,54.522655
"2016-12-30",55.917,56.1222,55.465561,55.8144,2213255,54.422611
"2017-01-03",56.573639,56.676239,55.403999,56.204281,3328021,54.802773
"2017-01-04",57.299999,59.759998,57.299999,58,5614500,56.553711
"2017-01-05",58.060001,58.419998,56.84,57.32,5122200,55.890675
"2017-01-06",57.18,57.560001,56.23,57.470001,3359000,56.036934
"2017-01-09",57.299999,57.299999,56.48,56.959999,3921800,55.539639
"2017-01-10",56.959999,57,55.779999,56.02,3384700,54.623093
"2017-01-11",55.759998,56.310001,55.709999,56,2781500,54.603588
"2017-01-12",56.110001,56.299999,55,55.400002,7378600,54.018547
"2017-01-13",55.57,56.25,55.48,56.220001,3058600,54.818096
"2017-01-17",56.32,56.32,55.68,56.09,2828900,54.691345
"2017-01-18",56.130001,56.950001,56.02,56.950001,2854600,55.529896
"2017-01-19",57.490002,57.91,57.279999,57.5,4200900,56.066181
"2017-01-20",57.540001,58.080002,57.540001,57.700001,2350500,56.261192
"2017-01-23",57.709999,57.84,57.189999,57.75,2315200,56.309948
"2017-01-24",58.009998,58.299999,57.709999,58.099998,1857100,56.651222
"2017-01-25",58.099998,58.939999,58.099998,58.779999,1993100,57.314266
"2017-01-26",59.049999,59.27,58.68,58.75,2989000,57.285019
"2017-01-27",58.869999,59,58.470001,58.549999,1336000,57.09
"2017-01-30",58.240002,58.380001,57.630001,58.040001,1719500,56.59272
"2017-01-31",57.77,57.959999,57.57,57.580002,2273900,56.144192
"2017-02-01",57.93,58.110001,57.23,57.349998,3689900,55.919922
"2017-02-02",57.529999,57.689999,57.130001,57.299999,2620000,55.87117
"2017-02-03",57.330002,57.82,57.299999,57.799999,1353200,56.3587
"2017-02-06",57.560001,58.23,57.389999,57.720001,1710400,56.280701
"2017-02-07",57.98,58.240002,57.630001,57.810001,2061400,56.368454
"2017-02-08",57.720001,58.43,57.470001,58.259998,1024900,56.807228
"2017-02-09",58.259998,58.919998,58.189999,58.639999,1476800,57.177761
"2017-02-10",58.84,58.84,58.48,58.689999,1191000,57.226505
"2017-02-13",58.869999,59.169998,58.639999,58.849998,1915300,57.382515
"2017-02-14",58.790001,58.91,58.419998,58.470001,2317300,57.011993
"2017-02-15",58.419998,59.84,57.5,59.459999,4716200,57.977306
"2017-02-16",59.540001,60.490002,59.139999,59.240002,3145300,57.762798
"2017-02-17",59.029999,59.029999,58.060001,58.5,2778200,57.041241
"2017-02-21",58.650002,58.650002,57.98,58.02,2058800,56.573212
"2017-02-22",57.869999,58.139999,57.599998,57.849998,2581000,56.407448
"2017-02-23",58.09,58.209999,57.119999,57.209999,1614900,55.783413
"2017-02-24",57.32,58.009998,57.18,57.779999,1511300,56.339195
"2017-02-27",57.77,58.099998,57.41,58.02,1396000,56.573212
"2017-02-28",58.040001,58.18,57.049999,57.200001,2634800,55.773666
"2017-03-01",57.889999,58.189999,57.52,57.700001,2753700,56.261192
"2017-03-02",57.52,58.34,57.34,58.169998,2835800,56.719471
"2017-03-03",57.720001,57.790001,56.470001,57.75,3303400,56.309948
"2017-03-06",57.439999,57.599998,56.970001,57.310001,1804300,55.880924
"2017-03-07",57.220001,57.220001,56.299999,56.639999,2394200,55.227623
"2017-03-08",56.93,56.990002,56.27,56.290001,2710800,55.032093
"2017-03-09",56.310001,56.610001,55.790001,55.84,1606800,54.592152
"2017-03-10",56.07,56.5,55.939999,56.48,2443200,55.217846
"2017-03-13",56.5,57.52,56.419998,57.509998,1811900,56.224831
"2017-03-14",57.34,57.5,57.07,57.290001,1818300,56.00975
"2017-03-15",57.450001,58.369999,57.380001,58.150002,1993500,56.850536
"2017-03-16",58.209999,58.799999,58.07,58.209999,1580700,56.909191
"2017-03-17",58.59,58.650002,57.84,57.919998,1267500,56.625675
"2017-03-20",57.919998,58.09,57.310001,57.5,999800,56.215057
"2017-03-21",57.889999,58.349998,56.630001,56.689999,2149600,55.423157
"2017-03-22",56.619999,57.830002,56.389999,57.700001,1514500,56.410587
"2017-03-23",57.810001,58.810001,57.700001,58.32,1996900,57.016727
"2017-03-24",58.369999,58.790001,58.040001,58.310001,1066700,57.006958
"2017-03-27",57.959999,58.029999,57.330002,57.849998,2572000,56.557228
"2017-03-28",57.919998,59.099998,57.549999,58.669998,1871500,57.358906
"2017-03-29",58.439999,58.959999,58.349998,58.610001,1549100,57.300259
"2017-03-30",58.619999,59.439999,58.599998,58.77,1965400,57.456673
"2017-03-31",58.66,59.18,58.360001,58.459999,2283900,57.153603
"2017-04-03",57.869999,58.450001,57.049999,57.619999,3273200,56.332375
"2017-04-04",57.41,57.529999,56.759998,57.07,2188500,55.794659
"2017-04-05",57.310001,57.689999,56.689999,56.75,2314200,55.481815
"2017-04-06",56.990002,57.119999,56.540001,57.099998,1107200,55.82399
"2017-04-07",57.080002,57.080002,55.91,56.599998,3066200,55.335167
"2017-04-10",57.349998,57.549999,56.880001,57.18,2651000,55.90221
"2017-04-11",57.349998,57.540001,56.939999,57.48,1369500,56.195499
"2017-04-12",57.619999,57.630001,57.16,57.419998,1929600,56.136841
"2017-04-13",57.389999,57.759998,57.099998,57.110001,2129200,55.833775
"2017-04-17",57.34,57.48,56.950001,57.330002,1965800,56.048855
"2017-04-18",57.099998,57.400002,56.240002,56.860001,1730100,55.589355
"2017-04-19",57.169998,57.360001,56.66,56.919998,1939800,55.64801
"2017-04-20",57.09,57.849998,56.279999,57.59,5217200,56.303043
"2017-04-21",57.639999,57.639999,57.150002,57.349998,1197800,56.068401
"2017-04-24",58,58.169998,57.77,58.040001,2150700,56.742989
"2017-04-25",58.200001,58.73,58.119999,58.540001,1330000,57.231819
"2017-04-26",58.380001,61.02,58.279999,60.599998,4502400,59.245773
"2017-04-27",60.740002,60.740002,59.880001,60.240002,1695400,58.893833
"2017-04-28",60.360001,60.369999,58.41,58.970001,3223000,57.652206
"2017-05-01",59.400002,60.049999,58.900002,59.32,2957200,57.994389
"2017-05-02",61.459999,61.82,59.959999,61.490002,4208800,60.115894
"2017-05-03",61.450001,61.869999,60.759998,61,2471700,59.636845
"2017-05-04",61.150002,61.290001,60.119999,60.5,2316300,59.14801
"2017-05-05",60.68,61.119999,60.669998,61.07,2605500,59.705276
"2017-05-08",61.07,61.400002,60.509998,60.68,2005800,59.323997
"2017-05-09",61.799999,63.41,61.639999,62.330002,3562100,60.937119
"2017-05-10",62.16,62.400002,61.59,62.119999,1954500,60.878315
"2017-05-11",61.799999,62.360001,61.509998,62.209999,1348800,60.966526
"2017-05-12",62.099998,62.310001,61.849998,62.099998,1163800,60.858719
"2017-05-15",62.240002,62.75,62.110001,62.619999,2124900,61.368317
"2017-05-16",62.689999,62.869999,62.16,62.43,2114800,61.182125
"2017-05-17",61.82,61.880001,61.02,61.299999,1765200,60.074707
"2017-05-18",61.299999,62.810001,60.959999,62.439999,2239500,61.191925
"2017-05-19",62.799999,64.050003,62.619999,63.849998,2605400,62.573734
"2017-05-22",63.779999,65.32,63.669998,65.25,3643600,63.945763
"2017-05-23",65.5,66.389999,64.910004,65.489998,4021800,64.180962
"2017-05-24",65.769997,66.290001,65.099998,65.480003,3024100,64.171158
"2017-05-25",65.760002,66.110001,65.129997,65.129997,2766600,63.828159
"2017-05-26",65.160004,65.550003,64.940002,65.339996,1445800,64.033951
"2017-05-30",65.260002,65.699997,65.129997,65.540001,1104500,64.229958
"2017-05-31",65.849998,66.580002,65.349998,66.470001,3402000,65.141373
"2017-06-01",66.709999,67.5,66.32,66.639999,2001900,65.307983
"2017-06-02",66.970001,67.540001,66.529999,67.410004,1590400,66.062576
"2017-06-05",67.669998,67.790001,66.970001,66.989998,1599200,65.65097
"2017-06-06",66.580002,66.709999,65.550003,65.760002,1999400,64.445564
"2017-06-07",65.760002,66.269997,65.419998,66.150002,2661200,64.827774
"2017-06-08",65.260002,65.5,64.660004,65.019997,8180400,63.720352
"2017-06-09",65.349998,65.860001,64.019997,64.75,7990900,63.45575
"2017-06-12",66.309998,66.459999,65.25,65.849998,10162800,64.533768
"2017-06-13",66.139999,66.690002,66.019997,66.449997,5087200,65.121773
"2017-06-14",66.620003,66.860001,65.879997,66.25,7387200,64.925774
"2017-06-15",65.809998,66.989998,65.529999,66.849998,4511100,65.513779
"2017-06-16",67.269997,67.290001,66.400002,66.410004,33236400,65.082573
"2017-06-19",66.589996,67.309998,66.300003,66.839996,4391000,65.50396
"2017-06-20",67.040001,67.07,65.690002,65.879997,4031600,64.563164
"2017-06-21",66.300003,66.349998,65.279999,65.599998,3997000,64.288757
"2017-06-22",65.449997,65.470001,64.889999,65.199997,2623500,63.896744
"2017-06-23",65.099998,65.559998,64.760002,65.400002,3110900,64.092751
"2017-06-26",65.379997,65.550003,64.980003,65.230003,1736200,63.926155
"2017-06-27",65.050003,65.099998,63.419998,63.450001,3272200,62.181736
"2017-06-28",63.799999,64.07,63.169998,63.360001,2607000,62.093533
"2017-06-29",63.25,63.34,61.66,62.25,3666800,61.005714
"2017-06-30",62.650002,62.91,61.82,61.849998,3556000,60.61372
"2017-07-03",61.98,62.080002,61.299999,61.310001,1967400,60.084515
"2017-07-05",61.310001,61.799999,60.740002,61.509998,3681400,60.280506
"2017-07-06",61.02,61.540001,60.619999,61.080002,2926200,59.859108
"2017-07-07",61.209999,62.009998,61.02,61.759998,4443300,60.525513
"2017-07-10",61.759998,62.290001,61.630001,62.200001,4126300,60.956722
"2017-07-11",61.889999,62.610001,61.82,62.459999,5848800,61.211521
"2017-07-12",62.799999,62.970001,61.84,61.93,2444000,60.692112
"2017-07-13",62.040001,62.380001,61.779999,62.080002,1780200,60.839119
"2017-07-14",61.959999,62.540001,61.75,62.450001,3466500,61.201725
"2017-07-17",62.400002,62.880001,62.18,62.619999,1403100,61.368317
"2017-07-18",62.560001,62.900002,62.330002,62.490002,2219600,61.240925
"2017-07-19",62.439999,62.650002,62.09,62.119999,1810300,60.878315
"2017-07-20",62.110001,62.23,61.509998,62.009998,2172100,60.770515
"2017-07-21",61.880001,62.490002,61.84,62.470001,1871200,61.221317
"2017-07-24",62.5,62.790001,61.990002,62.009998,1923400,60.770515
"2017-07-25",62.32,63.130001,61.720001,63.080002,3711500,61.819134
"2017-07-26",63.900002,64.660004,62.029999,62.52,6574700,61.270325
"2017-07-27",62.830002,62.830002,61.75,62.560001,2882500,61.309525
"2017-07-28",62.23,62.75,62.23,62.459999,1184800,61.211521
"2017-07-31",62.810001,62.869999,62.290001,62.529999,2068100,61.280125
"2017-08-01",62.880001,63.349998,62.439999,62.77,2659200,61.515327
"2017-08-02",62.689999,63.580002,61.279999,61.98,2185900,60.741123
"2017-08-03",62.099998,62.650002,62,62.130001,1957400,60.888115
"2017-08-04",62.310001,63.130001,62.139999,62.98,2891400,61.72113
"2017-08-07",63.34,63.869999,63.02,63.77,3245100,62.495342
"2017-08-08",62.84,63.18,61.740002,62.080002,2852100,60.839119
"2017-08-09",61.759998,61.799999,60.990002,61.369999,2983200,60.143311
"2017-08-10",60.990002,61.41,60.650002,61,2226600,59.780708
"2017-08-11",60.919998,61.560001,60.77,61.299999,1682900,60.074707
"2017-08-14",61.869999,61.939999,61.32,61.75,2410300,60.515717
"2017-08-15",61.970001,62.400002,61.619999,62.209999,2022800,60.966526
"2017-08-16",62.299999,62.759998,62.099998,62.439999,2149400,61.339825
"2017-08-17",62.029999,62.389999,60.68,60.82,2701800,59.748363
"2017-08-18",60.720001,61.529999,60.540001,61.060001,2654300,59.984142
"2017-08-21",61.209999,61.900002,61.099998,61.779999,1689200,60.691452
"2017-08-22",61.880001,63.369999,61.799999,63.32,1820200,62.204319
"2017-08-23",62.889999,63.400002,62.720001,63.119999,1286000,62.007843
"2017-08-24",63.470001,63.720001,62.84,62.91,1445800,61.801548
"2017-08-25",63.16,63.709999,63.009998,63.48,1365000,62.361507
"2017-08-28",63.720001,63.77,62.919998,63.169998,1517800,62.056965
"2017-08-29",62.82,63,62.529999,62.889999,1795400,61.781898
"2017-08-30",62.93,64.800003,62.810001,64.32,2070500,63.186699
"2017-08-31",64.330002,64.760002,64.029999,64.330002,2797900,63.196533
"2017-09-01",64.699997,64.870003,64.279999,64.589996,1273100,63.451939
"2017-09-05",64.419998,64.459999,62.900002,63.599998,2696600,62.479385
"2017-09-06",63.799999,64,63.290001,63.669998,1495600,62.548153
"2017-09-07",63.880001,64.169998,63.529999,63.889999,1518000,62.764275
"2017-09-08",63.889999,65.339996,63.740002,65.139999,2551700,63.992256
"2017-09-11",65.669998,66.300003,65.589996,65.949997,2604400,64.787979
"2017-09-12",65.980003,66.25,65.660004,66.07,1213100,64.905853
"2017-09-13",65.870003,66.860001,65.830002,66.68,1863500,65.505119
"2017-09-14",66.599998,66.720001,65.910004,66.519997,1726800,65.347923
"2017-09-15",66.459999,66.889999,66.07,66.629997,2449200,65.456001
"2017-09-18",66.589996,66.809998,66.330002,66.559998,2207000,65.38723
"2017-09-19",66.559998,67.07,66.209999,66.889999,1977200,65.711411
"2017-09-20",67.019997,67.360001,66.639999,67.040001,1440800,65.858772
"2017-09-21",66.989998,67.519997,66.82,67.339996,1184600,66.153496
"2017-09-22",67.339996,68.370003,67.18,68.190002,2072700,66.98851
"2017-09-25",68.190002,69.349998,67.980003,68.709999,2245600,67.499344
"2017-09-26",69.080002,69.519997,68.800003,69.5,2773200,68.275421
"2017-09-27",69.690002,69.739998,68.690002,69.110001,1930400,67.892303
"2017-09-28",69.029999,69.550003,68.970001,69.360001,1485200,68.137909
"2017-09-29",68.949997,69.449997,68.440002,69.449997,7072200,68.226295
"2017-10-02",69.25,69.690002,69.160004,69.43,2902500,68.206665
"2017-10-03",69.489998,69.510002,68.720001,68.860001,2494000,67.646721
"2017-10-04",68.870003,69.029999,68.599998,68.910004,1905900,67.695831
"2017-10-05",68.940002,69.610001,68.800003,69.370003,2302300,68.14772
"2017-10-06",69.360001,69.699997,69.199997,69.480003,1987600,68.255775
"2017-10-09",69.5,69.970001,69.459999,69.660004,1358300,68.432625
"2017-10-10",69.800003,69.970001,69.510002,69.919998,1799700,68.688026
"2017-10-11",70,70.349998,69.830002,70.220001,3004100,68.982735
"2017-10-12",70.150002,70.5,69.839996,70.379997,2080900,69.139915
"2017-10-13",70.580002,71.379997,70.400002,71.160004,2326200,69.906181
"2017-10-16",71.089996,71.260002,70.620003,71.129997,1904000,69.876701
"2017-10-17",71.040001,71.220001,70.720001,71.220001,1549200,69.965118
"2017-10-18",71.540001,71.540001,70.879997,71.059998,2171600,69.807938
"2017-10-19",70.949997,71.120003,70.330002,71.099998,2170400,69.847237
"2017-10-20",71.370003,71.410004,70.519997,71.040001,1726400,69.788284
"2017-10-23",71.269997,71.269997,70.389999,70.419998,1402300,69.179222
"2017-10-24",70.790001,71.160004,70.529999,71.139999,3208200,69.886543
"2017-10-25",71.160004,71.410004,70.809998,71.32,2611800,70.063362
"2017-10-26",72.099998,72.93,70.900002,72.480003,3318400,71.202942
"2017-10-27",71.800003,72.809998,71.589996,71.910004,2916400,70.642967
"2017-10-30",71.760002,72.82,71.699997,72.650002,2571500,71.369926
"2017-10-31",72.650002,72.849998,72.25,72.279999,2688300,71.006439
"2017-11-01",72.93,73.080002,72.370003,72.440002,1871000,71.16362
"2017-11-02",72.970001,73.309998,71.889999,72.440002,1924600,71.16362
"2017-11-03",72.379997,73.169998,72.330002,73.160004,1653400,71.870949
"2017-11-06",72.589996,73.449997,72.589996,73.389999,1352500,72.096901
"2017-11-07",73.400002,73.760002,72.550003,72.610001,1809000,71.330635
"2017-11-08",72.669998,73.449997,72.360001,72.900002,1473500,71.615532
"2017-11-09",72.400002,72.760002,71.699997,72.050003,2326400,70.780502
"2017-11-10",72.220001,72.830002,71.629997,72.690002,2117700,71.409218
"2017-11-13",72.449997,72.720001,72.25,72.620003,1819800,71.340454
"2017-11-14",71.93,72.970001,71.870003,72.910004,1810500,71.625351
"2017-11-15",72.529999,73.68,72.190002,73.379997,2939000,72.087067
"2017-11-16",73.75,74.309998,73.279999,74.019997,1829100,72.864723
"2017-11-17",74.050003,74.440002,73.959999,74.110001,2443900,72.953339
"2017-11-20",74.169998,74.629997,74.050003,74.309998,1152800,73.150215
"2017-11-21",74.760002,76.220001,74.75,75.639999,2922700,74.459442
"2017-11-22",75.709999,76.129997,75.190002,75.68,1404200,74.498833
"2017-11-24",75.779999,75.900002,75.470001,75.760002,470400,74.577583
"2017-11-27",75.760002,76.160004,75.669998,76,1407000,74.813843
"2017-11-28",76.050003,76.529999,75.75,76.129997,1887600,74.941788
"2017-11-29",76.129997,76.900002,76.029999,76.559998,1874500,75.365082
"2017-11-30",76.57,77.790001,76.129997,77.559998,2553700,76.349487
"2017-12-01",77.269997,77.919998,76.25,77.25,2164600,76.044319
"2017-12-04",78.029999,78.620003,77.519997,77.660004,2348600,76.447929
"2017-12-05",77.699997,78.309998,77.610001,77.629997,1493500,76.418396
"2017-12-06",77.75,77.860001,76.629997,76.75,1435000,75.552124
"2017-12-07",76.830002,77.389999,76.599998,77.279999,2254400,76.073853
"2017-12-08",77.610001,78.400002,77.5,78.379997,2142500,77.15667
"2017-12-11",78.160004,78.300003,77.25,77.470001,1589800,76.260887
"2017-12-12",77.57,77.580002,76.93,77,2246600,75.798225
"2017-12-13",77.220001,77.620003,76.739998,76.75,2245600,75.552124
"2017-12-14",77.089996,77.089996,76.010002,76.019997,1739500,74.833519
"2017-12-15",76.440002,77.370003,76.279999,77.089996,3694500,75.88681
"2017-12-18",77.489998,78.57,77.379997,78.089996,2275100,76.871201
"2017-12-19",78.389999,78.459999,77.629997,77.809998,1449000,76.595589
"2017-12-20",77.919998,78.629997,77.559998,78.349998,1327500,77.127151
"2017-12-21",78.489998,79.949997,78.489998,79.370003,2047100,78.131233
"2017-12-22",79.379997,79.699997,79.25,79.349998,1415700,78.111542
"2017-12-26",79.400002,79.959999,79.260002,79.370003,909600,78.131233
"2017-12-27",79.459999,80.379997,79.32,80.150002,939200,78.899063
"2017-12-28",80.18,80.540001,80,80.449997,828900,79.194382
"2017-12-29",80.790001,80.940002,79.839996,79.860001,1539700,78.613586
