"dates","INFO.Open","INFO.High","INFO.Low","INFO.Close","INFO.Volume","INFO.Adjusted"
"2014-06-19",26.15,27.4,26.059999,26.700001,32013900,26.401814
"2014-06-20",26.700001,27.450001,26.700001,26.950001,3840000,26.649023
"2014-06-23",27.25,27.25,26.52,26.74,1526300,26.441368
"2014-06-24",26.57,27.08,26.450001,26.76,1102900,26.461142
"2014-06-25",26.57,27.09,26.51,26.9,921100,26.599577
"2014-06-26",26.790001,27.24,26.77,26.940001,1034900,26.639133
"2014-06-27",26.98,27.23,26.700001,26.98,1097700,26.678684
"2014-06-30",27.18,27.18,26.67,26.98,694500,26.678684
"2014-07-01",27.200001,27.200001,26.709999,26.74,999600,26.441368
"2014-07-02",26.620001,27.09,26.620001,26.77,1401700,26.471031
"2014-07-03",26.66,27.1,26.66,26.950001,467900,26.649023
"2014-07-07",26.959999,27,26.66,26.940001,264600,26.639133
"2014-07-08",26.940001,26.950001,26.625999,26.860001,445300,26.560026
"2014-07-09",26.82,26.959999,26.73,26.879999,224400,26.579803
"2014-07-10",26.5,26.870001,26.139999,26.66,470200,26.362261
"2014-07-11",26.66,26.940001,26.549999,26.68,484500,26.382036
"2014-07-14",26.5,26.700001,25.5,26.08,2140600,25.78874
"2014-07-15",25.969999,26.120001,25.75,26,530900,25.709633
"2014-07-16",26.07,26.9,26,26.049999,276400,25.759073
"2014-07-17",26,26.209999,25.950001,26.040001,276900,25.749187
"2014-07-18",25.799999,26.08,25.799999,26.049999,402900,25.759073
"2014-07-21",25.790001,26.049999,25.440001,25.799999,1044900,25.511864
"2014-07-22",26.02,26.02,25.290001,25.6,1213800,25.314098
"2014-07-23",25.6,25.940001,25.134001,25.77,1004100,25.482201
"2014-07-24",25.51,25.83,25.292,25.68,579700,25.393206
"2014-07-25",25.49,26.1,25.209999,26.049999,706800,25.759073
"2014-07-28",25.92,26.25,25.530001,26.129999,306100,25.838181
"2014-07-29",26.25,26.299999,25.950001,25.959999,237300,25.670078
"2014-07-30",26.200001,26.200001,25.51,25.99,220700,25.699745
"2014-07-31",25.66,25.98,25.18,25.309999,367600,25.027336
"2014-08-01",25.059999,25.434999,24.83,25,400700,24.720798
"2014-08-04",25.049999,25.540001,24.93,25.459999,192200,25.175661
"2014-08-05",25.379999,25.559999,24.959999,25.1,208500,24.819683
"2014-08-06",25,25.487,24.73,25.209999,128700,24.928452
"2014-08-07",25.41,25.540001,25.059999,25.4,109500,25.116333
"2014-08-08",24.059999,25.65,24.059999,25.51,187300,25.225103
"2014-08-11",24.059999,25.870001,24.059999,25.83,152300,25.541531
"2014-08-12",25.950001,26.370001,25.68,26.17,550300,25.877733
"2014-08-13",26.219999,26.35,25.280001,25.42,975300,25.13611
"2014-08-14",25.610001,25.91,25.41,25.57,312600,25.284433
"2014-08-15",25.43,25.559999,25.25,25.450001,540400,25.165773
"2014-08-18",25.379999,25.815001,25.059999,25.43,639600,25.145998
"2014-08-19",25.43,25.9,25.110001,25.76,543900,25.472313
"2014-08-20",25.5,26.58,25.5,25.950001,866100,25.660191
"2014-08-21",25.73,26.09,25.33,25.530001,279000,25.244881
"2014-08-22",25.440001,25.893,25.290001,25.389999,452500,25.106443
"2014-08-25",25.34,25.559999,25.1,25.209999,502100,24.928452
"2014-08-26",25.059999,25.77,24.85,25.33,883600,25.047115
"2014-08-27",25.27,25.700001,25.059999,25.219999,468900,24.938341
"2014-08-28",24.07,25.35,24.07,25.01,358200,24.73069
"2014-08-29",25.01,25.25,24.51,25.01,501700,24.73069
"2014-09-02",25.040001,25.51,24.99,25.01,214700,24.73069
"2014-09-03",25.08,25.450001,24.83,25.389999,199900,25.106443
"2014-09-04",25.4,25.4,24.799999,24.889999,288600,24.612026
"2014-09-05",24.83,25.110001,24.76,24.879999,656800,24.602139
"2014-09-08",24.77,24.903,24.570999,24.68,243000,24.404373
"2014-09-09",24.700001,24.700001,23.99,24.4,603100,24.127501
"2014-09-10",24.52,24.700001,24.129999,24.49,929100,24.216494
"2014-09-11",24.52,24.809999,24.34,24.799999,202500,24.523031
"2014-09-12",24.860001,24.860001,24.35,24.469999,304600,24.196716
"2014-09-15",24.42,24.610001,24.25,24.48,128600,24.206606
"2014-09-16",24.35,24.67,24.299999,24.4,89800,24.127501
"2014-09-17",24.379999,24.584999,24.129999,24.219999,114600,23.949511
"2014-09-18",24.25,24.49,24.040001,24.25,355200,23.979174
"2014-09-19",24.41,24.41,24.059999,24.18,252700,23.909956
"2014-09-22",23.889999,24.184999,23.84,24.030001,254100,23.761631
"2014-09-23",23.870001,24.17,23.700001,23.719999,339200,23.455093
"2014-09-24",23.75,23.985001,23.719999,23.83,213600,23.563868
"2014-09-25",24,24.059999,23.4,23.6,199900,23.336435
"2014-09-26",23.66,23.799999,23.559999,23.709999,153700,23.445204
"2014-09-29",23.559999,23.73,23.459999,23.66,306000,23.395765
"2014-09-30",23.66,23.66,23.08,23.35,408600,23.089228
"2014-10-01",23.32,23.48,23.01,23.299999,335200,23.039783
"2014-10-02",23.34,23.34,22.780001,22.93,347000,22.673916
"2014-10-03",23.129999,23.35,22.879999,23.26,379300,23.000233
"2014-10-06",23.26,23.469999,22.120001,22.440001,582300,22.18939
"2014-10-07",22.299999,22.370001,20.99,21.040001,1049300,20.805027
"2014-10-08",21.129999,22.65,21.049999,22.610001,1348500,22.357492
"2014-10-09",22.66,22.66,21.84,22.209999,408900,21.961958
"2014-10-10",22.200001,22.540001,21.472,21.959999,495000,21.714748
"2014-10-13",22.4,23.4,22.09,22.65,667100,22.397043
"2014-10-14",22.83,23.75,22.620001,22.959999,978500,22.703583
"2014-10-15",22.82,23.280001,22.5,22.959999,632800,22.703583
"2014-10-16",22.58,23.42,22.58,22.959999,303000,22.703583
"2014-10-17",23.07,23.155001,22.889999,22.99,323300,22.733246
"2014-10-20",22.860001,23.040001,22.51,22.969999,154200,22.713469
"2014-10-21",23,23.27,22.790001,23.040001,455300,22.78269
"2014-10-22",23.15,23.6,22.870001,23.209999,255400,22.950788
"2014-10-23",23.43,24.120001,22.940001,23.74,401500,23.474873
"2014-10-24",23.84,24.01,23.34,23.719999,249100,23.455093
"2014-10-27",23.559999,23.6,22.68,22.690001,416800,22.436598
"2014-10-28",22.719999,23.469999,22.5,23.440001,381000,23.178223
"2014-10-29",23.540001,24.290001,23.01,24.040001,294200,23.771519
"2014-10-30",24,24.51,23.700001,24.41,219700,24.137386
"2014-10-31",24.75,25.969999,24.5,25.540001,374400,25.254768
"2014-11-03",25.540001,25.540001,24.4,24.610001,508300,24.335155
"2014-11-04",24.43,24.450001,23.766001,24,124900,23.731966
"2014-11-05",24.030001,24.959999,24.030001,24.76,345900,24.483479
"2014-11-06",24.66,25.08,23.665001,24.23,357800,23.959396
"2014-11-07",24.129999,24.41,23.639999,23.799999,337500,23.534201
"2014-11-10",24.280001,25.049999,23.639999,23.74,209000,23.474873
"2014-11-11",23.950001,24.379999,23.57,24.08,391800,23.811075
"2014-11-12",24.32,25.389999,23.969999,25.110001,467500,24.829571
"2014-11-13",25,25.5,24.67,24.959999,383500,24.681246
"2014-11-14",25.040001,25.43,24.4,24.92,459200,24.641693
"2014-11-17",25,25.23,24.5,24.82,429600,24.54281
"2014-11-18",24.85,25.799999,24.846001,25.34,422500,25.057005
"2014-11-19",25.200001,25.75,24.959999,25.5,420200,25.215214
"2014-11-20",25.51,25.950001,25.299999,25.870001,679900,25.581083
"2014-11-21",26,26,25.65,25.74,395000,25.452536
"2014-11-24",25.610001,25.639999,25.09,25.51,800500,25.225103
"2014-11-25",25.6,25.6,25.195999,25.4,463000,25.116333
"2014-11-26",25.370001,25.73,25.33,25.6,206000,25.314098
"2014-11-28",25.620001,25.620001,25.379999,25.43,233300,25.145998
"2014-12-01",25.450001,25.6,25,25.08,429600,24.799906
"2014-12-02",25.209999,25.468,25.040001,25.200001,298900,24.918568
"2014-12-03",25.32,25.440001,24.950001,25.1,389200,24.819683
"2014-12-04",25.16,25.23,24.280001,24.91,495900,24.631804
"2014-12-05",24.75,25.629999,24.52,25.309999,664600,25.027336
"2014-12-08",25.459999,25.950001,25.02,25.860001,451600,25.571196
"2014-12-09",25.41,26.950001,25.41,26.5,937200,26.204046
"2014-12-10",26.42,26.549999,26.02,26.120001,745700,25.828293
"2014-12-11",26.379999,26.58,26,26.32,257600,26.026056
"2014-12-12",26.299999,26.66,25.51,25.58,889500,25.294319
"2014-12-15",25.799999,26.379999,25.299999,25.450001,387400,25.165773
"2014-12-16",25.27,25.32,24.700001,24.959999,1905700,24.681246
"2014-12-17",24.889999,25.24,24.75,24.969999,219200,24.691132
"2014-12-18",25.040001,25.389999,25,25.32,537200,25.037226
"2014-12-19",25.299999,25.889999,24.99,25.040001,435300,24.760355
"2014-12-22",25.15,26,25.049999,25.969999,493000,25.679966
"2014-12-23",26,26.799999,25.950001,26.690001,394600,26.391926
"2014-12-24",26.719999,26.799999,26.459999,26.549999,43800,26.253487
"2014-12-26",26.27,26.75,26.209999,26.49,101100,26.194157
"2014-12-29",26.559999,26.74,26.26,26.49,84000,26.194157
"2014-12-30",26.469999,26.719999,26.26,26.540001,85200,26.243599
"2014-12-31",26.700001,26.700001,26.35,26.43,126900,26.134829
"2015-01-02",26.620001,26.799999,26.33,26.6,823300,26.302933
"2015-01-05",26.33,26.58,25.77,25.959999,340000,25.670078
"2015-01-06",25.879999,25.879999,24.93,25.610001,533200,25.323988
"2015-01-07",25.799999,26.66,25.475,26.48,457100,26.184269
"2015-01-08",26.530001,27.200001,26.23,26.950001,434100,26.649023
"2015-01-09",26.85,27,26.58,26.83,230500,26.530361
"2015-01-12",26.73,26.940001,26.370001,26.43,233100,26.134829
"2015-01-13",26.09,26.91,26.09,26.82,320800,26.520473
"2015-01-14",26.370001,27.059999,26.059999,26.35,522700,26.055723
"2015-01-15",26.309999,26.92,25.389999,25.450001,371700,25.165773
"2015-01-16",25.51,26.25,25.51,25.99,257000,25.699745
"2015-01-20",25.91,26.309999,25.530001,25.66,436400,25.37343
"2015-01-21",25.620001,25.940001,25.4,25.66,149300,25.37343
"2015-01-22",25.74,25.879999,25.370001,25.559999,389300,25.274546
"2015-01-23",25.559999,26.1,25.51,25.870001,184100,25.581083
"2015-01-26",25.790001,25.92,25.48,25.83,145200,25.541531
"2015-01-27",25.610001,26.461,25.610001,26.41,471300,26.115051
"2015-01-28",26.620001,27.08,26.27,26.73,530600,26.431479
"2015-01-29",26.75,26.75,25.290001,26.299999,310800,26.006281
"2015-01-30",26.049999,26.559999,25.955,26.25,170600,25.956837
"2015-02-02",26.18,26.74,25.85,26.370001,313100,26.0755
"2015-02-03",26.58,26.655001,26.33,26.41,159400,26.115051
"2015-02-04",26.209999,26.5,25.959999,26.440001,321900,26.144718
"2015-02-05",26.440001,26.530001,26.1,26.48,117000,26.184269
"2015-02-06",26.389999,26.5,26.344999,26.43,151200,26.134829
"2015-02-09",26.41,26.780001,26.325001,26.540001,228400,26.243599
"2015-02-10",26.52,26.889999,26.32,26.74,330800,26.441368
"2015-02-11",26.65,27,26.17,26.959999,245100,26.658911
"2015-02-12",26.42,27.389999,26.42,26.809999,1588400,26.510584
"2015-02-13",26.200001,26.5,25.67,26.139999,1231000,25.848068
"2015-02-17",25.73,26.200001,25.690001,26.030001,671900,25.739298
"2015-02-18",26,26.299999,25.940001,26.1,616800,25.808514
"2015-02-19",26.16,26.43,25.969999,26.200001,1044600,25.907398
"2015-02-20",26.280001,26.5,26,26.35,269600,26.055723
"2015-02-23",26.360001,26.450001,26.030001,26.370001,197500,26.0755
"2015-02-24",26.290001,26.59,26.290001,26.5,484200,26.204046
"2015-02-25",26.370001,26.68,26.164,26.52,740900,26.223824
"2015-02-26",26.5,26.59,26.440001,26.549999,521800,26.253487
"2015-02-27",26.5,26.74,26.34,26.65,291100,26.352373
"2015-03-02",26.700001,27.200001,26.59,27.139999,1180700,26.836899
"2015-03-03",27,27.065001,26.51,26.799999,315000,26.500694
"2015-03-04",26.790001,26.790001,26.280001,26.35,594200,26.055723
"2015-03-05",26.24,26.559999,26.120001,26.309999,193400,26.016169
"2015-03-06",26.24,26.26,25.705,25.879999,466300,25.590971
"2015-03-09",25.959999,26.190001,25.709999,26.02,283500,25.729408
"2015-03-10",25.950001,25.950001,25.68,25.790001,479000,25.50198
"2015-03-11",25.92,25.98,25.26,25.620001,580700,25.333876
"2015-03-12",25.709999,26.129999,25.629999,26.049999,306700,25.759073
"2015-03-13",26.120001,26.17,25.49,25.9,314700,25.610748
"2015-03-16",25.91,26.440001,25.629999,26.389999,236700,26.095274
"2015-03-17",26.25,26.52,26.1,26.42,252800,26.124939
"2015-03-18",26.34,26.809999,26.233,26.799999,196300,26.500694
"2015-03-19",26.780001,27.190001,26.645,27.030001,609600,26.728128
"2015-03-20",27.18,27.25,26.9,27.25,281300,26.945673
"2015-03-23",27.25,27.5,27.15,27.34,451100,27.034668
"2015-03-24",27.379999,27.440001,26.940001,27.02,171100,26.718241
"2015-03-25",27.129999,27.129999,26.68,26.85,274400,26.550137
"2015-03-26",26.790001,27.110001,26.629999,26.93,162500,26.629246
"2015-03-27",26.879999,26.9,26.549999,26.74,306600,26.441368
"2015-03-30",26.91,27.24,26.870001,27.09,211000,26.787458
"2015-03-31",26.91,27.16,26.51,26.9,455500,26.599577
"2015-04-01",26.9,27.389999,26.51,27.18,1244400,26.876453
"2015-04-02",27.25,27.629999,27.18,27.23,609900,26.925894
"2015-04-06",27.02,27.540001,26.870001,27.200001,438000,26.896229
"2015-04-07",27.200001,27.42,26.959999,27.15,212700,26.846786
"2015-04-08",27.219999,27.389999,27,27.129999,251800,26.827009
"2015-04-09",27.040001,27.15,26.91,27.049999,107300,26.747904
"2015-04-10",27.120001,27.25,26.92,26.959999,356200,26.658911
"2015-04-13",27.059999,27.290001,27,27.110001,251500,26.807236
"2015-04-14",27.030001,27.15,26.559999,26.790001,271300,26.49081
"2015-04-15",26.85,26.99,26.549999,26.639999,181100,26.342484
"2015-04-16",26.65,26.709999,26.27,26.48,388200,26.184269
"2015-04-17",26.299999,26.4,25.940001,26.030001,337900,25.739298
"2015-04-20",26.129999,26.4,25.83,25.9,602900,25.610748
"2015-04-21",26.049999,26.120001,25.73,25.780001,365000,25.49209
"2015-04-22",25.83,26.190001,25.719999,25.82,131500,25.531641
"2015-04-23",25.889999,26.120001,25.84,25.99,305900,25.699745
"2015-04-24",26.08,26.32,25.870001,25.940001,407500,25.650301
"2015-04-27",26.049999,26.25,25.732,25.799999,354200,25.511864
"2015-04-28",25.889999,25.889999,25.5,25.76,181100,25.472313
"2015-04-29",25.690001,25.92,25.6,25.860001,163000,25.571196
"2015-04-30",25.73,25.889999,25.41,25.65,392500,25.363541
"2015-05-01",25.790001,26.375,25.700001,26.360001,165400,26.065611
"2015-05-04",26.43,26.43,25.940001,26.190001,372900,25.897509
"2015-05-05",26.07,26.309999,25.709999,25.91,752700,25.620636
"2015-05-06",25.9,26.115,25.532,25.719999,386600,25.432756
"2015-05-07",25.75,25.85,25.41,25.620001,291800,25.333876
"2015-05-08",25.83,25.92,25.5,25.719999,364300,25.432756
"2015-05-11",25.719999,26.18,25.709999,25.93,296100,25.640413
"2015-05-12",25.82,26.08,25.629999,26.049999,543300,25.759073
"2015-05-13",25.5,26.15,24.959999,26.059999,1600300,25.768961
"2015-05-14",26.27,26.370001,25.73,26.360001,1055300,26.065611
"2015-05-15",26.27,26.549999,25.98,26.33,611800,26.035944
"2015-05-18",26.18,26.450001,25.83,26.16,348400,25.867846
"2015-05-19",26.129999,26.41,26.01,26.34,436600,26.045834
"2015-05-20",26.219999,26.450001,25.969999,26.27,568800,25.976616
"2015-05-21",26.190001,26.450001,26.07,26.18,545200,25.887623
"2015-05-22",26.08,26.4,26.059999,26.35,550600,26.055723
"2015-05-26",26.27,26.280001,25.709999,26.129999,574000,25.838181
"2015-05-27",26.08,26.5,25.879999,26.389999,697400,26.095274
"2015-05-28",26.219999,26.6,26.01,26.59,621800,26.293041
"2015-05-29",26.6,26.85,26.43,26.809999,605800,26.510584
"2015-06-01",26.719999,26.950001,26.5,26.75,1072700,26.451254
"2015-06-02",26.889999,27.1,26.6,26.809999,1052600,26.510584
"2015-06-03",26.74,26.9,26.59,26.799999,310200,26.500694
"2015-06-04",26.4,26.77,25.875,26.25,1732000,25.956837
"2015-06-05",26.530001,26.75,26.25,26.51,5966100,26.213936
"2015-06-08",26.360001,26.85,26.360001,26.629999,1132800,26.332594
"2015-06-09",26.5,26.83,26.219999,26.51,1722300,26.213936
"2015-06-10",26.51,26.780001,26.41,26.629999,714100,26.332594
"2015-06-11",26.5,26.799999,26.41,26.76,466400,26.461142
"2015-06-12",26.77,26.91,26.700001,26.879999,285700,26.579803
"2015-06-15",26.84,26.860001,26.530001,26.790001,305100,26.49081
"2015-06-16",26.65,26.950001,26.5,26.809999,303900,26.510584
"2015-06-17",26.950001,26.950001,26.530001,26.57,248700,26.273264
"2015-06-18",26.5,26.690001,26.34,26.67,387600,26.372149
"2015-06-19",26.700001,26.74,26.4,26.48,328400,26.184269
"2015-06-22",26.67,26.73,26.486,26.690001,258600,26.391926
"2015-06-23",26.610001,26.754999,26.58,26.719999,158300,26.421589
"2015-06-24",26.75,26.780001,26.565001,26.700001,427200,26.401814
"2015-06-25",26.610001,26.799999,26.5,26.639999,404200,26.342484
"2015-06-26",26.75,26.799999,26.35,26.35,321600,26.055723
"2015-06-29",26.200001,26.455,25.6,25.629999,422800,25.343761
"2015-06-30",25.84,25.91,25.360001,25.57,551600,25.284433
"2015-07-01",25.879999,26.549999,25.615999,26.389999,678700,26.095274
"2015-07-02",26.379999,26.58,26.26,26.51,274200,26.213936
"2015-07-06",26.57,26.58,26.280001,26.34,286400,26.045834
"2015-07-07",26.299999,26.34,25.940001,26.309999,400300,26.016169
"2015-07-08",26.48,26.610001,26.129999,26.309999,282100,26.016169
"2015-07-09",26.24,26.49,26.209999,26.290001,193100,25.996393
"2015-07-10",26.43,26.469999,26.15,26.26,293900,25.966726
"2015-07-13",26,26.41,25.780001,26.290001,367900,25.996393
"2015-07-14",26.309999,26.459999,26.254999,26.440001,632200,26.144718
"2015-07-15",26.389999,26.620001,26.27,26.27,172900,25.976616
"2015-07-16",26.23,26.49,26.23,26.440001,201900,26.144718
"2015-07-17",26.4,26.790001,26.4,26.559999,689900,26.263374
"2015-07-20",26.629999,26.629999,26.219999,26.459999,260700,26.164492
"2015-07-21",26.34,26.5,26.09,26.27,158100,25.976616
"2015-07-22",26.129999,26.440001,26.129999,26.42,144600,26.124939
"2015-07-23",26.4,26.639999,26.309999,26.549999,305400,26.253487
"2015-07-24",26.530001,26.77,26.309999,26.700001,381000,26.401814
"2015-07-27",26.48,26.57,26.059999,26.17,489000,25.877733
"2015-07-28",26.24,26.41,26.059999,26.290001,247200,25.996393
"2015-07-29",26.379999,26.65,26.290001,26.530001,304200,26.233711
"2015-07-30",26.389999,27.190001,26.120001,26.52,458500,26.223824
"2015-07-31",26.610001,26.799999,26.370001,26.620001,417100,26.322706
"2015-08-03",26.540001,26.82,26.440001,26.530001,287900,26.233711
"2015-08-04",26.620001,26.719999,26.26,26.27,297000,25.976616
"2015-08-05",26.5,26.85,26.23,26.58,437800,26.283152
"2015-08-06",26.549999,26.77,26.48,26.629999,205300,26.332594
"2015-08-07",26.690001,26.75,26.52,26.73,452100,26.431479
"2015-08-10",26.75,27.700001,26.65,27.610001,852600,27.301653
"2015-08-11",27.4,27.42,27,27.049999,317500,26.747904
"2015-08-12",27.5,28.610001,26.879999,28.360001,706800,28.043276
"2015-08-13",29.809999,29.98,28.379999,29.43,1890800,29.101324
"2015-08-14",28.290001,29.530001,28.120001,29.530001,1473800,29.200211
"2015-08-17",29.030001,29.35,28.790001,29.299999,594500,28.972776
"2015-08-18",28.75,29.4,28.75,29.299999,702500,28.972776
"2015-08-19",29.32,29.66,29.07,29.530001,719300,29.200211
"2015-08-20",29.5,29.5,28.959999,29.190001,577800,28.864004
"2015-08-21",29.07,29.219999,28.75,28.85,660900,28.527802
"2015-08-24",28.01,28.495001,26.629999,27.91,680100,27.598303
"2015-08-25",28.15,28.6,27.860001,27.975,568200,27.662573
"2015-08-26",28.540001,28.540001,27.82,28.389999,286600,28.072939
"2015-08-27",28.48,28.809999,28.049999,28.290001,419400,27.974058
"2015-08-28",28.18,28.790001,27.889999,28.48,319500,28.161934
"2015-08-31",28.370001,28.700001,28.299999,28.58,207800,28.260817
"2015-09-01",28.34,28.74,27.99,28.299999,822800,27.983946
"2015-09-02",28.58,28.790001,28.25,28.76,381000,28.438805
"2015-09-03",28.82,29.280001,28.75,29.02,651600,28.695904
"2015-09-04",28.75,28.93,28.67,28.790001,419400,28.468473
"2015-09-08",29,29.33,28.75,28.82,626200,28.498135
"2015-09-09",28.85,29.08,28.57,28.610001,494600,28.290483
"2015-09-10",28.48,28.75,28.379999,28.43,869900,28.112494
"2015-09-11",28.459999,28.879999,28.459999,28.75,378300,28.428917
"2015-09-14",28.690001,28.969999,28.459999,28.85,248600,28.527802
"2015-09-15",28.99,29.43,28.660999,29.41,650300,29.081545
"2015-09-16",29.4,29.6,29.219999,29.26,476000,28.933224
"2015-09-17",29.27,29.75,29.200001,29.370001,496100,29.041994
"2015-09-18",29.18,29.540001,29.17,29.42,603600,29.091434
"2015-09-21",29.41,29.65,29.190001,29.25,366800,28.923336
"2015-09-22",29.120001,29.325001,29.030001,29.24,326400,28.913446
"2015-09-23",29.35,29.51,29.16,29.389999,179200,29.061771
"2015-09-24",29.27,29.27,28.940001,28.99,243900,28.666237
"2015-09-25",29.059999,29.26,28.84,28.9,448000,28.577242
"2015-09-28",28.940001,28.969999,28.17,28.5,470600,28.181711
"2015-09-29",28.43,28.620001,28.049999,28.440001,333300,28.122383
"2015-09-30",28.65,29,28.5,29,296200,28.676126
"2015-10-01",29.08,29.309999,28.75,29.139999,506500,28.814562
"2015-10-02",28.42,29.58,28.42,29.549999,450300,29.219984
"2015-10-05",29.75,29.969999,29.75,29.9,263900,29.566076
"2015-10-06",29.790001,29.895,29.4,29.67,206400,29.338644
"2015-10-07",29.76,29.849001,29.41,29.530001,175500,29.200211
"2015-10-08",29.469999,29.74,29.32,29.68,192000,29.348534
"2015-10-09",29.77,30.25,29.549999,30,476800,29.664959
"2015-10-12",30.110001,30.48,29.900999,30.24,278200,29.902279
"2015-10-13",30.07,30.280001,29.610001,29.73,143400,29.397974
"2015-10-14",29.719999,30.209999,29.605,29.790001,152100,29.457306
"2015-10-15",29.83,30.76,29.709999,30.639999,472900,30.297812
"2015-10-16",30.719999,30.85,30.389999,30.540001,494400,30.198929
"2015-10-19",30.52,30.870001,30.379999,30.719999,174000,30.376917
"2015-10-20",30.639999,30.860001,30.299999,30.42,243100,30.080271
"2015-10-21",30.4,30.49,30.23,30.290001,509400,29.951723
"2015-10-22",30.25,30.66,30.25,30.5,569700,30.159376
"2015-10-23",30.690001,30.76,30.4,30.450001,359400,30.109934
"2015-10-26",30.5,30.58,29.93,30.33,767300,29.991274
"2015-10-27",30.18,30.49,30.120001,30.25,142500,29.912167
"2015-10-28",30.379999,30.65,30.24,30.629999,455400,30.287922
"2015-10-29",30.440001,30.719999,30.139999,30.530001,248800,30.189041
"2015-10-30",30.68,30.68,30.299999,30.5,184200,30.159376
"2015-11-02",30.690001,30.860001,30.48,30.49,799100,30.149487
"2015-11-03",30.57,30.799999,30.51,30.58,523500,30.238482
"2015-11-04",30.58,30.700001,30.4,30.459999,204400,30.119822
"2015-11-05",30.42,30.5,29.809999,29.9,468400,29.566076
"2015-11-06",29.5,29.75,29.01,29.440001,1239500,29.111214
"2015-11-09",29.5,30.190001,29.450001,30.02,832600,29.684734
"2015-11-10",30.58,30.58,29.190001,29.700001,960100,29.368311
"2015-11-11",29.91,29.969999,29.540001,29.549999,378300,29.219984
"2015-11-12",29.07,29.24,28.790001,28.959999,464800,28.636574
"2015-11-13",28.639999,28.799999,28.18,28.68,825400,28.359699
"2015-11-16",28.690001,28.99,28.389999,28.93,572500,28.606909
"2015-11-17",28.68,29.16,28.139999,29.139999,467100,28.814562
"2015-11-18",29,29.23,28.73,29.07,245800,28.745344
"2015-11-19",29,29.4,29,29.32,308300,28.992552
"2015-11-20",29.35,29.530001,29.049999,29.32,271700,28.992552
"2015-11-23",29.35,29.35,29.110001,29.24,206800,28.913446
"2015-11-24",29.07,29.110001,28.59,28.98,369600,28.656349
"2015-11-25",29.049999,29.459999,28.98,29.27,1170000,28.943111
"2015-11-27",29.110001,29.48,28.92,29.110001,401200,28.784899
"2015-11-30",29.110001,29.59,29.110001,29.5,1008500,29.170544
"2015-12-01",29.309999,29.98,29.290001,29.9,718200,29.566076
"2015-12-02",29.67,29.85,29.129999,29.33,485900,29.002441
"2015-12-03",29.459999,29.5,28.83,28.950001,293900,28.626686
"2015-12-04",28.379999,29.6,28.379999,29.57,532200,29.239761
"2015-12-07",29.389999,29.74,29.348,29.440001,435500,29.111214
"2015-12-08",29.59,29.75,29.200001,29.549999,532800,29.219984
"2015-12-09",29.360001,29.58,29,29.24,704200,28.913446
"2015-12-10",29.209999,29.299999,28.700001,28.889999,407000,28.567356
"2015-12-11",28.620001,29.030001,28.559999,28.9,430800,28.577242
"2015-12-14",29.030001,29.139999,28.610001,28.84,532500,28.517914
"2015-12-15",29.07,29.370001,28.825001,28.889999,608900,28.567356
"2015-12-16",29.059999,29.295,28.879999,29.209999,337900,28.883781
"2015-12-17",29.370001,29.625,29.200001,29.48,578500,29.150768
"2015-12-18",29.459999,29.605,28.98,29.08,905800,28.755234
"2015-12-21",29.16,29.299999,28.84,29.18,449400,28.854118
"2015-12-22",29.34,29.34,29.08,29.139999,351000,28.814562
"2015-12-23",29.129999,29.620001,29.129999,29.540001,471600,29.210098
"2015-12-24",29.5,29.870001,29.309999,29.85,253700,29.516636
"2015-12-28",29.809999,29.91,29.6,29.879999,503700,29.546297
"2015-12-29",29.959999,30.219999,29.85,30.120001,549600,29.783621
"2015-12-30",30.15,30.5,30.139999,30.35,565100,30.011051
"2015-12-31",30.309999,30.475,30.129999,30.17,279400,29.833061
"2016-01-04",29.9,30.299999,29.120001,29.540001,857700,29.210098
"2016-01-05",29.450001,29.9,29.43,29.75,480700,29.417749
"2016-01-06",29.66,29.66,29.1,29.33,778100,29.002441
"2016-01-07",29,29.24,28.700001,28.9,653100,28.577242
"2016-01-08",29.07,29.129999,28.040001,28.51,1871600,28.191603
"2016-01-11",28.51,28.790001,27.76,28.209999,639100,27.894951
"2016-01-12",28.51,28.84,28.110001,28.41,641400,28.092716
"2016-01-13",28.48,28.591,27.75,27.91,314900,27.598303
"2016-01-14",27.84,28.08,27.719999,27.93,471100,27.618078
"2016-01-15",27.58,27.870001,27.273001,27.4,538200,27.093996
"2016-01-19",27.67,27.75,27.030001,27.08,6e+05,26.777569
"2016-01-20",26.809999,27.110001,26.011,26.719999,465700,26.421589
"2016-01-21",26.540001,27.41,26.540001,27.040001,526800,26.738018
"2016-01-22",27.280001,28.370001,27.280001,28.299999,1357000,27.983946
"2016-01-25",28.129999,28.42,27.84,27.969999,531600,27.657629
"2016-01-26",28,28.629999,28,28.41,1160000,28.092716
"2016-01-27",28.43,28.92,28.24,28.58,688700,28.260817
"2016-01-28",28.67,28.995001,28.32,28.469999,598000,28.152046
"2016-01-29",28.620001,28.629999,28.35,28.360001,825800,28.043276
"2016-02-01",28.34,28.93,28.290001,28.83,481000,28.508026
"2016-02-02",28.450001,28.809999,28.35,28.74,428800,28.419031
"2016-02-03",28.92,28.98,28.129999,28.389999,279800,28.072939
"2016-02-04",28.290001,28.68,28.190001,28.299999,656300,27.983946
"2016-02-05",28.33,28.629999,27.83,27.889999,377900,27.578524
"2016-02-08",27.690001,27.872,27.219999,27.48,703300,27.173103
"2016-02-09",27.08,27.540001,26.9,27.129999,652800,26.827009
"2016-02-10",27.809999,28.870001,26.9,27,984200,26.698463
"2016-02-11",26.51,27.908001,26.290001,26.51,705100,26.213936
"2016-02-12",26.91,27.32,26.370001,27.15,648100,26.846786
"2016-02-16",27.559999,28,26.959999,27.379999,234000,27.074219
"2016-02-17",27.379999,28.1,27.290001,27.92,572800,27.608191
"2016-02-18",27.73,28.190001,27.690001,28.08,491100,27.766401
"2016-02-19",27.85,28.35,27.809999,28.190001,326200,27.875175
"2016-02-22",28.5,28.610001,27.809999,27.82,441300,27.509304
"2016-02-23",27.82,28.040001,27.469999,27.530001,463200,27.222546
"2016-02-24",26.99,27.709999,26.99,27.610001,505600,27.301653
"2016-02-25",27.639999,28.01,27.406,27.809999,640200,27.499416
"2016-02-26",27.68,27.959999,27.549999,27.940001,581600,27.627966
"2016-02-29",27.940001,28.040001,27.549999,27.82,712300,27.509304
"2016-03-01",27.950001,28.34,27.52,28.23,1186700,27.914726
"2016-03-02",28.15,28.42,27.75,28.219999,773300,27.90484
"2016-03-03",28.309999,28.540001,27.709999,28.5,535200,28.181711
"2016-03-04",28.530001,28.65,28.305,28.57,629700,28.250929
"2016-03-07",28.34,28.65,28.27,28.59,605700,28.270706
"2016-03-08",28.389999,28.66,28.299999,28.594999,505800,28.275648
"2016-03-09",28.6,28.790001,28.42,28.719999,575500,28.399252
"2016-03-10",28.780001,29.02,28.65,28.969999,898100,28.64646
"2016-03-11",29.24,29.334999,28.57,28.99,428000,28.666237
"2016-03-14",29.049999,29.23,28.940001,29.030001,301400,28.705793
"2016-03-15",29,29.129999,28.65,29.07,333000,28.745344
"2016-03-16",28.889999,29.35,28.530001,29.25,344400,28.923336
"2016-03-17",29.15,29.68,28.57,29.58,327500,29.249649
"2016-03-18",29.73,29.76,28.700001,29.49,335900,29.160654
"2016-03-21",30.690001,33.75,30.645,33.509998,10278500,33.135754
"2016-03-22",32.82,34.5,32.82,34.290001,7409200,33.907047
"2016-03-23",33.599998,33.689999,33.009998,33.580002,3854800,33.204983
"2016-03-24",33.240002,34.549999,33.080002,34.310001,3202700,33.926823
"2016-03-28",34.259998,34.799999,34.25,34.630001,1044700,34.243256
"2016-03-29",34.5,35.02,34.380001,34.950001,429700,34.559677
"2016-03-30",35.220001,35.240002,34.610001,35.009998,1737800,34.619003
"2016-03-31",35.060001,35.349998,34.970001,35.349998,1257200,34.955208
"2016-04-01",35.189999,35.419998,34.779999,35.25,579300,34.856327
"2016-04-04",35.209999,35.419998,35.07,35.240002,697500,34.846439
"2016-04-05",34.919998,34.919998,33.720001,34.32,908400,33.93671
"2016-04-06",34.240002,34.599998,33.740002,34.5,748000,34.1147
"2016-04-07",34.599998,34.740002,34.080002,34.18,535200,33.798279
"2016-04-08",34.25,34.43,33.91,34.209999,1250500,33.827938
"2016-04-11",34.32,34.77,34.099998,34.66,367200,34.272911
"2016-04-12",34.43,34.990002,34.400002,34.610001,1168100,34.223476
"2016-04-13",34.700001,35.110001,34.509998,35.07,562200,34.678341
"2016-04-14",34.939999,35.349998,34.73,35.255001,690700,34.861271
"2016-04-15",35.41,35.695,35.049999,35.52,1106800,35.12331
"2016-04-18",35.389999,35.685001,35.25,35.610001,518000,35.212303
"2016-04-19",35.599998,35.700001,35.474998,35.529999,712700,35.133198
"2016-04-20",35.580002,35.764999,34.889999,35.029999,1214600,34.638783
"2016-04-21",35.040001,35.369999,34.889999,35.150002,360800,34.757446
"2016-04-22",35.09,35.540001,35.09,35.32,595500,34.925545
"2016-04-25",35.330002,35.654999,34.950001,35.07,481200,34.678341
"2016-04-26",35.259998,35.384998,35,35.080002,268900,34.688225
"2016-04-27",35,35.299999,34.740002,34.860001,469900,34.470684
"2016-04-28",34.700001,35.07,34.700001,34.889999,417100,34.500347
"2016-04-29",34.77,34.994999,34.509998,34.889999,497700,34.500347
"2016-05-02",35,35.43,34.889999,35.369999,645000,34.974987
"2016-05-03",35,35.049999,34.441002,34.639999,367300,34.253132
"2016-05-04",34.57,35.060001,34.43,34.93,1839500,34.539902
"2016-05-05",34.93,35.099998,34.330002,34.41,591000,34.025707
"2016-05-06",34.099998,34.900002,34,34.5,521500,34.1147
"2016-05-09",34.5,34.709999,34.271,34.400002,672500,34.01582
"2016-05-10",34.049999,34.720001,33.68,34.490002,647200,34.104816
"2016-05-11",34.27,34.639999,34.16,34.16,235800,33.778503
"2016-05-12",33.880001,34.049999,33.259998,33.889999,791900,33.511517
"2016-05-13",33.619999,34,33.127998,33.700001,447300,33.323639
"2016-05-16",32.970001,33.919998,32.959999,33.650002,510800,33.274197
"2016-05-17",33.419998,33.75,33.349998,33.5,411300,33.125874
"2016-05-18",33.540001,34,33.259998,33.990002,648700,33.610401
"2016-05-19",33.75,34.060001,33.240002,34.029999,716600,33.649948
"2016-05-20",33.98,34.32,33.82,34.279999,1083500,33.89716
"2016-05-23",34.130001,34.580002,33.970001,34.470001,657400,34.085041
"2016-05-24",34.360001,34.68,34.209999,34.41,437500,34.025707
"2016-05-25",34.439999,34.740002,34.130001,34.169998,459900,33.788387
"2016-05-26",34.189999,34.43,33.810001,33.900002,618200,33.521404
"2016-05-27",33.700001,34.310001,33.700001,34.240002,650300,33.857609
"2016-05-31",34.150002,34.5,34.060001,34.369999,845900,33.986156
"2016-06-01",34.169998,34.43,33.82,33.82,468300,33.442299
"2016-06-02",33.799999,33.990002,33.380001,33.900002,485800,33.521404
"2016-06-03",33.950001,34.060001,33.73,33.959999,182300,33.580734
"2016-06-06",33.73,33.98,33.59,33.759998,262900,33.382969
"2016-06-07",33.700001,33.75,33.400002,33.41,307000,33.036877
"2016-06-08",33.279999,33.869999,33.150002,33.549999,427800,33.175308
"2016-06-09",33.330002,33.669998,33.169998,33.34,339400,32.967655
"2016-06-10",33.150002,33.34,32.830002,33.099998,605900,32.730339
"2016-06-13",32.880001,33.084999,32.689999,32.75,677500,32.384247
"2016-06-14",32.75,32.959999,32.459999,32.779999,387200,32.41391
"2016-06-15",32.889999,33.055,32.400002,32.43,605400,32.067818
"2016-06-16",32.400002,32.465,31.98,32.41,638200,32.048042
"2016-06-17",32.459999,32.759998,32.439999,32.650002,3e+05,32.285362
"2016-06-20",32.91,33.369999,32.709999,32.73,494200,32.364468
"2016-06-21",32.860001,33.07,32.560001,32.66,272500,32.29525
"2016-06-22",31.700001,32.639999,31.700001,32.299999,724000,31.939268
"2016-06-23",32.41,32.77,32.41,32.689999,167100,32.324917
"2016-06-24",32.099998,32.099998,31.139999,31.209999,1301600,30.861444
"2016-06-27",30.85,31.200001,30.379999,30.4,1117300,30.060492
"2016-06-28",30.68,31.32,30.549999,31.299999,1423000,30.950439
"2016-06-29",31.309999,32.330002,31.309999,32.279999,832500,31.919495
"2016-06-30",32.119999,32.610001,32,32.599998,631700,32.23592
"2016-07-01",32.639999,33.200001,32.549999,33.099998,1814600,32.730339
"2016-07-05",33.060001,33.060001,32.494999,32.549999,1562900,32.186481
"2016-07-06",32.209999,32.689999,32.139999,32.220001,1172200,31.860168
"2016-07-07",32.34,32.529999,31.9,31.959999,841200,31.603069
"2016-07-08",32.259998,32.41,31.99,32.029999,1331500,31.672287
"2016-07-11",32.259998,32.669998,31.9,32.66,1445800,32.29525
"2016-07-12",32.650002,33.110001,32.650002,32.84,4398300,32.473244
"2016-07-13",32.779999,36.5,32.779999,36.099998,8660000,35.696835
"2016-07-14",34.52,36,34.509998,35.889999,4682500,35.489178
"2016-07-15",35.799999,36.169998,34.540001,35.16,3907100,34.76733
"2016-07-18",35.02,35.34,34.810001,35.200001,2120000,34.806885
"2016-07-19",34.900002,36.599998,34.52,36.349998,9132800,35.944042
"2016-07-20",34.82,35.799999,34.810001,35.66,3742400,35.261745
"2016-07-21",36.799999,36.830002,35.880001,36.200001,4387900,35.795723
"2016-07-22",36.360001,36.400002,35.25,35.650002,3663400,35.251862
"2016-07-25",35.650002,35.849998,34.501999,35.040001,2169000,34.648674
"2016-07-26",34.950001,35.299999,34.77,34.889999,1437000,34.500347
"2016-07-27",35.240002,35.240002,34.455002,34.610001,1779700,34.223476
"2016-07-28",35.25,35.450001,34.310001,34.84,1151600,34.450905
"2016-07-29",34.950001,35.009998,34.560001,34.740002,1487100,34.352024
"2016-08-01",34.73,34.950001,34.32,34.75,692900,34.361912
"2016-08-02",34.77,34.810001,32.900002,34.630001,1329600,34.243256
"2016-08-03",34.830002,34.959999,34.560001,34.849998,1085900,34.460789
"2016-08-04",35,35,34.57,34.68,461600,34.29269
"2016-08-05",35,35.220001,34.549999,35.099998,1204800,34.707996
"2016-08-08",35,35.244999,34.02,35.110001,836000,34.717896
"2016-08-09",35.220001,35.25,34.43,35.029999,4334800,34.638783
"2016-08-10",35.009998,35.209999,34.73,35.029999,1234000,34.638783
"2016-08-11",35.049999,35.580002,34.118999,35.549999,1715000,35.152977
"2016-08-12",35.580002,35.669998,35.099998,35.259998,1096300,34.866211
"2016-08-15",35.16,35.470001,35.02,35.32,1250600,34.925545
"2016-08-16",35.259998,35.400002,35.110001,35.259998,1003000,34.866211
"2016-08-17",35.630001,35.91,35.16,35.880001,1627700,35.47929
"2016-08-18",35.68,36.290001,35.560001,36.240002,1142700,35.83527
"2016-08-19",36.240002,36.450001,35.93,36.310001,906900,35.904491
"2016-08-22",36.09,36.400002,36.009998,36.34,1318400,35.934155
"2016-08-23",36.299999,36.82,36.200001,36.419998,1100000,36.013256
"2016-08-24",36.52,36.564999,36.314999,36.419998,983200,36.013256
"2016-08-25",36.360001,36.669998,36.080002,36.560001,984200,36.151695
"2016-08-26",36.450001,37.07,36.41,37.060001,1541200,36.646114
"2016-08-29",37.060001,37.470001,36.869999,37.470001,2551300,37.051533
"2016-08-30",37.459999,37.5,36.959999,37.240002,1351700,36.824104
"2016-08-31",37.16,37.490002,36.380001,37.32,2864200,36.903214
"2016-09-01",37.5,37.5,36.549999,37.060001,2433600,36.646114
"2016-09-02",37.32,37.669998,36.290001,37.5,1223100,37.081203
"2016-09-06",37.5,37.834999,37.244999,37.32,2226700,36.903214
"2016-09-07",37.400002,37.794998,37.400002,37.759998,974600,37.338295
"2016-09-08",37.57,37.799999,37.435001,37.689999,1051200,37.269073
"2016-09-09",37.560001,37.779999,37.049999,37.049999,1115400,36.636223
"2016-09-12",37.029999,37.584999,36.77,37.549999,1068000,37.130638
"2016-09-13",37.34,37.470001,36.959999,36.990002,879600,36.576897
"2016-09-14",37,37.27,36.23,36.369999,1406500,35.963821
"2016-09-15",36.459999,36.990002,36.25,36.509998,2886400,36.102257
"2016-09-16",37.549999,37.549999,36.459999,36.66,3148900,36.250584
"2016-09-19",36.709999,36.939999,36.450001,36.5,853500,36.092365
"2016-09-20",36.689999,36.880001,36.459999,36.709999,1243900,36.300022
"2016-09-21",36.93,37.119999,36.619999,36.93,852000,36.517559
"2016-09-22",37,37.450001,36.459999,36.77,1511000,36.359348
"2016-09-23",36.669998,37.130001,36.639999,36.66,1140900,36.250584
"2016-09-26",36.380001,36.509998,35.939999,36.25,1482900,35.845161
"2016-09-27",36.689999,36.689999,35.080002,35.639999,2134800,35.241974
"2016-09-28",35.810001,36.82,35.650002,36.779999,3657900,36.36924
"2016-09-29",36.84,37.349998,36.5,37.310001,3570900,36.893322
"2016-09-30",37.349998,37.75,37.130001,37.549999,3143900,37.130638
"2016-10-03",37.290001,37.700001,37.290001,37.52,2758800,37.100975
"2016-10-04",37.52,37.650002,36.91,37,2266800,36.586781
"2016-10-05",37.27,37.279999,36.279999,36.75,2568400,36.339573
"2016-10-06",36.650002,36.799999,36.299999,36.700001,1225500,36.290134
"2016-10-07",36.580002,36.825001,36.255001,36.41,1427400,36.003376
"2016-10-10",36.41,36.695,36.349998,36.57,994000,36.161583
"2016-10-11",36.669998,36.68,35.82,36.119999,1384900,35.716606
"2016-10-12",36.16,36.549999,35.91,36.259998,1212900,35.855045
"2016-10-13",36.189999,36.459999,35.84,36.169998,1147700,35.766048
"2016-10-14",36.27,36.759998,36.27,36.599998,1807700,36.191246
"2016-10-17",36.650002,36.740002,36.490002,36.580002,1404700,36.171471
"2016-10-18",36.720001,37.389999,36.59,37.299999,1685900,36.883434
"2016-10-19",37.299999,37.669998,37.185001,37.52,1843300,37.100975
"2016-10-20",37.529999,37.685001,37.279999,37.650002,2130200,37.229527
"2016-10-21",37.509998,37.790001,37.220001,37.639999,1730600,37.219635
"2016-10-24",37.709999,37.849998,37.610001,37.810001,1213600,37.387737
"2016-10-25",37.84,37.849998,37.549999,37.610001,1303100,37.189972
"2016-10-26",37.389999,37.779999,37.27,37.400002,3006400,36.982323
"2016-10-27",37.529999,37.529999,36.860001,36.880001,1273700,36.468124
"2016-10-28",36.970001,37.244999,36.880001,36.900002,1432300,36.4879
"2016-10-31",37,37.32,36.685001,36.790001,1468700,36.379128
"2016-11-01",36.900002,37.27,36.279999,36.82,6937900,36.408794
"2016-11-02",36.82,37.169998,36.68,36.799999,2368100,36.389019
"2016-11-03",36.900002,36.900002,36.110001,36.16,2513300,35.756165
"2016-11-04",36.099998,36.25,35.32,35.529999,2842600,35.133198
"2016-11-07",35.900002,35.939999,35.02,35.73,2904800,35.330967
"2016-11-08",35.599998,35.884998,35.290001,35.599998,2191500,35.202415
"2016-11-09",35.470001,35.810001,35.150002,35.41,3803900,35.014545
"2016-11-10",35.549999,36.110001,35.290001,35.310001,2988000,34.915661
"2016-11-11",35.330002,35.959999,35.279999,35.490002,3254700,35.093651
"2016-11-14",35.490002,35.924999,34.950001,34.990002,2057200,34.599228
"2016-11-15",35.169998,35.66,34.130001,34.75,2973900,34.361912
"2016-11-16",34.580002,35.040001,34.580002,34.950001,2394500,34.559677
"2016-11-17",35.09,35.465,34.93,35.400002,1589800,35.004654
"2016-11-18",35.360001,35.389999,34.880001,34.939999,2439100,34.549786
"2016-11-21",35.150002,36.02,35.150002,35.82,2870500,35.41996
"2016-11-22",35.689999,36.049999,35.610001,36.009998,2450100,35.607841
"2016-11-23",35.75,36.075001,35.330002,35.470001,1745000,35.073872
"2016-11-25",35.5,35.740002,35.369999,35.470001,453900,35.073872
"2016-11-28",35.490002,36.02,35.41,35.82,3244100,35.41996
"2016-11-29",35.779999,36,35.540001,35.639999,2248900,35.241974
"2016-11-30",35.900002,36.185001,35.689999,35.939999,8228300,35.538616
"2016-12-01",35.880001,36.150002,35.009998,35.110001,2153600,34.717896
"2016-12-02",35.209999,35.32,34.689999,34.880001,4293500,34.490463
"2016-12-05",34.959999,35.169998,34.790001,34.900002,2646400,34.510235
"2016-12-06",34.950001,35.25,34.75,35.119999,4843800,34.727776
"2016-12-07",35.205002,35.490002,35.09,35.279999,4843700,34.885986
"2016-12-08",35.310001,36.029999,35.25,35.720001,4060700,35.321079
"2016-12-09",35.84,35.974998,35.599998,35.700001,2406600,35.3013
"2016-12-12",35.759998,36.060001,35.619999,35.759998,2696900,35.36063
"2016-12-13",35.98,36.099998,35.189999,35.419998,3655800,35.024429
"2016-12-14",35.25,35.32,34.439999,34.490002,3822300,34.104816
"2016-12-15",34.580002,35.380001,34.41,34.689999,3437700,34.302578
"2016-12-16",34.75,34.952999,34.439999,34.759998,4160200,34.371796
"2016-12-19",34.619999,34.830002,34.200001,34.580002,2589300,34.19381
"2016-12-20",34.639999,35.310001,34.450001,35.209999,3075500,34.816776
"2016-12-21",35.299999,35.57,35.02,35.41,2140100,35.014545
"2016-12-22",35.419998,35.630001,35.07,35.490002,1933900,35.093651
"2016-12-23",35.360001,35.794998,35.330002,35.389999,1530100,34.994766
"2016-12-27",35.240002,35.599998,35,35.299999,1471900,34.905766
"2016-12-28",35.450001,35.450001,34.950001,35.259998,1874100,34.866211
"2016-12-29",35.189999,35.400002,34.970001,35.110001,1282200,34.717896
"2016-12-30",35.09,35.580002,35.09,35.41,2636800,35.014545
"2017-01-03",35.619999,36.119999,35.555,35.919998,2792200,35.518845
"2017-01-04",35.919998,36.23,35.785,36.200001,1651300,35.795723
"2017-01-05",36.110001,36.580002,36.110001,36.290001,1786700,35.884712
"2017-01-06",36.18,36.779999,36.110001,36.66,1541400,36.250584
"2017-01-09",36.560001,36.805,36.439999,36.57,1395400,36.161583
"2017-01-10",36.57,36.740002,36.470001,36.610001,1242200,36.201138
"2017-01-11",36.580002,36.82,36.52,36.77,1556700,36.359348
"2017-01-12",36.68,36.860001,36.439999,36.799999,1070800,36.389019
"2017-01-13",36.799999,37.110001,36.727001,37.029999,1969100,36.616447
"2017-01-17",37.400002,38.34,37.029999,38.330002,4523400,37.901932
"2017-01-18",38.389999,38.630001,38.200001,38.599998,3164800,38.168915
"2017-01-19",38.400002,38.75,38.07,38.169998,2763900,37.743713
"2017-01-20",38.009998,38.82,38.009998,38.790001,3220500,38.356792
"2017-01-23",38.349998,38.98,38.349998,38.75,2292800,38.317238
"2017-01-24",38.75,39.119999,38.59,39,3532700,38.564445
"2017-01-25",39.009998,39.880001,38.98,39.790001,2841800,39.345627
"2017-01-26",39.669998,39.98,39.380001,39.459999,2331300,39.01931
"2017-01-27",39.389999,39.52,39.16,39.459999,1736000,39.01931
"2017-01-30",39.549999,39.764999,39.240002,39.639999,2709700,39.197296
"2017-01-31",39.610001,39.66,39.150002,39.450001,2360500,39.009418
"2017-02-01",39.599998,39.669998,39.279999,39.450001,2008100,39.009418
"2017-02-02",38.09,39.5,38.080002,39.439999,2577200,38.999531
"2017-02-03",39.279999,39.775002,38.349998,39.700001,1683700,39.256626
"2017-02-06",39.439999,39.755001,39.439999,39.529999,1782000,39.088528
"2017-02-07",39.529999,39.689999,39.310001,39.509998,2082300,39.068752
"2017-02-08",39.599998,39.889999,39.43,39.709999,1620400,39.266514
"2017-02-09",39.599998,39.939999,39.549999,39.740002,2066000,39.296185
"2017-02-10",39.869999,39.950001,39.639999,39.669998,1785700,39.226967
"2017-02-13",39.59,39.959999,39.52,39.93,2798500,39.484062
"2017-02-14",39.779999,39.970001,39.720001,39.970001,1419600,39.523617
"2017-02-15",39.990002,40.720001,39.889999,40.400002,3573400,39.948811
"2017-02-16",40.349998,40.880001,39.830002,40,4472000,39.55328
"2017-02-17",40,40.380001,39.630001,40.200001,2769300,39.751049
"2017-02-21",40.200001,40.740002,40.150002,40.509998,2936400,40.057583
"2017-02-22",40.580002,40.689999,40.16,40.259998,1415900,39.810371
"2017-02-23",40.540001,40.650002,40.119999,40.34,1664000,39.889481
"2017-02-24",40.330002,40.400002,39.869999,40.080002,1159400,39.632385
"2017-02-27",40.16,40.27,39.900002,40.099998,1808200,39.652161
"2017-02-28",40.139999,40.290001,39.639999,39.799999,3767900,39.355507
"2017-03-01",40.18,40.98,40.035,40.650002,3994300,40.196018
"2017-03-02",40.700001,40.875,40.25,40.619999,2046200,40.166355
"2017-03-03",40.549999,40.889999,40.41,40.77,1768200,40.314682
"2017-03-06",40.639999,40.799999,40.419998,40.669998,1849900,40.215794
"2017-03-07",40.630001,40.810001,40.494999,40.560001,1268400,40.107025
"2017-03-08",40.509998,41,40.419998,40.599998,1606200,40.146576
"2017-03-09",40.599998,40.689999,40.195,40.27,1775100,39.820267
"2017-03-10",40.25,40.389999,39.990002,40.119999,2306400,39.671936
"2017-03-13",40.16,40.639999,40.16,40.619999,2009600,40.166355
"2017-03-14",40.459999,40.59,40.105,40.48,1137700,40.02792
"2017-03-15",40.400002,40.93,40.349998,40.77,1444800,40.314682
"2017-03-16",40.950001,40.98,40.665001,40.82,1232400,40.364117
"2017-03-17",40.740002,40.82,40.349998,40.349998,4900200,39.899372
"2017-03-20",40.450001,40.825001,40.41,40.599998,1494900,40.146576
"2017-03-21",40.599998,40.799999,40.314999,40.43,2418800,39.978481
"2017-03-22",38.419998,40.610001,37.82,40.16,1394500,39.711491
"2017-03-23",40.189999,40.740002,40.040001,40.18,1490700,39.73127
"2017-03-24",40.330002,40.599998,39.91,40.330002,1461300,39.879597
"2017-03-27",40.099998,40.240002,39.619999,40.119999,2303400,39.671936
"2017-03-28",39.990002,41.810001,39.400002,41.41,4220700,40.947533
"2017-03-29",41.580002,41.82,41.290001,41.52,2266400,41.056305
"2017-03-30",41.599998,41.758999,41.172001,41.630001,1516800,41.165073
"2017-03-31",41.25,42.18,41.25,41.950001,2942900,41.481499
"2017-04-03",42.040001,42.200001,41.700001,41.779999,3547100,41.3134
"2017-04-04",41.889999,42.044998,41.740002,42,2165900,41.530941
"2017-04-05",42.049999,42.299999,41.814999,41.919998,1898300,41.451836
"2017-04-06",41.990002,42.290001,41.889999,42.200001,1534600,41.728706
"2017-04-07",42.040001,42.34,42.040001,42.18,1320800,41.708935
"2017-04-10",42.130001,42.404999,41.43,42.209999,1380000,41.738598
"2017-04-11",42.209999,42.450001,42,42.439999,1456800,41.96603
"2017-04-12",42.490002,42.619999,42.259998,42.439999,1601900,41.96603
"2017-04-13",42.439999,42.59,42.07,42.209999,2083900,41.738598
"2017-04-17",42.200001,42.68,42.185001,42.630001,1387100,42.153908
"2017-04-18",42.509998,42.799999,42.450001,42.779999,1224700,42.302231
"2017-04-19",42.869999,43.060001,42.669998,42.91,1452500,42.430779
"2017-04-20",43.009998,43.5,42.950001,43.400002,1127000,42.915306
"2017-04-21",43.419998,43.540001,43.119999,43.25,690500,42.766979
"2017-04-24",43.470001,43.959999,43.41,43.810001,1156100,43.320732
"2017-04-25",43.900002,43.919998,43.639999,43.759998,1271900,43.27129
"2017-04-26",43.759998,44,43.540001,43.650002,1812700,43.162518
"2017-04-27",43.599998,43.990002,43.52,43.709999,1237500,43.221844
"2017-04-28",43.900002,44,43.349998,43.400002,1370500,42.915306
"2017-05-01",43.330002,43.75,43.150002,43.66,1781400,43.172405
"2017-05-02",43.740002,43.790001,43.459999,43.709999,1670000,43.221844
"2017-05-03",43.73,43.73,43.305,43.580002,1756000,43.0933
"2017-05-04",43.630001,43.919998,43.349998,43.849998,2365700,43.360279
"2017-05-05",43.66,43.830002,43.619999,43.73,2088300,43.241619
"2017-05-08",43.77,44,43.509998,43.990002,1200300,43.498722
"2017-05-09",43.790001,43.98,43.470001,43.5,975900,43.014187
"2017-05-10",43.610001,43.900002,43.09,43.439999,1438700,42.954857
"2017-05-11",43.360001,43.709999,43.110001,43.439999,1091000,42.954857
"2017-05-12",43.369999,43.5,43.02,43.200001,1284300,42.717545
"2017-05-15",43.25,43.740002,43.185001,43.73,1887300,43.241619
"2017-05-16",43.599998,43.900002,43.34,43.860001,1290500,43.370171
"2017-05-17",43.66,43.900002,43.220001,43.240002,1323800,42.757099
"2017-05-18",43.32,44.299999,43.240002,44.110001,2644900,43.617382
"2017-05-19",44.189999,44.470001,43.900002,44.299999,1648000,43.805256
"2017-05-22",44.43,44.880001,44.360001,44.700001,1125300,44.20079
"2017-05-23",44.75,44.849998,44.48,44.68,676600,44.181011
"2017-05-24",44.75,45.029999,44.639999,44.830002,1432400,44.329342
"2017-05-25",46.700001,47.060001,45.84,45.900002,12220300,45.38739
"2017-05-26",46,46.470001,45.720001,46.259998,5078600,45.74337
"2017-05-30",46.16,46.389999,45.900002,46.279999,5602400,45.763145
"2017-05-31",46.310001,46.5,45.84,45.849998,7649200,45.337944
"2017-06-01",46.07,46.939999,45.900002,46.610001,58233600,46.089462
"2017-06-02",46.759998,47.080002,45.970001,47.060001,5767700,46.534435
"2017-06-05",47.029999,47.200001,46.709999,46.799999,4082800,46.277336
"2017-06-06",46.810001,46.810001,46.360001,46.630001,2329000,46.109238
"2017-06-07",46.91,46.91,46.380001,46.619999,2336600,46.099346
"2017-06-08",46.66,47.029999,46.169998,46.48,3028800,45.960911
"2017-06-09",46.73,46.73,46.049999,46.32,2215400,45.802696
"2017-06-12",46.189999,46.459999,45.700001,46.310001,3885600,45.792809
"2017-06-13",46.400002,46.705002,46.32,46.599998,2364200,46.079567
"2017-06-14",46.759998,47.220001,46.669998,47.189999,2708000,46.662979
"2017-06-15",47.049999,47.48,46.43,47.32,3084900,46.791531
"2017-06-16",47.279999,47.669998,46.259998,47.529999,4911600,46.99918
"2017-06-19",47.560001,47.919998,47.48,47.860001,2109500,47.3255
"2017-06-20",47.630001,47.84,46.900002,46.939999,3049800,46.415775
"2017-06-21",47,47.080002,46.57,46.77,2635800,46.247673
"2017-06-22",46.75,46.869999,46.384998,46.68,2281500,46.158676
"2017-06-23",46.689999,46.735001,46.200001,46.549999,23736400,46.030125
"2017-06-26",46.59,46.889999,46.314999,46.400002,3712200,45.881805
"2017-06-27",46.68,46.755001,45.279999,45.369999,4858300,44.863308
"2017-06-28",45.689999,45.790001,44.990002,45.049999,4646100,44.546879
"2017-06-29",45.029999,45.07,44.150002,44.189999,2792700,43.696487
"2017-06-30",44.27,44.32,44.029999,44.040001,2460000,43.548161
"2017-07-03",44.209999,44.610001,44.060001,44.169998,2064800,43.676708
"2017-07-05",44.200001,44.580002,44.02,44.34,1805600,43.84481
"2017-07-06",44.049999,44.255001,43.84,43.93,1896300,43.439388
"2017-07-07",44,44.349998,43.985001,44.27,1424000,43.775597
"2017-07-10",44.259998,44.259998,43.709999,43.720001,1525500,43.231735
"2017-07-11",43.66,43.93,43.34,43.790001,1636400,43.300953
"2017-07-12",43.950001,44.509998,43.790001,44.48,1765200,43.983246
"2017-07-13",44.400002,44.790001,44.139999,44.5,1495000,44.003021
"2017-07-14",44.43,44.994999,44.354,44.759998,1423400,44.260117
"2017-07-17",44.709999,45.48,44.630001,45.259998,1826700,44.754532
"2017-07-18",45.189999,45.470001,44.869999,45.389999,1457800,44.883087
"2017-07-19",45.349998,45.470001,45.25,45.389999,1353400,44.883087
"2017-07-20",45.369999,45.560001,45.23,45.290001,1264400,44.784206
"2017-07-21",45.23,45.875,45.23,45.650002,1822300,45.140179
"2017-07-24",45.669998,45.849998,45.470001,45.700001,2162800,45.189621
"2017-07-25",45.950001,46,45.560001,45.580002,1571900,45.070965
"2017-07-26",45.639999,46.075001,45.560001,45.93,1538600,45.417053
"2017-07-27",45.939999,46.169998,45.639999,46.07,1281300,45.555485
"2017-07-28",46.029999,46.57,45.737,46.529999,2198400,46.010349
"2017-07-31",46.52,46.740002,46.139999,46.650002,1564400,46.129009
"2017-08-01",46.75,47.23,46.700001,47.18,3440300,46.653091
"2017-08-02",47.02,47.110001,46.77,46.990002,1526900,46.465214
"2017-08-03",46.91,47.049999,46.490002,46.66,1999600,46.138901
"2017-08-04",46.73,46.73,46.200001,46.389999,1382500,45.87191
"2017-08-07",46.32,46.470001,45.904999,45.98,2045400,45.466492
"2017-08-08",45.959999,46.02,45.310001,45.34,2110600,44.833641
"2017-08-09",45.25,45.369999,44.98,45.360001,2228200,44.85342
"2017-08-10",45.279999,45.459999,45.064999,45.16,1259300,44.655651
"2017-08-11",45.310001,45.830002,45.099998,45.650002,1550400,45.140179
"2017-08-14",45.869999,46.209999,45.779999,45.98,1497800,45.466492
"2017-08-15",45.919998,46.48,45.919998,46.389999,1456500,45.87191
"2017-08-16",46.509998,47.060001,46.32,46.990002,1860900,46.465214
"2017-08-17",46.790001,47.095001,46.169998,46.220001,3012800,45.703815
"2017-08-18",46.150002,46.200001,45.610001,45.75,5187800,45.239063
"2017-08-21",45.700001,46.009998,45.610001,45.869999,1618000,45.357723
"2017-08-22",46.009998,46.740002,45.889999,46.400002,1488000,45.881805
"2017-08-23",46.299999,46.419998,46.009998,46.389999,1390100,45.87191
"2017-08-24",46.41,46.759998,46.290001,46.560001,1330300,46.04002
"2017-08-25",46.82,46.900002,46.470001,46.52,1360200,46.000465
"2017-08-28",46.560001,46.685001,46.345001,46.619999,1525800,46.099346
"2017-08-29",46.529999,46.759998,46.380001,46.400002,1293100,45.881805
"2017-08-30",46.52,46.619999,46.34,46.52,1692000,46.000465
"2017-08-31",46.619999,47.23,46.619999,46.84,3253400,46.316895
"2017-09-01",47,47,46.389999,46.77,2096600,46.247673
"2017-09-05",46.560001,47.419998,46.549999,47.25,4418600,46.722309
"2017-09-06",47.110001,47.415001,46.849998,47.349998,2013300,46.821194
"2017-09-07",47.43,47.619999,47.150002,47.240002,2327600,46.712425
"2017-09-08",47.290001,47.73,46.98,47.529999,1692400,46.99918
"2017-09-11",47.709999,48.150002,47.639999,47.950001,3085000,47.414494
"2017-09-12",47.939999,48.490002,47.759998,48.299999,2266600,47.760582
"2017-09-13",48.18,48.330002,47.279999,47.34,2444500,46.811302
"2017-09-14",47.34,47.375,46.849998,47.150002,2783400,46.623432
"2017-09-15",47.150002,47.540001,46.970001,47.400002,8870500,46.87064
"2017-09-18",47.349998,47.82,47.330002,47.529999,3113300,46.99918
"2017-09-19",47.779999,47.810001,47.41,47.450001,1890000,46.920078
"2017-09-20",47.755001,48,47.456001,47.919998,1799100,47.384827
"2017-09-21",47.849998,48.240002,47.779999,48.169998,1717200,47.632034
"2017-09-22",48,48.529999,47.82,48.43,1890600,47.889133
"2017-09-25",48.470001,48.5,47.98,48.290001,2327900,47.750694
"2017-09-26",46,46.627998,44.09,44.119999,7780700,43.627262
"2017-09-27",44.029999,44.73,43.849998,43.959999,6998900,43.469048
"2017-09-28",44.07,44.299999,43.849998,44.130001,3163100,43.637154
"2017-09-29",44.16,44.380001,43.959999,44.080002,3864700,43.587711
"2017-10-02",44.099998,44.494999,43.919998,44.080002,3750000,43.587711
"2017-10-03",44.049999,44.145,43.700001,44.009998,3054900,43.518494
"2017-10-04",44.060001,44.490002,43.950001,44.330002,2319800,43.834923
"2017-10-05",44.360001,44.779999,44.080002,44.09,1904700,43.597607
"2017-10-06",44.080002,44.16,43.889999,43.98,2454200,43.488827
"2017-10-09",43.919998,44.310001,43.759998,44.200001,2085500,43.706371
"2017-10-10",44.450001,44.509998,44.209999,44.240002,1008700,43.745922
"2017-10-11",44.119999,44.259998,43.68,43.970001,2385200,43.478947
"2017-10-12",43.799999,44.32,43.799999,44,1526000,43.508606
"2017-10-13",44.150002,44.240002,43.849998,43.900002,990300,43.409725
"2017-10-16",43.98,44.049999,43.790001,43.810001,1560200,43.320732
"2017-10-17",43.810001,44.060001,43.700001,43.759998,1591200,43.27129
"2017-10-18",43.580002,43.790001,43.5,43.630001,1576000,43.142742
"2017-10-19",43.560001,43.740002,43.333,43.52,1486000,43.033962
"2017-10-20",43.669998,44.189999,43.424999,44.029999,2629100,43.538269
"2017-10-23",44,44.189999,43.799999,43.959999,1186800,43.469048
"2017-10-24",44.060001,44.099998,43.5,43.540001,1142100,43.053741
"2017-10-25",43.529999,43.549999,42.93,42.950001,1556100,42.470333
"2017-10-26",42.900002,43.439999,42.651001,42.990002,3132300,42.509884
"2017-10-27",42.889999,43.380001,42.799999,43.32,4119200,42.836201
"2017-10-30",43.209999,43.209999,42.419998,42.450001,2246100,41.975918
"2017-10-31",42.59,42.790001,42.400002,42.610001,2670600,42.134129
"2017-11-01",42.810001,43.130001,42.52,42.700001,1966400,42.223129
"2017-11-02",42.630001,43.09,42.57,42.93,1841600,42.450558
"2017-11-03",43,43.509998,42.66,43.490002,1720700,43.004307
"2017-11-06",43.380001,43.875,43.299999,43.610001,1150500,43.122963
"2017-11-07",43.529999,43.830002,43.380001,43.43,2128300,42.944973
"2017-11-08",43.700001,44.439999,43.345001,43.93,2106700,43.439388
"2017-11-09",43.740002,43.790001,43.189999,43.200001,1258000,42.717545
"2017-11-10",43.139999,43.16,42.790001,42.93,1643200,42.450558
"2017-11-13",42.900002,43.139999,42.84,42.990002,2300200,42.509884
"2017-11-14",43.509998,44.23,43.029999,43.889999,4099000,43.399834
"2017-11-15",43.240002,43.830002,42.755001,43.529999,2253200,43.043858
"2017-11-16",43.23,43.900002,43.23,43.459999,1517900,42.974636
"2017-11-17",43.34,43.779999,43.310001,43.619999,5397200,43.132843
"2017-11-20",43.59,43.970001,42.549999,43.849998,1616200,43.360279
"2017-11-21",44,44,43.189999,43.23,1653300,42.747208
"2017-11-22",43.209999,43.849998,43.18,43.43,1470900,42.944973
"2017-11-24",43.459999,43.799999,43.34,43.77,590400,43.281174
"2017-11-27",43.669998,43.919998,43.330002,43.869999,2032600,43.380054
"2017-11-28",44.099998,44.779999,43.889999,44.619999,2414500,44.121681
"2017-11-29",44.650002,44.82,44.150002,44.16,1424900,43.666817
"2017-11-30",44.310001,44.869999,44.209999,44.619999,2137000,44.121681
"2017-12-01",44.810001,45.34,44.450001,44.709999,2235500,44.210682
"2017-12-04",44.880001,45.27,44.439999,44.439999,2206300,43.943691
"2017-12-05",44.630001,44.959999,44.389999,44.669998,1390100,44.171124
"2017-12-06",44.709999,45.599998,44.66,45.34,1637200,44.833641
"2017-12-07",45.32,45.709999,45.259998,45.560001,1656500,45.051186
"2017-12-08",45.720001,45.830002,45.48,45.59,1385300,45.080853
"2017-12-11",45.470001,45.630001,45.09,45.130001,1071200,44.625988
"2017-12-12",45.130001,45.450001,45.040001,45.200001,1313800,44.695206
"2017-12-13",45.34,45.529999,44.93,44.990002,1770300,44.487553
"2017-12-14",45.009998,45.259998,44.799999,44.880001,1512500,44.37878
"2017-12-15",45.049999,45.619999,44.529999,45.529999,2728500,45.021519
"2017-12-18",45.650002,46.099998,44.529999,45.529999,1752300,45.021519
"2017-12-19",45.470001,45.470001,44.889999,45.07,1366500,44.566654
"2017-12-20",45.18,45.650002,45.16,45.43,1276800,44.922638
"2017-12-21",45.630001,45.630001,45,45.040001,1151300,44.536995
"2017-12-22",45.130001,45.139999,44.669998,45.049999,1754200,44.546879
"2017-12-26",45.18,45.32,44.93,45,666500,44.497437
"2017-12-27",45,45.220001,44.93,45.169998,1367200,44.665535
"2017-12-28",45.169998,45.310001,44.900002,45.290001,876400,44.784206
"2017-12-29",45.360001,45.5,45.110001,45.150002,1112100,44.645767
