"dates","KEYS.Open","KEYS.High","KEYS.Low","KEYS.Close","KEYS.Volume","KEYS.Adjusted"
"2014-10-20",27.9,33,27.32,28.25,1333600,28.25
"2014-10-21",28.49,29.49,28.299999,28.309999,697700,28.309999
"2014-10-22",28.469999,28.91,28,28.75,768800,28.75
"2014-10-23",28.75,29.889999,28.6,29.25,1270700,29.25
"2014-10-24",29.110001,30.09,29.110001,29.75,1540700,29.75
"2014-10-27",29.85,30.290001,29.370001,30.1,766700,30.1
"2014-10-28",30.299999,31.290001,29.940001,30.65,536200,30.65
"2014-10-29",30.65,31,29.940001,30,596300,30
"2014-10-30",30.15,30.690001,29.75,30.25,415600,30.25
"2014-10-31",30.25,31.98,30.25,31.5,29854300,31.5
"2014-11-03",30.610001,31.889999,30.379999,30.610001,9243900,30.610001
"2014-11-04",30.75,30.799999,30.08,30.16,6483800,30.16
"2014-11-05",30.67,31,30,30.18,3958300,30.18
"2014-11-06",30.200001,30.459999,29.889999,30.049999,2991600,30.049999
"2014-11-07",29.49,30.389999,29.01,29.76,9563300,29.76
"2014-11-10",29.030001,30.23,28.559999,29.780001,5114200,29.780001
"2014-11-11",29.4,30.73,29.059999,30.040001,4349600,30.040001
"2014-11-12",30.4,31.23,30,30.83,4852100,30.83
"2014-11-13",30.74,31.299999,30.030001,30.41,2432700,30.41
"2014-11-14",30.290001,30.91,30.219999,30.700001,1481300,30.700001
"2014-11-17",30.700001,31.42,30.549999,31.049999,2389000,31.049999
"2014-11-18",30.59,31.135,30.209999,31,3007700,31
"2014-11-19",30.719999,31.139999,30.59,30.969999,3013000,30.969999
"2014-11-20",30.77,31.5,30.65,31.41,2157600,31.41
"2014-11-21",31.65,32.5,31.450001,32.299999,4703600,32.299999
"2014-11-24",32.880001,33.040001,32.34,33,2402600,33
"2014-11-25",32.970001,33.110001,32.580002,32.849998,1798700,32.849998
"2014-11-26",33,34.98,33,34.200001,1583400,34.200001
"2014-11-28",33.939999,35.380001,33.880001,35.200001,425300,35.200001
"2014-12-01",35.009998,35.18,34.759998,34.900002,1484300,34.900002
"2014-12-02",34.73,34.935001,34.299999,34.779999,1789000,34.779999
"2014-12-03",34.509998,34.650002,34.25,34.310001,1150900,34.310001
"2014-12-04",33.889999,34.299999,33.709999,34.139999,1339000,34.139999
"2014-12-05",34.240002,34.48,34,34.099998,761900,34.099998
"2014-12-08",34.099998,34.34,34,34.189999,956900,34.189999
"2014-12-09",33.200001,34.240002,33.200001,33.75,988200,33.75
"2014-12-10",33.869999,33.98,33.400002,33.470001,1442600,33.470001
"2014-12-11",33.5,33.889999,33.450001,33.490002,599000,33.490002
"2014-12-12",33.48,33.599998,32.580002,32.860001,1175400,32.860001
"2014-12-15",32.91,33.369999,32.740002,32.880001,969200,32.880001
"2014-12-16",32.52,33.330002,32.5,32.889999,1880900,32.889999
"2014-12-17",32.82,34.209999,32.389999,33.830002,1025700,33.830002
"2014-12-18",34,34.470001,33.419998,34.110001,880600,34.110001
"2014-12-19",34.110001,34.57,33.580002,33.98,1860000,33.98
"2014-12-22",33.900002,34.189999,33.825001,33.939999,735000,33.939999
"2014-12-23",33.93,34.200001,33.540001,33.630001,734800,33.630001
"2014-12-24",33.650002,34.380001,33.509998,33.799999,1505700,33.799999
"2014-12-26",33.939999,34,33.549999,33.73,460300,33.73
"2014-12-29",33.57,34.049999,32.740002,33.91,474300,33.91
"2014-12-30",33.799999,34.290001,33.681999,33.880001,383900,33.880001
"2014-12-31",33.869999,34.169998,33.639999,33.77,329800,33.77
"2015-01-02",33.810001,34.09,33.130001,33.419998,812700,33.419998
"2015-01-05",33.049999,33.599998,33.049999,33.540001,732200,33.540001
"2015-01-06",33.650002,33.855,33.5,33.610001,1495800,33.610001
"2015-01-07",33.669998,34.43,33.669998,33.880001,2022100,33.880001
"2015-01-08",34,34.389999,33.82,34.119999,1429600,34.119999
"2015-01-09",34.040001,34.240002,33.77,33.959999,712400,33.959999
"2015-01-12",33.900002,34.580002,33.900002,34.459999,901600,34.459999
"2015-01-13",34.439999,34.900002,34.110001,34.689999,816900,34.689999
"2015-01-14",34.290001,34.939999,34.169998,34.93,5e+05,34.93
"2015-01-15",34.919998,34.990002,34.200001,34.470001,954300,34.470001
"2015-01-16",34.259998,35,34.216999,34.959999,1271100,34.959999
"2015-01-20",34.68,35.200001,34.450001,34.919998,1031200,34.919998
"2015-01-21",34.66,35.900002,34.52,35.740002,1616000,35.740002
"2015-01-22",35.669998,36.330002,35.380001,35.779999,1527300,35.779999
"2015-01-23",35.73,35.779999,34.580002,34.869999,1305300,34.869999
"2015-01-26",34.759998,34.91,34.02,34.330002,1292400,34.330002
"2015-01-27",34.080002,34.23,33.650002,33.73,781100,33.73
"2015-01-28",33.759998,34,33.25,33.34,969400,33.34
"2015-01-29",33.48,33.73,33.25,33.68,800900,33.68
"2015-01-30",33.400002,33.588001,33.119999,33.389999,765700,33.389999
"2015-02-02",33.439999,34.380001,33.369999,34.330002,619200,34.330002
"2015-02-03",34.32,34.740002,33.950001,34.049999,694700,34.049999
"2015-02-04",34.049999,34.290001,33.720001,34.209999,712300,34.209999
"2015-02-05",34.189999,34.779999,33.952999,34.610001,286000,34.610001
"2015-02-06",34.57,35.080002,34.360001,35.080002,768300,35.080002
"2015-02-09",35,35.5,34.810001,34.970001,1708800,34.970001
"2015-02-10",35.07,35.799999,34.922001,35.759998,744900,35.759998
"2015-02-11",35.75,35.790001,35.34,35.57,738700,35.57
"2015-02-12",35.799999,36.299999,35.574001,36.220001,679600,36.220001
"2015-02-13",36.150002,36.610001,36.139999,36.490002,437100,36.490002
"2015-02-17",36.5,36.759998,36.330002,36.52,974600,36.52
"2015-02-18",36.360001,36.59,35.919998,36.5,861900,36.5
"2015-02-19",36.380001,37.41,35.849998,37.310001,715400,37.310001
"2015-02-20",37.09,37.599998,35.779999,37.299999,1032400,37.299999
"2015-02-23",37.16,37.16,36.400002,36.689999,1614200,36.689999
"2015-02-24",36.669998,37.93,36.644001,37.59,485700,37.59
"2015-02-25",37.639999,37.650002,37.080002,37.299999,278600,37.299999
"2015-02-26",37.259998,37.689999,37.049999,37.439999,245500,37.439999
"2015-02-27",37.330002,37.689999,37.063,37.540001,549200,37.540001
"2015-03-02",37.080002,38.099998,36.889999,37.880001,470000,37.880001
"2015-03-03",37.75,37.959,37.41,37.529999,465300,37.529999
"2015-03-04",37.380001,37.759998,37,37.68,617600,37.68
"2015-03-05",37.59,37.689999,37.27,37.34,420100,37.34
"2015-03-06",37.189999,37.77,36.98,37.130001,447500,37.130001
"2015-03-09",37.169998,37.580002,37.035,37.389999,443800,37.389999
"2015-03-10",37.09,37.416,36.75,36.77,787200,36.77
"2015-03-11",36.73,37.330002,36.57,37.240002,564000,37.240002
"2015-03-12",37.220001,37.439999,37.02,37.330002,360600,37.330002
"2015-03-13",37.18,37.444,36.779999,37.25,235400,37.25
"2015-03-16",37.330002,37.98,37.209999,37.939999,447000,37.939999
"2015-03-17",37.77,38.27,37.619999,38.189999,509000,38.189999
"2015-03-18",38.029999,38.98,38,38.720001,493100,38.720001
"2015-03-19",38.43,38.799999,38.259998,38.720001,281800,38.720001
"2015-03-20",38.75,38.990002,38.369999,38.740002,1337700,38.740002
"2015-03-23",38.669998,38.990002,38.5,38.889999,470800,38.889999
"2015-03-24",38.939999,38.990002,38.299999,38.68,569400,38.68
"2015-03-25",38.630001,38.779999,37.209999,37.259998,440800,37.259998
"2015-03-26",37.09,37.25,36.599998,36.720001,479400,36.720001
"2015-03-27",36.73,36.73,36.220001,36.27,413500,36.27
"2015-03-30",36.360001,36.700001,36.049999,36.119999,630700,36.119999
"2015-03-31",36.09,37.32,35.939999,37.150002,809100,37.150002
"2015-04-01",37.18,37.48,36.43,36.610001,593400,36.610001
"2015-04-02",36.73,37.470001,36.619999,36.790001,395300,36.790001
"2015-04-06",36.700001,36.889999,36.450001,36.73,933500,36.73
"2015-04-07",36.68,36.880001,36.290001,36.380001,556500,36.380001
"2015-04-08",36.52,36.720001,36.34,36.490002,497800,36.490002
"2015-04-09",36.400002,37.240002,36.400002,37.18,336800,37.18
"2015-04-10",37.169998,37.389999,36.75,37.049999,505000,37.049999
"2015-04-13",36.98,37.450001,36.580002,36.59,228300,36.59
"2015-04-14",36.459999,36.759998,36.049999,36.150002,351200,36.150002
"2015-04-15",36.25,36.540001,36.110001,36.189999,370600,36.189999
"2015-04-16",36.310001,36.310001,36,36.07,389200,36.07
"2015-04-17",35.93,36.119999,35.279999,35.360001,616400,35.360001
"2015-04-20",35.470001,36.310001,35.470001,36.130001,594500,36.130001
"2015-04-21",36.18,36.360001,35.790001,36.209999,494400,36.209999
"2015-04-22",36.200001,36.23,35.889999,36.009998,486600,36.009998
"2015-04-23",35.75,35.75,35.355,35.439999,512400,35.439999
"2015-04-24",35.450001,35.450001,34.970001,34.990002,444100,34.990002
"2015-04-27",35.02,35.23,34.150002,34.34,1144700,34.34
"2015-04-28",34.220001,34.419998,33.91,33.939999,1625500,33.939999
"2015-04-29",33.900002,33.950001,33.580002,33.779999,1244700,33.779999
"2015-04-30",33.610001,33.98,33.369999,33.459999,790100,33.459999
"2015-05-01",33.59,33.869999,33.43,33.610001,882300,33.610001
"2015-05-04",34.439999,35.358002,34.439999,34.48,1342100,34.48
"2015-05-05",34.48,34.810001,33.98,34,880100,34
"2015-05-06",34.110001,34.110001,33.595001,33.650002,587200,33.650002
"2015-05-07",33.709999,34.09,33.700001,33.91,726300,33.91
"2015-05-08",34.240002,34.700001,34.110001,34.580002,597900,34.580002
"2015-05-11",34.59,35.110001,34.52,35.02,586600,35.02
"2015-05-12",34.849998,34.919998,34.259998,34.759998,670100,34.759998
"2015-05-13",34.900002,35.630001,34.799999,35.25,697800,35.25
"2015-05-14",35.41,35.490002,35.099998,35.189999,584700,35.189999
"2015-05-15",35.310001,35.450001,35.150002,35.330002,418200,35.330002
"2015-05-18",35.360001,36.310001,35.349998,36.220001,905200,36.220001
"2015-05-19",36.200001,36.275002,34.610001,34.990002,1747400,34.990002
"2015-05-20",33.040001,33.07,32.25,32.380001,5979400,32.380001
"2015-05-21",32.34,33.110001,32.169998,33.029999,2218300,33.029999
"2015-05-22",33,33.119999,32.740002,33.080002,2249500,33.080002
"2015-05-26",33.009998,33.150002,32.34,32.610001,1020700,32.610001
"2015-05-27",32.599998,33,32.549999,32.970001,619000,32.970001
"2015-05-28",32.98,32.987999,32.700001,32.900002,696000,32.900002
"2015-05-29",32.84,33.130001,32.779999,32.860001,699300,32.860001
"2015-06-01",32.869999,32.98,32.689999,32.84,1046700,32.84
"2015-06-02",32.689999,33.105,32.630001,32.970001,535200,32.970001
"2015-06-03",33.150002,33.41,32.939999,33.220001,837700,33.220001
"2015-06-04",33.060001,33.299999,32.77,32.880001,498200,32.880001
"2015-06-05",32.93,33.068001,32.5,32.889999,514700,32.889999
"2015-06-08",32.919998,32.98,32.650002,32.77,379600,32.77
"2015-06-09",32.82,33.005001,32.66,32.860001,721100,32.860001
"2015-06-10",32.889999,33.195,32.790001,33.110001,1087200,33.110001
"2015-06-11",33.119999,33.220001,32.939999,33.150002,1596100,33.150002
"2015-06-12",33.110001,33.16,32.919998,33.029999,454200,33.029999
"2015-06-15",32.790001,32.922001,32.349998,32.619999,634800,32.619999
"2015-06-16",32.529999,32.740002,32.279999,32.619999,472500,32.619999
"2015-06-17",32.68,33.110001,32.654999,33.009998,767000,33.009998
"2015-06-18",32.990002,33.400002,32.950001,33.400002,701000,33.400002
"2015-06-19",33.490002,33.490002,33.16,33.290001,844800,33.290001
"2015-06-22",33.400002,33.709999,33.189999,33.5,898600,33.5
"2015-06-23",33.549999,33.549999,32.759998,32.889999,903100,32.889999
"2015-06-24",32.939999,33,32.441002,32.459999,621900,32.459999
"2015-06-25",32.529999,32.73,31.955,32.16,693800,32.16
"2015-06-26",32.25,32.380001,31.73,32.25,3082900,32.25
"2015-06-29",31.85,32.07,31.379999,31.4,988200,31.4
"2015-06-30",31.65,31.799999,31.02,31.190001,1050600,31.190001
"2015-07-01",31.35,31.393999,30.84,31.25,1025000,31.25
"2015-07-02",31.370001,31.59,31.33,31.469999,449700,31.469999
"2015-07-06",31.09,31.450001,31.01,31.25,1126700,31.25
"2015-07-07",31.219999,31.48,30.82,31.23,1156800,31.23
"2015-07-08",30.93,31.219999,30.25,30.379999,936200,30.379999
"2015-07-09",30.620001,30.620001,30.25,30.32,1021800,30.32
"2015-07-10",30.59,30.653,30.290001,30.35,707500,30.35
"2015-07-13",30.530001,30.84,30.42,30.74,574200,30.74
"2015-07-14",30.75,30.940001,30.68,30.93,463900,30.93
"2015-07-15",30.9,31.16,30.5,30.51,733500,30.51
"2015-07-16",30.73,31.01,30.690001,30.790001,2007300,30.790001
"2015-07-17",30.870001,30.971001,30.5,30.559999,988500,30.559999
"2015-07-20",30.639999,30.889999,30.549999,30.76,499100,30.76
"2015-07-21",30.700001,30.860001,30.389999,30.42,709500,30.42
"2015-07-22",30.18,30.780001,30.129999,30.74,582300,30.74
"2015-07-23",30.73,30.860001,30.200001,30.299999,599100,30.299999
"2015-07-24",30.25,30.440001,30.049999,30.059999,703400,30.059999
"2015-07-27",30,30,29.65,29.68,441300,29.68
"2015-07-28",29.74,30.200001,29.514999,30.059999,773000,30.059999
"2015-07-29",30.07,30.530001,29.9,30.49,487100,30.49
"2015-07-30",30.35,30.66,30.18,30.639999,572900,30.639999
"2015-07-31",30.700001,31,30.51,30.540001,616100,30.540001
"2015-08-03",30.709999,30.889999,30.389999,30.49,633300,30.49
"2015-08-04",30.35,30.709999,30.17,30.41,428500,30.41
"2015-08-05",30.469999,30.9,30.32,30.35,656700,30.35
"2015-08-06",30.309999,30.379999,29.58,29.719999,750100,29.719999
"2015-08-07",29.6,29.860001,29.415001,29.860001,459300,29.860001
"2015-08-10",30.049999,30.809999,30.040001,30.639999,463500,30.639999
"2015-08-11",30.17,30.49,29.969999,30.08,584700,30.08
"2015-08-12",29.690001,29.99,29.280001,29.879999,635600,29.879999
"2015-08-13",29.91,30.139999,29.799999,29.91,456800,29.91
"2015-08-14",29.91,30.389999,29.85,30.370001,448200,30.370001
"2015-08-17",30.290001,30.49,30.15,30.379999,601500,30.379999
"2015-08-18",30.379999,30.66,29.98,30,531200,30
"2015-08-19",29.969999,30,29.42,29.540001,806100,29.540001
"2015-08-20",32.549999,33.240002,32.439999,32.77,2895100,32.77
"2015-08-21",32.32,33.290001,32.310001,32.349998,1276500,32.349998
"2015-08-24",30.629999,31.84,30.1,30.59,1e+06,30.59
"2015-08-25",31.25,31.26,30.290001,30.35,928300,30.35
"2015-08-26",30.98,31.164,30.190001,31.059999,725400,31.059999
"2015-08-27",31.32,31.816999,31,31.67,665400,31.67
"2015-08-28",31.57,31.950001,31.309999,31.92,486400,31.92
"2015-08-31",31.74,32.220001,31.68,32.040001,689800,32.040001
"2015-09-01",31.370001,31.68,31.17,31.25,984600,31.25
"2015-09-02",31.629999,31.844999,31.440001,31.84,541800,31.84
"2015-09-03",31.93,32.73,31.93,32.610001,790600,32.610001
"2015-09-04",32.25,32.5,31.99,32.240002,500200,32.240002
"2015-09-08",32.560001,33.139999,32.310001,33.09,993400,33.09
"2015-09-09",33.25,33.389999,32.639999,32.720001,758800,32.720001
"2015-09-10",32.68,33.060001,32.470001,32.970001,649600,32.970001
"2015-09-11",32.779999,32.970001,32.720001,32.84,273600,32.84
"2015-09-14",32.84,32.84,32.389999,32.830002,355500,32.830002
"2015-09-15",32.849998,33.009998,32.57,32.950001,361500,32.950001
"2015-09-16",32.919998,33.610001,32.810001,33.549999,417000,33.549999
"2015-09-17",33.610001,34.130001,33.535,33.709999,508200,33.709999
"2015-09-18",33.34,33.68,32.720001,32.830002,1112200,32.830002
"2015-09-21",33.02,33.259998,32.830002,32.900002,535800,32.900002
"2015-09-22",32.470001,32.470001,31.92,32.049999,661100,32.049999
"2015-09-23",32.169998,32.220001,31.629999,31.780001,312000,31.780001
"2015-09-24",31.48,31.57,31.02,31.209999,461600,31.209999
"2015-09-25",31.379999,31.379999,30.860001,31.01,347200,31.01
"2015-09-28",30.83,30.91,30.16,30.23,405900,30.23
"2015-09-29",30.26,30.4,29.940001,30.17,492100,30.17
"2015-09-30",30.5,30.969999,30.5,30.84,487000,30.84
"2015-10-01",30.85,30.879999,30.34,30.43,520000,30.43
"2015-10-02",30.02,31.309999,30,31.299999,645800,31.299999
"2015-10-05",31.559999,32.18,31.379999,32.099998,492000,32.099998
"2015-10-06",32.139999,32.310001,31.809999,32.150002,518600,32.150002
"2015-10-07",32.310001,32.860001,32.200001,32.700001,626000,32.700001
"2015-10-08",32.650002,33.349998,32.540001,33.119999,394200,33.119999
"2015-10-09",33.169998,33.389999,32.650002,32.68,313300,32.68
"2015-10-12",32.68,32.68,32.259998,32.299999,221900,32.299999
"2015-10-13",32.18,32.529999,31.969999,32,430400,32
"2015-10-14",32.029999,32.610001,31.98,32.439999,424000,32.439999
"2015-10-15",32.5,32.779999,32.369999,32.759998,368000,32.759998
"2015-10-16",32.73,32.790001,32.310001,32.59,365300,32.59
"2015-10-19",32.360001,32.619999,31.965,32.029999,533600,32.029999
"2015-10-20",31.860001,32.43,31.610001,32,282300,32
"2015-10-21",32.110001,32.330002,31.48,31.530001,290900,31.530001
"2015-10-22",31.700001,32.09,31.549999,32.009998,305400,32.009998
"2015-10-23",32.259998,32.330002,32.044998,32.299999,259200,32.299999
"2015-10-26",32.18,32.386002,31.809999,32.009998,345600,32.009998
"2015-10-27",31.719999,32.119999,31.65,31.799999,734200,31.799999
"2015-10-28",31.92,33,31.879999,32.990002,438600,32.990002
"2015-10-29",32.779999,33.330002,32.683998,33.060001,336300,33.060001
"2015-10-30",33.299999,33.349998,32.700001,33.080002,415600,33.080002
"2015-11-02",33,33.48,32.709999,33.369999,373400,33.369999
"2015-11-03",33.09,33.43,32.889999,33.080002,453100,33.080002
"2015-11-04",33.119999,33.389999,32.610001,32.700001,378100,32.700001
"2015-11-05",32.84,32.84,32.259998,32.27,463200,32.27
"2015-11-06",31.950001,32.400002,31.889999,31.99,578000,31.99
"2015-11-09",31.889999,32.125,31.450001,31.66,397800,31.66
"2015-11-10",31.5,31.610001,30.700001,30.84,988800,30.84
"2015-11-11",30.98,31.139999,30.82,31.049999,602700,31.049999
"2015-11-12",30.790001,31.025,30.299999,30.32,365400,30.32
"2015-11-13",30.25,30.73,30.02,30.379999,586500,30.379999
"2015-11-16",30.379999,31.059999,30.290001,30.99,769200,30.99
"2015-11-17",30.99,31.24,30.709999,30.809999,364900,30.809999
"2015-11-18",30.950001,31.24,30.75,31.23,818900,31.23
"2015-11-19",31.129999,31.52,30.99,31.129999,472300,31.129999
"2015-11-20",29.889999,30.24,28.549999,29.469999,2638600,29.469999
"2015-11-23",29.42,30.08,29.110001,30.08,971500,30.08
"2015-11-24",29.940001,30.58,29.85,30.57,930200,30.57
"2015-11-25",30.51,30.65,30.08,30.6,624600,30.6
"2015-11-27",30.59,30.879999,30.59,30.799999,283600,30.799999
"2015-11-30",30.790001,30.93,30.700001,30.809999,649800,30.809999
"2015-12-01",30.700001,30.790001,29.905001,29.99,702000,29.99
"2015-12-02",29.809999,30.02,29.719999,29.799999,805700,29.799999
"2015-12-03",29.959999,29.99,28.84,29.049999,857300,29.049999
"2015-12-04",28.98,29.615,28.959999,29.58,817600,29.58
"2015-12-07",29.41,29.629999,29.030001,29.18,673700,29.18
"2015-12-08",28.93,29.219999,28.791,29.209999,887500,29.209999
"2015-12-09",29.18,29.32,28.809999,28.940001,692400,28.940001
"2015-12-10",28.91,29.17,28.870001,29,655000,29
"2015-12-11",28.68,29.16,28.530001,28.639999,828300,28.639999
"2015-12-14",28.6,28.700001,27.75,27.860001,782800,27.860001
"2015-12-15",28.08,28.379999,28,28.360001,854800,28.360001
"2015-12-16",28.469999,28.639999,28.030001,28.370001,572900,28.370001
"2015-12-17",28.379999,28.620001,28.299999,28.459999,731800,28.459999
"2015-12-18",28.440001,28.52,28.01,28.01,2671000,28.01
"2015-12-21",28.25,28.42,27.98,28.110001,595300,28.110001
"2015-12-22",28.190001,28.57,28.01,28.559999,723400,28.559999
"2015-12-23",28.67,29.049999,28.559999,29,633400,29
"2015-12-24",28.92,29.15,28.799999,28.950001,456700,28.950001
"2015-12-28",28.83,28.99,28.360001,28.780001,388200,28.780001
"2015-12-29",28.73,28.98,28.360001,28.620001,458700,28.620001
"2015-12-30",28.51,28.75,28.48,28.58,434500,28.58
"2015-12-31",28.48,28.700001,28.299999,28.33,588200,28.33
"2016-01-04",27.93,28.15,27.75,27.809999,951900,27.809999
"2016-01-05",27.809999,28.35,27.610001,27.75,796400,27.75
"2016-01-06",27.370001,27.66,27.209999,27.299999,756700,27.299999
"2016-01-07",26.790001,26.92,26.200001,26.219999,872500,26.219999
"2016-01-08",25.84,26.08,25.32,25.450001,1485000,25.450001
"2016-01-11",25.450001,25.58,24.799999,24.93,930300,24.93
"2016-01-12",25.15,25.41,24.65,25.25,1124800,25.25
"2016-01-13",25.309999,25.540001,24.4,24.43,1365600,24.43
"2016-01-14",24.48,24.879999,24.09,24.65,9e+05,24.65
"2016-01-15",24.040001,24.285,23.309999,23.530001,858400,23.530001
"2016-01-19",23.73,23.93,23.08,23.209999,708100,23.209999
"2016-01-20",22.92,23.02,22.15,22.91,1626600,22.91
"2016-01-21",23.02,23.805,22.799999,23.33,924500,23.33
"2016-01-22",23.73,24.040001,23.66,24,1013200,24
"2016-01-25",23.9,24.07,23.84,23.959999,922100,23.959999
"2016-01-26",24.129999,24.370001,23.82,23.99,697000,23.99
"2016-01-27",23.83,23.959999,23.379999,23.469999,457300,23.469999
"2016-01-28",23.700001,23.700001,23.08,23.139999,420000,23.139999
"2016-01-29",23.24,23.67,23.200001,23.4,1915500,23.4
"2016-02-01",23.139999,23.219999,22.879999,23,1368200,23
"2016-02-02",22.82,22.98,22.309999,22.440001,1090700,22.440001
"2016-02-03",22.48,22.49,21.98,22.389999,655500,22.389999
"2016-02-04",22.4,22.99,22.4,22.940001,833200,22.940001
"2016-02-05",22.85,22.940001,22.17,22.24,550400,22.24
"2016-02-08",22,22.065001,21.200001,21.379999,889000,21.379999
"2016-02-09",21.18,21.700001,21.17,21.18,871100,21.18
"2016-02-10",21.4,21.969999,21.360001,21.76,725000,21.76
"2016-02-11",21.379999,21.809999,21.070999,21.549999,822300,21.549999
"2016-02-12",21.74,22.24,21.549999,22.209999,553700,22.209999
"2016-02-16",22.459999,22.76,22.209999,22.6,623000,22.6
"2016-02-17",22.719999,23.129999,22.66,23.049999,745800,23.049999
"2016-02-18",23.15,23.290001,22.950001,23.219999,664000,23.219999
"2016-02-19",22.17,24.07,22.16,23.9,1656800,23.9
"2016-02-22",24.059999,24.725,23.975,24.67,1112200,24.67
"2016-02-23",24.5,25.235001,24.450001,25.18,1201600,25.18
"2016-02-24",25,25.780001,24.719999,25.73,1179600,25.73
"2016-02-25",25.74,25.860001,25.200001,25.74,964000,25.74
"2016-02-26",25.9,25.98,25.52,25.940001,897700,25.940001
"2016-02-29",25.93,26.190001,25.775,26.09,846200,26.09
"2016-03-01",26.27,26.76,26.17,26.34,982200,26.34
"2016-03-02",26.280001,26.889999,26.212999,26.879999,588600,26.879999
"2016-03-03",26.82,27.120001,26.75,27.09,554900,27.09
"2016-03-04",27.129999,27.33,26.799999,27.219999,811600,27.219999
"2016-03-07",27.07,27.395,26.940001,27.15,668000,27.15
"2016-03-08",27.01,27.07,26.68,26.74,708600,26.74
"2016-03-09",25.65,25.98,25.290001,25.799999,818400,25.799999
"2016-03-10",25.959999,26.139999,25.74,26.049999,578400,26.049999
"2016-03-11",26.25,26.91,26.25,26.559999,522000,26.559999
"2016-03-14",26.559999,26.860001,26.440001,26.57,433700,26.57
"2016-03-15",26.4,26.700001,26.07,26.209999,443500,26.209999
"2016-03-16",26.059999,26.587999,26.059999,26.52,370800,26.52
"2016-03-17",26.52,27.34,26.52,27.25,339000,27.25
"2016-03-18",27.219999,27.76,27.190001,27.74,1616700,27.74
"2016-03-21",27.690001,28.1,27.620001,27.940001,510500,27.940001
"2016-03-22",27.940001,28.389999,27.799999,28.219999,581700,28.219999
"2016-03-23",28.07,28.07,26.99,27,635800,27
"2016-03-24",26.82,27.110001,26.52,27,763400,27
"2016-03-28",27.07,27.33,26.860001,27.24,415500,27.24
"2016-03-29",27.120001,27.754999,26.9,27.74,627700,27.74
"2016-03-30",27.950001,28.02,27.280001,27.42,359300,27.42
"2016-03-31",27.370001,27.77,26.99,27.74,692000,27.74
"2016-04-01",27.18,28.049999,27.18,27.809999,715500,27.809999
"2016-04-04",27.77,27.915001,27.17,27.35,629000,27.35
"2016-04-05",26.940001,27.040001,26.799999,26.9,755500,26.9
"2016-04-06",26.9,26.98,26.639999,26.77,495700,26.77
"2016-04-07",26.68,26.785,26.27,26.43,586900,26.43
"2016-04-08",26.629999,27.049999,26.469999,26.719999,477300,26.719999
"2016-04-11",26.84,27.129999,26.58,26.940001,897400,26.940001
"2016-04-12",26.879999,26.99,26.57,26.719999,1019100,26.719999
"2016-04-13",26.889999,27.969999,26.889999,27.799999,578300,27.799999
"2016-04-14",27.73,27.785,27.219999,27.32,766600,27.32
"2016-04-15",27.25,27.49,27.09,27.139999,1003500,27.139999
"2016-04-18",27.07,27.34,26.924999,27.1,372800,27.1
"2016-04-19",27.24,27.299999,27.059999,27.26,382700,27.26
"2016-04-20",27.280001,27.57,27.135,27.16,495800,27.16
"2016-04-21",27.040001,27.246,26.92,27.07,346900,27.07
"2016-04-22",27.09,27.450001,27.09,27.43,575700,27.43
"2016-04-25",27.360001,27.360001,26.700001,26.92,408900,26.92
"2016-04-26",27.030001,27.370001,26.889999,27.290001,283900,27.290001
"2016-04-27",27.209999,27.379999,26.82,27.120001,424700,27.120001
"2016-04-28",27.01,27.135,26.41,26.450001,531600,26.450001
"2016-04-29",26.33,26.43,25.75,26.08,722200,26.08
"2016-05-02",26.08,26.209999,25.76,26,1226400,26
"2016-05-03",25.870001,26.120001,25.68,26,522800,26
"2016-05-04",25.870001,26.129999,25.719999,25.91,366300,25.91
"2016-05-05",25.98,26.139999,25.799999,25.83,387400,25.83
"2016-05-06",25.700001,26.040001,25.49,25.98,446800,25.98
"2016-05-09",25.870001,26.1,25.665001,25.719999,360500,25.719999
"2016-05-10",25.75,26.24,25.51,26.209999,251200,26.209999
"2016-05-11",26.16,26.24,25.809999,25.84,322600,25.84
"2016-05-12",25.92,26.6,25.68,26.27,2311600,26.27
"2016-05-13",26.26,26.41,25.875,25.98,514800,25.98
"2016-05-16",25.93,26.360001,25.93,26.27,1968300,26.27
"2016-05-17",26.120001,26.395,26.01,26.209999,699900,26.209999
"2016-05-18",26.110001,26.615,26.075001,26.209999,493800,26.209999
"2016-05-19",25.940001,26.309999,25.91,25.99,1146800,25.99
"2016-05-20",27.25,30.32,27.25,29.940001,3513200,29.940001
"2016-05-23",29.940001,30.48,29.74,30.129999,967200,30.129999
"2016-05-24",30.17,30.559999,30.07,30.42,713900,30.42
"2016-05-25",30.48,30.709999,30.33,30.49,546500,30.49
"2016-05-26",30.51,30.559999,30.235001,30.48,561000,30.48
"2016-05-27",30.5,30.905001,30.48,30.719999,415800,30.719999
"2016-05-31",30.73,30.84,30.41,30.629999,625900,30.629999
"2016-06-01",30.43,30.889999,30.370001,30.84,533000,30.84
"2016-06-02",30.809999,31.5,30.799999,31.389999,947400,31.389999
"2016-06-03",31.25,31.450001,31.049999,31.42,517500,31.42
"2016-06-06",31.360001,31.73,31.32,31.57,526100,31.57
"2016-06-07",31.57,31.57,31.139999,31.33,381700,31.33
"2016-06-08",31.33,31.700001,31.209999,31.700001,534800,31.700001
"2016-06-09",31.43,31.870001,31.24,31.26,520000,31.26
"2016-06-10",31,31.059999,30.549999,30.639999,404400,30.639999
"2016-06-13",30.459999,30.58,29.879999,29.91,616100,29.91
"2016-06-14",29.83,29.969999,29.450001,29.629999,1100800,29.629999
"2016-06-15",29.809999,30.129999,29.629999,29.84,924500,29.84
"2016-06-16",29.620001,29.620001,29.299999,29.49,583900,29.49
"2016-06-17",29.4,29.82,29.280001,29.66,1077300,29.66
"2016-06-20",30.1,30.49,30.08,30.450001,577200,30.450001
"2016-06-21",30.51,30.51,29.790001,30.059999,546700,30.059999
"2016-06-22",30.09,30.549999,30,30.4,595600,30.4
"2016-06-23",30.629999,31.030001,30.6,31.030001,739400,31.030001
"2016-06-24",29.709999,30.219999,29.459999,29.66,2720100,29.66
"2016-06-27",29.370001,29.389999,28.459999,28.49,716900,28.49
"2016-06-28",28.799999,29.120001,28.5,28.93,543400,28.93
"2016-06-29",29.379999,29.51,28.83,29.08,1068500,29.08
"2016-06-30",29.07,29.139999,28.855,29.09,1212800,29.09
"2016-07-01",29.040001,29.309999,28.860001,28.93,643600,28.93
"2016-07-05",28.709999,28.84,28.110001,28.389999,639600,28.389999
"2016-07-06",28.219999,28.309999,27.91,28.25,759800,28.25
"2016-07-07",28.34,28.59,27.9,28.18,704100,28.18
"2016-07-08",28.4,29.1,28.129999,29.02,1836800,29.02
"2016-07-11",29.16,29.200001,28.530001,28.530001,562000,28.530001
"2016-07-12",28.799999,29.030001,28.790001,28.9,599200,28.9
"2016-07-13",29.02,29.09,28.385,28.719999,852900,28.719999
"2016-07-14",29.01,29.040001,28.77,28.879999,490900,28.879999
"2016-07-15",28.98,29.219999,28.794001,29.1,491400,29.1
"2016-07-18",29.18,29.440001,29.040001,29.32,673400,29.32
"2016-07-19",29.309999,29.370001,29.07,29.26,546900,29.26
"2016-07-20",29.379999,29.75,29.25,29.719999,749900,29.719999
"2016-07-21",29.639999,29.809999,29.4,29.52,517700,29.52
"2016-07-22",29.469999,30,29.219999,29.860001,538700,29.860001
"2016-07-25",29.75,29.75,29.309999,29.48,491600,29.48
"2016-07-26",29.540001,29.83,29.41,29.67,488500,29.67
"2016-07-27",29.73,29.82,29.540001,29.76,449000,29.76
"2016-07-28",29.709999,29.84,29.499001,29.57,481400,29.57
"2016-07-29",29.59,29.59,28.92,29.24,925200,29.24
"2016-08-01",29.200001,29.459999,29.1,29.190001,343200,29.190001
"2016-08-02",29.219999,29.299999,28.18,28.200001,572600,28.200001
"2016-08-03",28.24,28.629999,28.219999,28.610001,463600,28.610001
"2016-08-04",28.67,28.719999,28.469999,28.49,354700,28.49
"2016-08-05",28.67,28.93,28.58,28.93,479600,28.93
"2016-08-08",28.879999,29.094999,28.870001,28.93,284200,28.93
"2016-08-09",28.9,29.07,28.780001,28.790001,374800,28.790001
"2016-08-10",28.860001,29.1,28.75,29.030001,394700,29.030001
"2016-08-11",29.08,29.25,28.961,29.209999,339600,29.209999
"2016-08-12",29.15,29.360001,29.030001,29.32,262700,29.32
"2016-08-15",29.1,29.77,29.1,29.67,428300,29.67
"2016-08-16",29.65,29.75,29.370001,29.6,518700,29.6
"2016-08-17",29.540001,29.75,29.280001,29.68,948700,29.68
"2016-08-18",26.950001,29.73,26.870001,29.41,2780500,29.41
"2016-08-19",29.200001,30.35,29.17,30.190001,1221600,30.190001
"2016-08-22",30.190001,30.299999,30.030001,30.299999,632800,30.299999
"2016-08-23",30.379999,30.620001,30.27,30.290001,652400,30.290001
"2016-08-24",30.209999,30.360001,29.65,29.77,569200,29.77
"2016-08-25",29.780001,30.219999,29.709999,29.98,374800,29.98
"2016-08-26",30.040001,30.26,29.91,30.040001,357500,30.040001
"2016-08-29",30.08,30.5,30,30.26,483400,30.26
"2016-08-30",30.27,30.540001,30.219999,30.459999,367300,30.459999
"2016-08-31",30.4,30.52,30.309999,30.43,796800,30.43
"2016-09-01",30.4,30.68,30.299999,30.59,508800,30.59
"2016-09-02",30.76,30.9,30.4,30.440001,727700,30.440001
"2016-09-06",30.4,30.49,30.215,30.4,512200,30.4
"2016-09-07",30.35,30.719999,30.32,30.4,610200,30.4
"2016-09-08",30.26,30.469999,30.209999,30.370001,391100,30.370001
"2016-09-09",30.219999,30.309999,29.52,29.530001,721800,29.530001
"2016-09-12",29.450001,30.290001,29.309999,30.290001,532000,30.290001
"2016-09-13",29.950001,30,29.459999,29.780001,769000,29.780001
"2016-09-14",29.85,29.870001,29.33,29.389999,314000,29.389999
"2016-09-15",29.34,30.08,29.290001,29.98,359200,29.98
"2016-09-16",29.93,29.93,29.25,29.25,668900,29.25
"2016-09-19",29.84,30.940001,29.84,30.65,1078200,30.65
"2016-09-20",30.879999,31.129999,30.440001,30.66,578400,30.66
"2016-09-21",30.76,31.09,30.65,31.07,417100,31.07
"2016-09-22",31.1,31.754999,31.084999,31.639999,567500,31.639999
"2016-09-23",31.379999,31.620001,31.35,31.469999,307500,31.469999
"2016-09-26",31.18,31.26,30.870001,30.969999,332400,30.969999
"2016-09-27",30.84,31.16,30.799999,31.15,466100,31.15
"2016-09-28",31.26,31.76,31.120001,31.75,379000,31.75
"2016-09-29",31.559999,31.67,30.879999,31.1,381200,31.1
"2016-09-30",31.139999,31.799999,31.1,31.690001,404800,31.690001
"2016-10-03",31.35,31.65,31.219999,31.35,362500,31.35
"2016-10-04",31.42,31.879999,31.08,31.280001,298900,31.280001
"2016-10-05",31.5,31.98,31.5,31.559999,334300,31.559999
"2016-10-06",31.440001,31.549999,31.110001,31.540001,327900,31.540001
"2016-10-07",31.5,31.58,31.110001,31.280001,345800,31.280001
"2016-10-10",31.52,31.92,31.35,31.41,193300,31.41
"2016-10-11",31.18,31.41,30.99,31.16,465800,31.16
"2016-10-12",31.26,31.27,31.01,31.25,404600,31.25
"2016-10-13",31.110001,31.35,30.93,31.32,569400,31.32
"2016-10-14",31.469999,31.719999,31.32,31.6,568300,31.6
"2016-10-17",31.639999,31.700001,31.51,31.65,530800,31.65
"2016-10-18",31.940001,31.99,31.76,31.940001,507200,31.940001
"2016-10-19",31.99,32.549999,31.92,32.509998,453700,32.509998
"2016-10-20",32.5,32.740002,32.43,32.66,1101000,32.66
"2016-10-21",32.400002,32.57,32.27,32.490002,1043900,32.490002
"2016-10-24",32.779999,33.119999,32.509998,33.049999,365800,33.049999
"2016-10-25",32.98,33.032001,32.720001,32.880001,685800,32.880001
"2016-10-26",32.740002,33.049999,32.52,32.75,494500,32.75
"2016-10-27",32.950001,33.049999,32.75,32.889999,602000,32.889999
"2016-10-28",32.91,33.139999,32.700001,32.810001,336000,32.810001
"2016-10-31",32.93,33.099998,32.759998,32.799999,609600,32.799999
"2016-11-01",32.939999,33,32.369999,32.66,487000,32.66
"2016-11-02",32.599998,32.82,31.940001,31.98,476400,31.98
"2016-11-03",32,32.060001,31.809999,31.98,425400,31.98
"2016-11-04",32.02,32.360001,31.82,31.82,406000,31.82
"2016-11-07",32.200001,33.259998,32.09,33.259998,731800,33.259998
"2016-11-08",33.080002,33.5,32.831001,33.209999,560800,33.209999
"2016-11-09",32.669998,33.779999,32.630001,33.779999,624400,33.779999
"2016-11-10",33.990002,34.25,33.779999,33.93,557600,33.93
"2016-11-11",33.779999,34.59,33.779999,34.57,434400,34.57
"2016-11-14",34.68,34.950001,34.580002,34.799999,439800,34.799999
"2016-11-15",34.75,35.32,34.611,35.130001,547500,35.130001
"2016-11-16",35,35.369999,34.736,35.110001,476800,35.110001
"2016-11-17",35,35.580002,35,35.220001,737300,35.220001
"2016-11-18",35.299999,36.52,34.791,35.889999,1035200,35.889999
"2016-11-21",35.900002,36.09,35.805,35.900002,659200,35.900002
"2016-11-22",35.900002,36.599998,35.84,36.599998,754400,36.599998
"2016-11-23",36.59,37.68,36.59,37.650002,732500,37.650002
"2016-11-25",37.650002,38.279999,37.610001,38.259998,345700,38.259998
"2016-11-28",38,38.080002,37.610001,37.98,879800,37.98
"2016-11-29",37.900002,37.98,37.25,37.259998,634200,37.259998
"2016-11-30",37.360001,37.48,36.830002,36.830002,801200,36.830002
"2016-12-01",36.900002,36.900002,35.349998,35.490002,1103100,35.490002
"2016-12-02",35.540001,35.830002,35.23,35.349998,1106600,35.349998
"2016-12-05",35.560001,36.09,35.560001,35.84,695900,35.84
"2016-12-06",36,36.380001,35.759998,36.369999,530700,36.369999
"2016-12-07",36.330002,36.700001,35.959999,36.630001,528600,36.630001
"2016-12-08",36.720001,37.07,36.610001,36.950001,1205500,36.950001
"2016-12-09",37,37.299999,36.810001,37.119999,459400,37.119999
"2016-12-12",36.900002,37.220001,36.709999,37.119999,446300,37.119999
"2016-12-13",37.34,37.540001,37.080002,37.150002,401000,37.150002
"2016-12-14",37.009998,37.220001,36.310001,36.349998,763800,36.349998
"2016-12-15",36.52,36.689999,36.419998,36.509998,645800,36.509998
"2016-12-16",36.57,36.740002,36.279999,36.299999,2149900,36.299999
"2016-12-19",36.200001,36.48,35.785,35.889999,741400,35.889999
"2016-12-20",36.150002,36.299999,35.689999,35.990002,589500,35.990002
"2016-12-21",36.09,36.41,36.009998,36.150002,381700,36.150002
"2016-12-22",36.18,36.389999,35.810001,36.209999,512700,36.209999
"2016-12-23",36.330002,36.889999,36.330002,36.869999,299900,36.869999
"2016-12-27",36.75,37.189999,36.75,37,323000,37
"2016-12-28",37.060001,37.080002,36.25,36.459999,544200,36.459999
"2016-12-29",36.580002,36.860001,36.290001,36.630001,309400,36.630001
"2016-12-30",36.880001,36.950001,36.32,36.57,476000,36.57
"2017-01-03",36.599998,37.16,36.029999,36.279999,630900,36.279999
"2017-01-04",36.25,37.18,36.25,36.880001,693700,36.880001
"2017-01-05",36.98,37.18,36.310001,36.450001,1206100,36.450001
"2017-01-06",36.549999,36.599998,36.119999,36.200001,652900,36.200001
"2017-01-09",36.130001,36.369999,35.900002,36.099998,916600,36.099998
"2017-01-10",36.259998,36.355,36.02,36.310001,749100,36.310001
"2017-01-11",36.259998,36.619999,36.130001,36.5,574100,36.5
"2017-01-12",36.400002,36.400002,35.689999,36.349998,304500,36.349998
"2017-01-13",36.52,36.990002,36.509998,36.93,349200,36.93
"2017-01-17",36.610001,36.830002,35.810001,35.880001,520400,35.880001
"2017-01-18",35.950001,36.389999,35.73,35.900002,470600,35.900002
"2017-01-19",35.970001,36.389999,35.599998,35.73,390900,35.73
"2017-01-20",35.880001,36.169998,35.759998,36.16,439000,36.16
"2017-01-23",35.959999,36.380001,35.790001,36.299999,453800,36.299999
"2017-01-24",36.349998,37,36.189999,36.950001,423500,36.950001
"2017-01-25",36.990002,37.860001,36.75,37.709999,686400,37.709999
"2017-01-26",37.66,37.681,37.150002,37.240002,544700,37.240002
"2017-01-27",37.189999,37.425999,36.860001,37.009998,409400,37.009998
"2017-01-30",37.560001,37.560001,36.5,36.990002,1141400,36.990002
"2017-01-31",36.779999,37.169998,36.310001,37.07,778000,37.07
"2017-02-01",37.139999,37.48,36.41,36.720001,1514400,36.720001
"2017-02-02",36.849998,37,36.099998,36.130001,1459200,36.130001
"2017-02-03",36.490002,37.52,36.330002,37.349998,1703600,37.349998
"2017-02-06",37,37.077,36.549999,36.68,712100,36.68
"2017-02-07",36.82,37.189999,36.43,36.57,865800,36.57
"2017-02-08",36.540001,37.400002,36.299999,37.200001,735800,37.200001
"2017-02-09",37.220001,37.48,36.970001,36.990002,627200,36.990002
"2017-02-10",37.09,37.645,36.75,37.630001,1516100,37.630001
"2017-02-13",37.720001,37.834999,37.419998,37.419998,404300,37.419998
"2017-02-14",37.23,37.599998,37.049999,37.450001,512600,37.450001
"2017-02-15",37.299999,38.34,37.27,38.099998,960900,38.099998
"2017-02-16",38.150002,38.470001,37.84,38.220001,832000,38.220001
"2017-02-17",38.41,38.48,36.689999,37.919998,1050400,37.919998
"2017-02-21",37.830002,38.18,37.73,38.040001,582600,38.040001
"2017-02-22",37.939999,38.150002,37.84,38.119999,480100,38.119999
"2017-02-23",38.169998,38.200001,37.169998,37.759998,463600,37.759998
"2017-02-24",37.349998,37.759998,37.299999,37.549999,626300,37.549999
"2017-02-27",37.52,37.740002,37.369999,37.610001,462000,37.610001
"2017-02-28",37.470001,37.700001,37.16,37.599998,905800,37.599998
"2017-03-01",37.970001,38.09,37.540001,38.029999,1136600,38.029999
"2017-03-02",37.950001,38.169998,37.720001,37.919998,647500,37.919998
"2017-03-03",37.860001,38.369999,37.779999,38.279999,623500,38.279999
"2017-03-06",37.91,38.16,37.845001,37.93,829600,37.93
"2017-03-07",37.860001,38.27,37.720001,37.900002,519500,37.900002
"2017-03-08",37.970001,38.139999,37.849998,37.900002,360400,37.900002
"2017-03-09",37.82,38.07,37.780998,38.02,361200,38.02
"2017-03-10",38.279999,38.939999,38.16,38.860001,781100,38.860001
"2017-03-13",38.790001,38.91,38.349998,38.439999,504900,38.439999
"2017-03-14",38.240002,38.389999,38.049999,38.299999,411300,38.299999
"2017-03-15",38.459999,39.150002,38.299999,39.060001,642700,39.060001
"2017-03-16",39.09,39.360001,38.98,39.119999,404200,39.119999
"2017-03-17",39.189999,39.240002,38.799999,39.02,1244900,39.02
"2017-03-20",39.110001,39.110001,38.700001,38.75,681700,38.75
"2017-03-21",38.700001,38.880001,36.549999,36.610001,1103700,36.610001
"2017-03-22",36.450001,36.560001,35.895,36.169998,964500,36.169998
"2017-03-23",35.509998,37.509998,35.5,37.200001,9991600,37.200001
"2017-03-24",37.200001,37.349998,36.665001,36.810001,1016100,36.810001
"2017-03-27",36.189999,36.59,36.014999,36.52,989700,36.52
"2017-03-28",36.439999,36.970001,36.310001,36.720001,647200,36.720001
"2017-03-29",36.68,36.68,36.34,36.369999,777100,36.369999
"2017-03-30",36.5,36.939999,36.494999,36.59,587500,36.59
"2017-03-31",36.599998,36.619999,36.119999,36.139999,1044700,36.139999
"2017-04-03",36.240002,36.490002,35.91,36.200001,835800,36.200001
"2017-04-04",36.130001,36.68,36.049999,36.240002,1112700,36.240002
"2017-04-05",36.959999,37.299999,36.110001,36.259998,1506800,36.259998
"2017-04-06",36.52,36.75,36.150002,36.439999,617500,36.439999
"2017-04-07",36.23,36.459999,35.759998,35.939999,736000,35.939999
"2017-04-10",35.98,36.150002,35.66,35.689999,717600,35.689999
"2017-04-11",35.599998,35.810001,35.25,35.790001,794100,35.790001
"2017-04-12",35.98,35.98,35.34,35.380001,850100,35.380001
"2017-04-13",35.369999,35.790001,35.050999,35.299999,778200,35.299999
"2017-04-17",35.57,35.990002,35.330002,35.950001,638500,35.950001
"2017-04-18",35.849998,35.990002,35.52,35.77,742200,35.77
"2017-04-19",36.349998,36.630001,35.980999,36.619999,931800,36.619999
"2017-04-20",36.810001,36.869999,36.240002,36.700001,832100,36.700001
"2017-04-21",36.619999,36.66,35.869999,35.880001,627500,35.880001
"2017-04-24",36.43,37.029999,36.209999,37.009998,1302700,37.009998
"2017-04-25",37.299999,37.869999,37.139999,37.75,693700,37.75
"2017-04-26",37.720001,38.139999,37.66,37.849998,624000,37.849998
"2017-04-27",37.93,38.165001,37.75,37.98,609300,37.98
"2017-04-28",38.040001,38.099998,37.360001,37.43,988300,37.43
"2017-05-01",37.549999,37.849998,37.450001,37.77,415800,37.77
"2017-05-02",37.84,38.09,37.610001,37.880001,642600,37.880001
"2017-05-03",37.689999,38.290001,37.43,38.139999,985800,38.139999
"2017-05-04",38.279999,38.580002,38.23,38.450001,634900,38.450001
"2017-05-05",38.5,38.919998,38.34,38.919998,730700,38.919998
"2017-05-08",38.950001,39.290001,38.645,39.040001,638400,39.040001
"2017-05-09",39.02,39.299999,38.91,39.130001,523500,39.130001
"2017-05-10",38.98,39.305,38.91,39.209999,500700,39.209999
"2017-05-11",38.959999,39.080002,38.59,39.080002,399400,39.080002
"2017-05-12",39,39.009998,38.720001,38.98,440200,38.98
"2017-05-15",38.98,39.490002,38.955002,39.23,478600,39.23
"2017-05-16",39.299999,39.299999,38.869999,39.080002,523200,39.080002
"2017-05-17",39.080002,39.080002,37.759998,37.84,1068500,37.84
"2017-05-18",37.650002,37.650002,37.099998,37.450001,830500,37.450001
"2017-05-19",37.490002,37.93,37.459999,37.490002,764200,37.490002
"2017-05-22",37.599998,37.744999,37.23,37.639999,813500,37.639999
"2017-05-23",37.759998,37.84,37.41,37.560001,362000,37.560001
"2017-05-24",37.610001,38.110001,37.549999,38.07,715800,38.07
"2017-05-25",38.200001,38.400002,38.009998,38.240002,424200,38.240002
"2017-05-26",38.169998,38.560001,37.990002,38.360001,491500,38.360001
"2017-05-30",38.549999,39.290001,38.5,39.099998,789600,39.099998
"2017-05-31",39.09,39.139999,38.290001,38.639999,781900,38.639999
"2017-06-01",39,39.220001,38.77,39.080002,1284000,39.080002
"2017-06-02",39.330002,39.950001,39.209999,39.759998,1473200,39.759998
"2017-06-05",39.700001,40.119999,39.650002,39.919998,727400,39.919998
"2017-06-06",39.93,40.75,39.66,40.25,1963500,40.25
"2017-06-07",41.849998,41.990002,38.130001,38.619999,3192700,38.619999
"2017-06-08",38.43,38.970001,37.82,38.299999,1446500,38.299999
"2017-06-09",38.290001,38.549999,37.080002,37.639999,1508500,37.639999
"2017-06-12",37.59,37.599998,36.41,37,1294400,37
"2017-06-13",37.259998,37.259998,36.369999,36.599998,1096800,36.599998
"2017-06-14",36.860001,36.945999,35.98,36.34,865500,36.34
"2017-06-15",36.09,36.68,35.619999,36.529999,1401600,36.529999
"2017-06-16",37.900002,38.459999,37.310001,37.98,3014600,37.98
"2017-06-19",38.099998,38.400002,37.709999,37.990002,1133100,37.990002
"2017-06-20",37.91,38.029999,37.619999,37.950001,1333800,37.950001
"2017-06-21",37.959999,38.099998,37.73,37.849998,1182600,37.849998
"2017-06-22",37.810001,38.209999,37.52,38.099998,1545600,38.099998
"2017-06-23",38.099998,38.68,38.060001,38.279999,2239900,38.279999
"2017-06-26",38.330002,38.59,38.02,38.169998,904700,38.169998
"2017-06-27",38.150002,38.630001,37.959999,38.330002,1697300,38.330002
"2017-06-28",38.599998,39.080002,38.509998,38.959999,2516800,38.959999
"2017-06-29",39.049999,39.060001,37.895,38.599998,2745500,38.599998
"2017-06-30",38.560001,39.099998,38.490002,38.93,1799300,38.93
"2017-07-03",39.099998,39.299999,38.689999,38.709999,669900,38.709999
"2017-07-05",38.689999,39.290001,38.599998,39.150002,1188500,39.150002
"2017-07-06",39.02,39.18,38.509998,38.689999,1677600,38.689999
"2017-07-07",38.880001,40.09,38.764999,40.07,1653000,40.07
"2017-07-10",39.939999,40.619999,39.669998,40.490002,1543800,40.490002
"2017-07-11",40.459999,40.48,39.939999,40.34,1477200,40.34
"2017-07-12",40.639999,40.959999,40.639999,40.950001,921500,40.950001
"2017-07-13",40.93,41.459999,40.740002,41.32,961700,41.32
"2017-07-14",41.23,41.724998,41.150002,41.610001,779400,41.610001
"2017-07-17",41.66,42.080002,41.400002,41.950001,1480800,41.950001
"2017-07-18",41.720001,42.02,41.525002,41.700001,970700,41.700001
"2017-07-19",41.75,42.189999,41.73,41.939999,1064200,41.939999
"2017-07-20",41.900002,41.990002,41.66,41.799999,570000,41.799999
"2017-07-21",41.59,42.150002,41.23,41.970001,549100,41.970001
"2017-07-24",42.060001,42.57,41.830002,42.5,890000,42.5
"2017-07-25",42.630001,42.93,42.470001,42.830002,1054200,42.830002
"2017-07-26",42.810001,42.98,42.25,42.529999,347800,42.529999
"2017-07-27",42.639999,42.889999,41.544998,42.220001,551200,42.220001
"2017-07-28",42.049999,42.32,41.830002,41.919998,395600,41.919998
"2017-07-31",41.98,42.02,41.580002,41.59,466100,41.59
"2017-08-01",41.91,42.049999,41.740002,41.990002,595300,41.990002
"2017-08-02",42.09,42.09,40.849998,41.689999,692600,41.689999
"2017-08-03",41.77,41.950001,41.389999,41.650002,365500,41.650002
"2017-08-04",41.759998,42,41.57,41.880001,481400,41.880001
"2017-08-07",41.889999,42.950001,41.84,42.84,1095000,42.84
"2017-08-08",42.689999,43.150002,42.459999,42.75,723600,42.75
"2017-08-09",42.5,42.630001,42.150002,42.290001,343900,42.290001
"2017-08-10",42.049999,42.084,41.119999,41.25,422300,41.25
"2017-08-11",41.099998,41.869999,41,41.490002,375600,41.490002
"2017-08-14",41.779999,42.07,41.639999,41.779999,390700,41.779999
"2017-08-15",41.939999,42,41.529999,41.580002,433200,41.580002
"2017-08-16",41.68,41.799999,41.459999,41.790001,640500,41.790001
"2017-08-17",41.549999,41.68,40.799999,40.830002,397400,40.830002
"2017-08-18",40.68,40.830002,40.380001,40.389999,713800,40.389999
"2017-08-21",40.369999,40.470001,39.759998,39.919998,769400,39.919998
"2017-08-22",39.98,40.400002,39.900002,40.290001,884600,40.290001
"2017-08-23",40.029999,40.25,39.41,39.43,2017500,39.43
"2017-08-24",39.75,40.02,39.57,39.759998,1071900,39.759998
"2017-08-25",39.990002,40.130001,39.599998,39.82,917300,39.82
"2017-08-28",39.939999,39.970001,39.580002,39.860001,1168200,39.860001
"2017-08-29",39.540001,39.720001,39.209999,39.450001,733500,39.450001
"2017-08-30",39.450001,40.27,39.310001,40.200001,885300,40.200001
"2017-08-31",40.25,40.98,40.25,40.860001,1713500,40.860001
"2017-09-01",40.810001,40.810001,40.130001,40.549999,1257800,40.549999
"2017-09-05",40.470001,40.560001,39.810001,39.970001,690100,39.970001
"2017-09-06",40.080002,40.189999,39.900002,40.110001,477400,40.110001
"2017-09-07",40.080002,40.209999,39.959999,40.080002,675800,40.080002
"2017-09-08",40.049999,40.115002,39.580002,39.619999,550900,39.619999
"2017-09-11",40.060001,40.249001,39.84,39.990002,704000,39.990002
"2017-09-12",40.150002,40.599998,39.98,40.599998,519900,40.599998
"2017-09-13",40.529999,40.869999,40.279999,40.700001,698600,40.700001
"2017-09-14",40.66,41.009998,40.525002,40.950001,677300,40.950001
"2017-09-15",41.029999,41.43,40.965,41.369999,1329800,41.369999
"2017-09-18",41.459999,41.639999,41.27,41.619999,420900,41.619999
"2017-09-19",41.639999,41.639999,41.209999,41.330002,1216200,41.330002
"2017-09-20",41.310001,41.325001,40.57,40.580002,521200,40.580002
"2017-09-21",40.599998,40.740002,40.209999,40.59,576500,40.59
"2017-09-22",40.5,40.740002,40.419998,40.5,312800,40.5
"2017-09-25",40.32,40.419998,39.700001,39.950001,771300,39.950001
"2017-09-26",40.119999,40.34,39.540001,39.759998,509600,39.759998
"2017-09-27",40.080002,40.93,40.02,40.84,535500,40.84
"2017-09-28",40.68,41.380001,40.68,41.369999,581800,41.369999
"2017-09-29",41.380001,41.73,41.32,41.66,771400,41.66
"2017-10-02",41.68,42.23,41.549999,42.209999,688600,42.209999
"2017-10-03",42.18,42.439999,41.639999,42.25,732300,42.25
"2017-10-04",42.169998,42.599998,42.060001,42.549999,1436000,42.549999
"2017-10-05",42.650002,42.650002,41.950001,42.009998,477900,42.009998
"2017-10-06",41.810001,42.099998,41.685001,41.799999,489900,41.799999
"2017-10-09",41.799999,41.884998,41.459999,41.759998,349800,41.759998
"2017-10-10",41.790001,42.294998,41.759998,42.169998,403900,42.169998
"2017-10-11",42.119999,42.369999,41.869999,42.369999,344400,42.369999
"2017-10-12",42.32,42.639999,42.220001,42.529999,378200,42.529999
"2017-10-13",42.52,42.849998,42.389999,42.720001,492300,42.720001
"2017-10-16",42.810001,42.82,42.285,42.5,676600,42.5
"2017-10-17",42.48,42.990002,42.279999,42.5,841400,42.5
"2017-10-18",42.639999,42.959999,42.5,42.849998,455100,42.849998
"2017-10-19",42.650002,42.860001,42.400002,42.75,292400,42.75
"2017-10-20",43.02,43.189999,42.84,42.860001,436900,42.860001
"2017-10-23",42.939999,42.990002,42.5,42.529999,314400,42.529999
"2017-10-24",42.52,43,42.43,42.990002,354600,42.990002
"2017-10-25",43,43.240002,42.529999,43.07,806700,43.07
"2017-10-26",43.16,43.32,42.790001,42.990002,631200,42.990002
"2017-10-27",42.990002,44.290001,42.93,44.290001,854000,44.290001
"2017-10-30",44,44.330002,43.740002,44.25,788900,44.25
"2017-10-31",44.310001,44.790001,44.280998,44.669998,759900,44.669998
"2017-11-01",44.84,44.939999,44.549999,44.57,519400,44.57
"2017-11-02",44.43,44.759998,44.040001,44.360001,578900,44.360001
"2017-11-03",44.369999,44.860001,44.330002,44.779999,821600,44.779999
"2017-11-06",44.759998,45.105,44.110001,45.080002,700400,45.080002
"2017-11-07",44.98,45.650002,44.900002,45.41,827100,45.41
"2017-11-08",45.18,45.509998,45.18,45.389999,830400,45.389999
"2017-11-09",45.09,45.189999,44.240002,44.48,517100,44.48
"2017-11-10",44.279999,44.705002,44.189999,44.560001,417800,44.560001
"2017-11-13",44.279999,44.5,44.185001,44.32,883900,44.32
"2017-11-14",44.110001,44.299999,43.869999,44,456400,44
"2017-11-15",43.720001,43.759998,43.470001,43.580002,527400,43.580002
"2017-11-16",43.73,44.040001,43.57,43.900002,549900,43.900002
"2017-11-17",43.830002,44.009998,43.610001,43.619999,435300,43.619999
"2017-11-20",43.68,44.040001,43.68,44.009998,997000,44.009998
"2017-11-21",44.169998,45.150002,44.169998,45.150002,578500,45.150002
"2017-11-22",45.330002,45.355,45.044998,45.189999,379800,45.189999
"2017-11-24",45.299999,45.459999,45.16,45.34,154000,45.34
"2017-11-27",45.220001,45.32,44.810001,44.880001,694100,44.880001
"2017-11-28",45.029999,45.035,44.650002,44.709999,1309000,44.709999
"2017-11-29",44.639999,44.689999,43.02,43.099998,921500,43.099998
"2017-11-30",43.16,43.939999,42.73,43.5,1440600,43.5
"2017-12-01",43.369999,43.470001,42.5,43.459999,584500,43.459999
"2017-12-04",43.700001,43.869999,41.84,41.900002,787400,41.900002
"2017-12-05",42,42.59,41.959999,42.189999,949100,42.189999
"2017-12-06",42.060001,42.23,41.68,42.080002,1149900,42.080002
"2017-12-07",44.5,45.080002,42.279999,42.720001,2120700,42.720001
"2017-12-08",42.790001,43.560001,42.259998,43.349998,1803100,43.349998
"2017-12-11",43.220001,43.349998,42.139999,42.23,799900,42.23
"2017-12-12",42.34,42.34,41.84,42.029999,720800,42.029999
"2017-12-13",41.82,42.369999,41.75,41.82,606300,41.82
"2017-12-14",41.84,42.450001,41.84,42.23,1227500,42.23
"2017-12-15",41.77,42.880001,41.77,42.68,1652900,42.68
"2017-12-18",42.919998,43.18,42.77,43.049999,600100,43.049999
"2017-12-19",43.02,43.41,42.98,43,740600,43
"2017-12-20",43.23,43.299999,42.689999,42.93,490600,42.93
"2017-12-21",42.91,43.110001,42.59,42.619999,554100,42.619999
"2017-12-22",42.57,42.599998,41.669998,42.07,443600,42.07
"2017-12-26",41.860001,42,41.57,41.599998,237800,41.599998
"2017-12-27",41.560001,41.75,41.330002,41.540001,337400,41.540001
"2017-12-28",41.75,42.240002,41.529999,42.18,580900,42.18
"2017-12-29",42.18,42.479,41.529999,41.599998,634400,41.599998
