"dates","NWS.Open","NWS.High","NWS.Low","NWS.Close","NWS.Volume","NWS.Adjusted"
"2013-06-19",15.21,16.030001,14.96,15.53,7717000,14.237003
"2013-06-20",16.25,16.299999,15.36,15.44,1874600,14.154497
"2013-06-21",15.98,15.98,15.46,15.8,635300,14.484524
"2013-06-24",15.79,15.79,15.19,15.52,758300,14.227838
"2013-06-25",15.5,15.67,15.35,15.66,564400,14.356178
"2013-06-26",15.54,15.55,15.31,15.47,901000,14.181998
"2013-06-27",14.78,15.74,14.66,15.37,3258000,14.090322
"2013-06-28",15.29,15.68,15.25,15.38,1793700,14.099492
"2013-07-01",15.48,15.5,14.84,14.87,4343500,13.631952
"2013-07-02",14.68,15.19,14.67,14.99,8682500,13.741963
"2013-07-03",14.88,15.12,14.84,14.97,2265100,13.723628
"2013-07-05",14.96,15.94,14.96,15.61,3470900,14.310343
"2013-07-08",15.83,16.08,15.55,16.02,4010700,14.686208
"2013-07-09",15.81,16.02,15.67,15.73,3656200,14.420352
"2013-07-10",15.5,15.6,15.22,15.45,3010500,14.163663
"2013-07-11",15.8,15.8,15.06,15.21,3630300,13.943645
"2013-07-12",15,15.18,14.97,14.99,3042300,13.741963
"2013-07-15",15,15.08,14.52,14.8,5331400,13.567781
"2013-07-16",14.71,15.47,14.7,15.39,2711100,14.108659
"2013-07-17",15.28,16.120001,15.28,16.02,3737700,14.686208
"2013-07-18",16.040001,16.25,15.46,15.6,2827900,14.301175
"2013-07-19",15.37,16.26,15.37,16.120001,3735400,14.777881
"2013-07-22",16.15,16.26,15.75,15.9,2159200,14.576198
"2013-07-23",15.85,16.049999,15.71,15.85,2104900,14.530361
"2013-07-24",15.79,16.049999,15.62,15.92,2205100,14.594532
"2013-07-25",15.91,16.049999,15.64,15.76,2097300,14.447853
"2013-07-26",15.76,16.16,15.5,16.09,937600,14.750378
"2013-07-29",15.98,16.07,15.61,15.71,3495600,14.402017
"2013-07-30",15.73,16.18,15.67,16.139999,3438100,14.796213
"2013-07-31",16.09,16.370001,16.040001,16.09,2392800,14.750378
"2013-08-01",16.110001,16.42,16.09,16.389999,1951600,15.025399
"2013-08-02",16.290001,16.639999,16.25,16.5,2042800,15.126244
"2013-08-05",16.41,16.48,16.08,16.209999,1127500,14.860388
"2013-08-06",16.129999,16.450001,16.030001,16.389999,1335300,15.025399
"2013-08-07",16.24,16.299999,16.040001,16.16,1239800,14.81455
"2013-08-08",16.32,16.51,16.15,16.379999,2109500,15.016234
"2013-08-09",16.41,16.41,16.219999,16.24,1370900,14.887889
"2013-08-12",16.1,16.299999,15.97,16.110001,1917600,14.768715
"2013-08-13",16.23,16.23,16,16.049999,1643600,14.713708
"2013-08-14",16,16.209999,15.87,16.18,2029000,14.832884
"2013-08-15",16.059999,16.389999,15.94,16.32,1351600,14.961229
"2013-08-16",16.26,16.450001,16.16,16.190001,2144700,14.842052
"2013-08-19",16.209999,16.219999,15.88,15.89,610700,14.56703
"2013-08-20",15.91,15.98,15.72,15.88,993300,14.557863
"2013-08-21",15.83,16,15.7,15.94,1948100,14.612867
"2013-08-22",15.99,16.030001,15.82,15.88,1611600,14.557863
"2013-08-23",15.84,16.02,15.77,15.92,1676500,14.594532
"2013-08-26",15.94,16.129999,15.94,16.059999,1095300,14.722878
"2013-08-27",15.98,16.200001,15.93,15.94,3848700,14.612867
"2013-08-28",15.97,16.02,15.89,15.97,7235800,14.64037
"2013-08-29",15.98,16.09,15.83,15.96,797500,14.631203
"2013-08-30",15.91,15.97,15.76,15.84,1583300,14.521194
"2013-09-03",16.02,16.200001,15.88,16,584400,14.667871
"2013-09-04",15.9,16.280001,15.9,16.209999,2037400,14.860388
"2013-09-05",16.200001,16.440001,16.07,16.389999,1912100,15.025399
"2013-09-06",16.43,16.49,16.23,16.34,1655900,14.979564
"2013-09-09",16.33,16.5,16.299999,16.49,772900,15.117076
"2013-09-10",16.530001,16.719999,16.41,16.719999,846300,15.327925
"2013-09-11",16.709999,17.200001,16.68,17.200001,1531600,15.767959
"2013-09-12",17.190001,17.459999,17.110001,17.299999,601600,15.859636
"2013-09-13",17.290001,17.290001,16.98,17.110001,411600,15.685454
"2013-09-16",17.370001,17.379999,17,17.17,772100,15.740459
"2013-09-17",17.16,17.290001,17.120001,17.219999,548600,15.786295
"2013-09-18",17.200001,17.34,17.07,17.25,951800,15.813801
"2013-09-19",17.389999,17.389999,16.91,17.129999,884200,15.703789
"2013-09-20",17.1,17.23,16.719999,16.91,1416500,15.502107
"2013-09-23",16.82,16.85,16.610001,16.790001,703900,15.392099
"2013-09-24",16.77,17.43,16.77,17.33,1402900,15.887137
"2013-09-25",17.23,17.299999,16.99,17.09,1126100,15.667121
"2013-09-26",17.120001,17.120001,16.469999,16.67,2539000,15.282089
"2013-09-27",16.469999,16.59,16.370001,16.559999,823300,15.181246
"2013-09-30",16.52,16.52,16.290001,16.43,611800,15.062072
"2013-10-01",16.450001,16.450001,16.16,16.290001,521200,14.93373
"2013-10-02",16.17,16.57,16.02,16.49,1292300,15.117076
"2013-10-03",16.5,16.59,16.209999,16.27,2186100,14.915391
"2013-10-04",16.24,16.4,16.200001,16.27,1114000,14.915391
"2013-10-07",16.15,16.360001,16.110001,16.27,1107800,14.915391
"2013-10-08",16.209999,16.35,16.17,16.23,667400,14.878721
"2013-10-09",16.209999,16.4,16.17,16.34,4387600,14.979564
"2013-10-10",16.389999,16.67,16.389999,16.65,1069200,15.263753
"2013-10-11",16.6,17.059999,16.6,16.92,2259400,15.511271
"2013-10-14",16.76,17.139999,16.75,17.059999,754900,15.639618
"2013-10-15",17.040001,17.18,16.940001,17.16,1436900,15.731293
"2013-10-16",17.200001,17.290001,17.08,17.26,1241700,15.822967
"2013-10-17",17.190001,17.27,17.1,17.26,861300,15.822967
"2013-10-18",17.360001,17.389999,17.24,17.32,2034100,15.877973
"2013-10-21",17.360001,17.450001,17.24,17.299999,563900,15.859636
"2013-10-22",17.360001,17.530001,17.280001,17.450001,1578100,15.99715
"2013-10-23",17.450001,17.639999,17.290001,17.49,1532000,16.033817
"2013-10-24",17.58,17.799999,17.5,17.719999,931700,16.244667
"2013-10-25",17.73,17.74,17.5,17.559999,1527000,16.097988
"2013-10-28",17.549999,17.73,17.42,17.68,1045000,16.207998
"2013-10-29",17.690001,17.93,17.67,17.870001,889500,16.382177
"2013-10-30",17.950001,18,17.719999,17.75,677500,16.272165
"2013-10-31",17.809999,18.139999,17.73,17.93,1810300,16.437183
"2013-11-01",17.870001,18.16,17.799999,18.110001,1295300,16.602196
"2013-11-04",18.16,18.24,18.08,18.129999,404700,16.620535
"2013-11-05",18.129999,18.26,17.879999,18.1,696300,16.593029
"2013-11-06",18.09,18.24,17.709999,17.77,619800,16.290506
"2013-11-07",17.75,18.120001,17.58,17.610001,660600,16.143827
"2013-11-08",17.58,17.969999,17.540001,17.940001,518800,16.446354
"2013-11-11",17.860001,17.98,17.68,17.780001,537400,16.299673
"2013-11-12",17.389999,17.65,17,17.49,1135600,16.033817
"2013-11-13",17.41,17.6,17.27,17.530001,833800,16.070488
"2013-11-14",17.5,17.67,17.469999,17.51,573900,16.052155
"2013-11-15",17.6,18.08,17.6,18.02,842100,16.519688
"2013-11-18",18.030001,18.07,17.610001,17.690001,795200,16.217167
"2013-11-19",17.67,17.91,17.610001,17.73,471700,16.253836
"2013-11-20",17.75,18,17.700001,17.85,805500,16.363844
"2013-11-21",17.84,17.969999,17.76,17.799999,299200,16.318007
"2013-11-22",17.879999,17.92,17.690001,17.709999,1203700,16.235502
"2013-11-25",17.690001,17.83,17.51,17.610001,717400,16.143827
"2013-11-26",17.6,17.82,17.5,17.76,1162100,16.281338
"2013-11-27",17.709999,18,17.6,17.889999,1039300,16.400515
"2013-11-29",17.9,18,17.870001,17.969999,392000,16.473854
"2013-12-02",17.9,17.950001,17.620001,17.66,889300,16.189663
"2013-12-03",17.540001,17.6,17.4,17.530001,560400,16.070488
"2013-12-04",17.41,17.6,17.290001,17.5,540200,16.042988
"2013-12-05",17.459999,17.459999,17.26,17.370001,513200,15.923808
"2013-12-06",17.469999,17.610001,17.209999,17.360001,1733400,15.914639
"2013-12-09",17.360001,17.43,17.18,17.360001,1985800,15.914639
"2013-12-10",17.299999,17.559999,17.1,17.5,937700,16.042988
"2013-12-11",17.450001,17.610001,17.33,17.469999,745800,16.015484
"2013-12-12",17.389999,17.5,17.309999,17.35,466800,15.905474
"2013-12-13",17.43,17.549999,17.219999,17.5,643300,16.042988
"2013-12-16",17.43,17.65,17.379999,17.629999,718700,16.162163
"2013-12-17",17.32,17.379999,17.02,17.209999,800900,15.777127
"2013-12-18",17.290001,17.4,16.950001,17.35,531000,15.905474
"2013-12-19",17.27,17.309999,17.049999,17.209999,386800,15.777127
"2013-12-20",17.280001,17.780001,17.280001,17.58,565100,16.116325
"2013-12-23",17.6,17.83,17.57,17.780001,395900,16.299673
"2013-12-24",17.799999,17.9,17.629999,17.82,87700,16.33634
"2013-12-26",17.84,17.950001,17.58,17.700001,240200,16.226336
"2013-12-27",17.66,17.700001,17.459999,17.68,319700,16.207998
"2013-12-30",17.68,17.83,17.6,17.75,308400,16.272165
"2013-12-31",17.629999,17.92,17.629999,17.83,297100,16.345509
"2014-01-02",17.84,18.030001,17.76,17.889999,758500,16.400515
"2014-01-03",17.950001,17.950001,17.620001,17.73,431600,16.253836
"2014-01-06",17.82,17.870001,17.43,17.549999,620000,16.088823
"2014-01-07",17.51,17.549999,17.219999,17.32,1174400,15.877973
"2014-01-08",17.26,17.33,17.07,17.24,630300,15.804634
"2014-01-09",17.33,17.469999,17.200001,17.299999,594200,15.859636
"2014-01-10",17.280001,17.41,17.23,17.34,303800,15.896307
"2014-01-13",17.280001,17.370001,17.030001,17.08,458200,15.657953
"2014-01-14",17.08,17.290001,17.08,17.24,594200,15.804634
"2014-01-15",17.25,17.25,17.09,17.15,480300,15.722124
"2014-01-16",17.059999,17.17,16.99,17.040001,506000,15.621287
"2014-01-17",16.959999,17.08,16.879999,17.02,813400,15.602948
"2014-01-21",17.120001,17.120001,16.66,16.76,885900,15.364596
"2014-01-22",16.74,17.01,16.57,16.67,644100,15.282089
"2014-01-23",16.58,16.58,16.389999,16.549999,372700,15.172082
"2014-01-24",16.4,16.73,16.059999,16.15,838800,14.805384
"2014-01-27",16.139999,16.52,16.049999,16.15,3012700,14.805384
"2014-01-28",16.1,16.27,16,16.01,1214600,14.677041
"2014-01-29",15.86,16.02,15.8,15.92,1283200,14.594532
"2014-01-30",16.049999,16.049999,15.75,15.8,1937300,14.484524
"2014-01-31",15.63,15.82,15.58,15.61,783600,14.310343
"2014-02-03",15.55,15.73,15.06,15.07,1966600,13.815302
"2014-02-04",15.18,15.36,15,15.07,4492500,13.815302
"2014-02-05",15.2,15.49,15.12,15.31,2498300,14.035321
"2014-02-06",15.4,15.74,15.18,15.66,1457800,14.356178
"2014-02-07",16.5,17.5,16.5,17,1909400,15.584616
"2014-02-10",17.059999,17.190001,16.73,17.15,920700,15.722124
"2014-02-11",17.139999,17.549999,17.08,17.5,1025800,16.042988
"2014-02-12",17.450001,17.58,17.24,17.299999,443800,15.859636
"2014-02-13",17.26,17.389999,17.02,17.26,540100,15.822967
"2014-02-14",17.18,17.389999,17.110001,17.219999,637900,15.786295
"2014-02-18",17.280001,17.379999,17.07,17.290001,1097700,15.850469
"2014-02-19",17.42,17.52,17.200001,17.25,879700,15.813801
"2014-02-20",17.280001,17.280001,16.969999,17.110001,448100,15.685454
"2014-02-21",17.08,17.309999,17.01,17.219999,725200,15.786295
"2014-02-24",17.219999,17.620001,17.219999,17.5,811600,16.042988
"2014-02-25",17.58,17.709999,17.58,17.620001,1054800,16.152994
"2014-02-26",17.709999,17.73,17.51,17.59,860700,16.125494
"2014-02-27",17.559999,17.68,17.49,17.66,550400,16.189663
"2014-02-28",17.700001,17.969999,17.51,17.889999,662200,16.400515
"2014-03-03",17.709999,17.889999,17.51,17.700001,654400,16.226336
"2014-03-04",17.82,17.940001,17.790001,17.889999,638300,16.400515
"2014-03-05",17.85,18.02,17.700001,17.889999,541000,16.400515
"2014-03-06",17.860001,18.01,17.75,17.860001,321800,16.373013
"2014-03-07",17.98,17.98,17.469999,17.540001,391800,16.079657
"2014-03-10",17.639999,17.639999,17.33,17.48,586700,16.024649
"2014-03-11",17.48,17.52,17.290001,17.370001,853700,15.923808
"2014-03-12",17.33,17.59,17.1,17.5,687000,16.042988
"2014-03-13",17.610001,17.610001,17.030001,17.07,516200,15.648785
"2014-03-14",16.98,17.200001,16.950001,17.049999,805000,15.630447
"2014-03-17",17.15,17.25,16.91,17.08,652900,15.657953
"2014-03-18",17.07,17.43,17.049999,17.35,780800,15.905474
"2014-03-19",17.32,17.41,17.120001,17.24,763700,15.804634
"2014-03-20",17.139999,17.23,16.969999,17.110001,475200,15.685454
"2014-03-21",17.110001,17.26,16.860001,17.01,1579000,15.59378
"2014-03-24",17.1,17.219999,16.91,16.959999,457500,15.547942
"2014-03-25",17,17.120001,16.76,16.84,193300,15.437935
"2014-03-26",16.85,16.870001,16.51,16.52,617700,15.144579
"2014-03-27",16.440001,16.690001,16.440001,16.5,441900,15.126244
"2014-03-28",16.59,16.76,16.49,16.540001,220100,15.162914
"2014-03-31",16.57,16.73,16.5,16.700001,238600,15.309594
"2014-04-01",16.68,16.98,16.66,16.93,530400,15.520438
"2014-04-02",16.879999,16.99,16.799999,16.950001,364900,15.538779
"2014-04-03",16.950001,17.02,16.66,16.690001,761700,15.300425
"2014-04-04",16.66,17.07,16.66,16.709999,784300,15.318757
"2014-04-07",16.65,16.92,16.57,16.73,599300,15.337093
"2014-04-08",16.690001,16.99,16.57,16.65,294200,15.263753
"2014-04-09",16.690001,16.92,16.629999,16.82,229600,15.4196
"2014-04-10",16.780001,16.93,16.459999,16.48,354300,15.107906
"2014-04-11",16.360001,16.58,16.110001,16.26,587600,14.906223
"2014-04-14",16.42,16.48,16.18,16.4,327900,15.03457
"2014-04-15",16.48,16.48,15.98,16.290001,361100,14.93373
"2014-04-16",16.42,16.559999,16.299999,16.41,266900,15.043736
"2014-04-17",16.43,16.59,16.35,16.469999,168200,15.098736
"2014-04-21",16.5,16.66,16.200001,16.66,516300,15.272919
"2014-04-22",16.6,16.790001,16.52,16.76,665100,15.364596
"2014-04-23",16.799999,16.93,16.76,16.92,316300,15.511271
"2014-04-24",17,17,16.73,16.950001,434400,15.538779
"2014-04-25",16.959999,16.959999,16.76,16.780001,337600,15.382933
"2014-04-28",16.799999,16.92,16.530001,16.780001,613500,15.382933
"2014-04-29",16.799999,17.059999,16.73,16.809999,694500,15.410433
"2014-04-30",16.809999,16.809999,16.34,16.540001,1150200,15.162914
"2014-05-01",16.6,16.870001,16.58,16.76,592000,15.364596
"2014-05-02",16.790001,16.959999,16.700001,16.83,607200,15.428766
"2014-05-05",16.68,16.92,16.67,16.84,611000,15.437935
"2014-05-06",16.780001,16.799999,16.629999,16.65,478800,15.263753
"2014-05-07",16.74,16.74,16.42,16.540001,603500,15.162914
"2014-05-08",16.59,16.620001,16.35,16.57,652500,15.190412
"2014-05-09",16.73,17.43,16.73,17.4,1558900,15.951312
"2014-05-12",17.42,17.65,17.32,17.450001,936600,15.99715
"2014-05-13",17.450001,17.49,17.200001,17.309999,559500,15.868805
"2014-05-14",17.219999,17.290001,16.799999,16.809999,824100,15.410433
"2014-05-15",16.82,16.82,16.52,16.559999,583700,15.181246
"2014-05-16",16.629999,16.73,16.32,16.700001,379900,15.309594
"2014-05-19",16.700001,16.799999,16.58,16.67,164500,15.282089
"2014-05-20",16.610001,16.610001,16.35,16.43,774400,15.062072
"2014-05-21",16.48,16.67,16.379999,16.5,431200,15.126244
"2014-05-22",16.51,16.77,16.41,16.77,377400,15.373765
"2014-05-23",16.85,16.85,16.58,16.74,431300,15.346258
"2014-05-27",16.76,16.879999,16.690001,16.860001,317400,15.456268
"2014-05-28",16.889999,16.889999,16.65,16.709999,310200,15.318757
"2014-05-29",16.709999,16.719999,16.549999,16.639999,394200,15.254587
"2014-05-30",16.629999,16.719999,16.559999,16.59,336200,15.20875
"2014-06-02",16.65,16.82,16.57,16.780001,1075200,15.382933
"2014-06-03",16.799999,17.030001,16.73,16.92,598200,15.511271
"2014-06-04",16.93,17.16,16.879999,17.01,321200,15.59378
"2014-06-05",17.08,17.27,16.879999,17.27,568500,15.832134
"2014-06-06",17.280001,17.440001,17.17,17.27,731000,15.832134
"2014-06-09",17.23,17.52,17.18,17.25,441000,15.813801
"2014-06-10",17.200001,17.290001,17.07,17.18,396000,15.749629
"2014-06-11",17.15,17.27,17.049999,17.17,524600,15.740459
"2014-06-12",17.07,17.07,16.84,16.85,611700,15.447103
"2014-06-13",16.91,16.91,16.639999,16.73,343200,15.337093
"2014-06-16",16.639999,16.74,16.43,16.73,827600,15.337093
"2014-06-17",16.75,16.870001,16.58,16.809999,404500,15.410433
"2014-06-18",16.76,17.09,16.74,17.07,730300,15.648785
"2014-06-19",17.16,17.18,16.77,17.16,538400,15.731293
"2014-06-20",17.129999,17.299999,16.85,17.110001,625700,15.685454
"2014-06-23",17.040001,17.139999,16.77,16.84,469300,15.437935
"2014-06-24",16.84,17.129999,16.84,17,662400,15.584616
"2014-06-25",17,17.27,16.9,17.200001,652000,15.767959
"2014-06-26",17.27,17.540001,17.040001,17.540001,1889500,16.079657
"2014-06-27",17.440001,17.6,17.35,17.549999,1241700,16.088823
"2014-06-30",17.5,17.610001,17.379999,17.450001,1063100,15.99715
"2014-07-01",17.450001,17.67,17.440001,17.6,687600,16.134661
"2014-07-02",17.549999,17.780001,17.469999,17.719999,550600,16.244667
"2014-07-03",17.77,17.82,17.68,17.77,293200,16.290506
"2014-07-07",17.77,17.77,17.559999,17.629999,789200,16.162163
"2014-07-08",17.620001,17.67,17.459999,17.58,1499400,16.116325
"2014-07-09",17.639999,17.780001,17.559999,17.67,673400,16.198832
"2014-07-10",17.51,17.59,17.389999,17.51,757700,16.052155
"2014-07-11",17.52,17.67,17.459999,17.559999,870000,16.097988
"2014-07-14",17.709999,17.709999,17.49,17.59,759800,16.125494
"2014-07-15",17.620001,17.780001,17.6,17.66,1359000,16.189663
"2014-07-16",17.74,17.790001,17.57,17.629999,842700,16.162163
"2014-07-17",17.610001,17.639999,17.459999,17.5,711900,16.042988
"2014-07-18",17.540001,17.75,17.49,17.65,1047400,16.180496
"2014-07-21",17.629999,17.719999,17.52,17.540001,504700,16.079657
"2014-07-22",17.629999,17.67,17.459999,17.51,283800,16.052155
"2014-07-23",17.469999,17.549999,17.360001,17.549999,442200,16.088823
"2014-07-24",17.51,17.74,17.51,17.73,804600,16.253836
"2014-07-25",17.700001,17.700001,17.559999,17.610001,843400,16.143827
"2014-07-28",17.57,17.66,17.370001,17.49,489200,16.033817
"2014-07-29",17.48,17.65,17.34,17.389999,538300,15.942141
"2014-07-30",17.42,17.5,17.280001,17.379999,607300,15.932974
"2014-07-31",17.23,17.440001,17.17,17.209999,729500,15.777127
"2014-08-01",17.15,17.4,17.1,17.360001,384800,15.914639
"2014-08-04",17.360001,17.43,17.18,17.389999,432500,15.942141
"2014-08-05",17.34,17.34,17.16,17.219999,867500,15.786295
"2014-08-06",17.129999,17.190001,17.049999,17.15,724600,15.722124
"2014-08-07",17.200001,17.26,16.93,17,1064000,15.584616
"2014-08-08",16.889999,16.889999,16.01,16.75,2848000,15.35543
"2014-08-11",16.860001,17.030001,16.73,16.940001,711800,15.529611
"2014-08-12",16.889999,17.059999,16.809999,16.83,697300,15.428766
"2014-08-13",16.940001,16.940001,16.629999,16.76,653000,15.364596
"2014-08-14",16.66,16.98,16.66,16.969999,1081000,15.55711
"2014-08-15",17.049999,17.049999,16.780001,16.809999,913200,15.410433
"2014-08-18",16.940001,17.129999,16.780001,16.84,1182900,15.437935
"2014-08-19",16.879999,16.879999,16.700001,16.75,290500,15.35543
"2014-08-20",16.700001,17.129999,16.700001,17.09,1115800,15.667121
"2014-08-21",17.120001,17.219999,17.030001,17.190001,930800,15.758793
"2014-08-22",17.219999,17.219999,17.040001,17.139999,966500,15.712959
"2014-08-25",17.219999,17.32,17.1,17.309999,1298000,15.868805
"2014-08-26",17.280001,17.309999,17.23,17.25,359300,15.813801
"2014-08-27",17.290001,17.32,17.190001,17.290001,844300,15.850469
"2014-08-28",17.219999,17.360001,16.99,17.290001,542000,15.850469
"2014-08-29",17.35,17.35,17.16,17.26,706800,15.822967
"2014-09-02",17.25,17.34,17.059999,17.059999,1021400,15.639618
"2014-09-03",17.17,17.27,17.17,17.25,1329500,15.813801
"2014-09-04",17.290001,17.440001,17.24,17.299999,678200,15.859636
"2014-09-05",17.32,17.41,17.25,17.389999,605700,15.942141
"2014-09-08",17.309999,17.35,17.209999,17.26,704800,15.822967
"2014-09-09",17.209999,17.299999,16.940001,16.969999,1540400,15.55711
"2014-09-10",16.93,17.17,16.870001,17.120001,909800,15.694621
"2014-09-11",17.049999,17.139999,16.93,16.950001,580500,15.538779
"2014-09-12",16.92,16.92,16.719999,16.790001,425900,15.392099
"2014-09-15",16.75,16.809999,16.549999,16.719999,362100,15.327925
"2014-09-16",16.65,16.84,16.620001,16.709999,409100,15.318757
"2014-09-17",16.709999,16.77,16.629999,16.67,736200,15.282089
"2014-09-18",16.67,16.719999,16.59,16.690001,357100,15.300425
"2014-09-19",16.700001,16.860001,16.66,16.84,454600,15.437935
"2014-09-22",16.76,16.76,16.639999,16.68,565500,15.291258
"2014-09-23",16.65,16.719999,16.58,16.66,883300,15.272919
"2014-09-24",16.620001,16.67,16.52,16.629999,342800,15.245419
"2014-09-25",16.559999,16.6,16.389999,16.42,761200,15.052904
"2014-09-26",16.440001,16.68,16.389999,16.629999,410800,15.245419
"2014-09-29",16.49,16.610001,16.41,16.5,1847000,15.126244
"2014-09-30",16.43,16.43,16.07,16.129999,1591400,14.787046
"2014-10-01",16.059999,16.1,15.76,15.82,1413100,14.502857
"2014-10-02",15.75,15.94,15.53,15.65,833600,14.347013
"2014-10-03",15.78,15.82,15.71,15.76,653500,14.447853
"2014-10-06",15.76,15.89,15.72,15.76,789900,14.447853
"2014-10-07",15.72,15.75,15.32,15.33,550600,14.053655
"2014-10-08",15.27,15.75,15.24,15.74,987600,14.429517
"2014-10-09",15.7,15.7,15.18,15.26,730200,13.989484
"2014-10-10",15.24,15.3,14.95,14.97,952100,13.723628
"2014-10-13",14.89,15.05,14.51,14.53,682500,13.320261
"2014-10-14",14.54,14.71,14.52,14.58,744200,13.366099
"2014-10-15",14.35,14.72,14.25,14.48,1407300,13.274425
"2014-10-16",14.26,14.46,14.09,14.24,2296300,13.054407
"2014-10-17",14.35,14.53,14.17,14.26,1807600,13.072742
"2014-10-20",14.21,14.43,14.21,14.43,1863700,13.228588
"2014-10-21",14.54,15.06,14.54,15.01,1449300,13.760296
"2014-10-22",15.07,15.07,14.84,14.86,3676800,13.622785
"2014-10-23",15,15.22,14.99,15.1,810600,13.842802
"2014-10-24",15.09,15.36,15.09,15.32,798400,14.044488
"2014-10-27",15.31,15.31,15.01,15.07,440900,13.815302
"2014-10-28",15.1,15.14,14.92,15.07,946700,13.815302
"2014-10-29",15.07,15.22,15.01,15.14,635700,13.879474
"2014-10-30",15.09,15.19,14.98,15.06,475900,13.806134
"2014-10-31",15.27,15.36,14.91,15.05,375600,13.796967
"2014-11-03",15.02,15.23,15.02,15.1,349700,13.842802
"2014-11-04",15,15.11,14.69,14.74,621200,13.512776
"2014-11-05",14.88,15,14.77,14.86,311300,13.622785
"2014-11-06",14.99,15.44,14.96,14.99,1647600,13.741963
"2014-11-07",15.03,15.06,14.81,14.84,985000,13.604453
"2014-11-10",14.97,14.97,14.77,14.94,294200,13.696126
"2014-11-11",14.97,15.05,14.86,14.92,528700,13.677792
"2014-11-12",14.83,15.12,14.83,15,999400,13.75113
"2014-11-13",15.07,15.07,14.67,14.82,1626300,13.586116
"2014-11-14",14.83,15.02,14.78,14.98,1165700,13.732795
"2014-11-17",14.91,15.07,14.78,14.94,2e+06,13.696126
"2014-11-18",14.9,15,14.83,14.91,1958400,13.668623
"2014-11-19",14.92,15.02,14.83,14.98,4737900,13.732795
"2014-11-20",14.39,14.86,14.34,14.76,5445700,13.531112
"2014-11-21",14.94,14.99,14.8,14.83,2172400,13.595284
"2014-11-24",14.91,15.11,14.8,15.05,3770100,13.796967
"2014-11-25",15.06,15.13,15.01,15.02,2622900,13.769465
"2014-11-26",15.03,15.23,14.99,15.2,1732100,13.934479
"2014-11-28",15.21,15.28,15.02,15.05,980200,13.796967
"2014-12-01",14.97,15.18,14.96,15.05,2909000,13.796967
"2014-12-02",15.04,15.28,14.91,15.23,2036000,13.961979
"2014-12-03",15.29,15.29,15.12,15.25,2691700,13.980315
"2014-12-04",15.16,15.27,15.09,15.16,1956000,13.897808
"2014-12-05",15.15,15.25,15.1,15.23,2038500,13.961979
"2014-12-08",15.22,15.29,14.95,14.99,1668800,13.741963
"2014-12-09",14.91,15.11,14.87,15.11,3162200,13.851971
"2014-12-10",15.09,15.09,14.86,14.87,1923700,13.631952
"2014-12-11",15.02,15.06,14.77,14.78,1431700,13.549445
"2014-12-12",14.72,14.78,14.63,14.65,1970400,13.430269
"2014-12-15",14.76,14.76,14.24,14.25,2108900,13.063574
"2014-12-16",14.21,14.56,14.21,14.24,1635700,13.054407
"2014-12-17",14.27,14.42,14.17,14.37,1458600,13.173581
"2014-12-18",14.56,14.65,14.42,14.48,1226400,13.274425
"2014-12-19",14.52,14.68,14.52,14.59,2721900,13.375265
"2014-12-22",14.67,14.88,14.58,14.75,1629000,13.521945
"2014-12-23",14.77,15.07,14.74,14.99,1117900,13.741963
"2014-12-24",15.04,15.04,14.77,14.92,331400,13.677792
"2014-12-26",15,15.05,14.95,15.04,492500,13.787799
"2014-12-29",15.06,15.2,15.03,15.13,518900,13.870306
"2014-12-30",15.12,15.24,14.95,15.18,695000,13.916143
"2014-12-31",15.2,15.32,15.07,15.08,644100,13.82447
"2015-01-02",15.13,15.28,14.8,14.98,905000,13.732795
"2015-01-05",14.91,14.91,14.53,14.64,1018500,13.421103
"2015-01-06",14.65,14.67,14.32,14.47,1197100,13.265258
"2015-01-07",14.57,14.57,14.25,14.41,1074300,13.210251
"2015-01-08",14.52,14.84,14.43,14.74,887000,13.512776
"2015-01-09",14.77,14.94,14.68,14.88,905500,13.641122
"2015-01-12",14.87,14.87,14.63,14.72,537100,13.494442
"2015-01-13",14.8,14.89,14.55,14.7,664500,13.476108
"2015-01-14",14.57,14.66,14.28,14.63,1410700,13.411935
"2015-01-15",14.7,14.7,14.47,14.54,991900,13.329429
"2015-01-16",14.56,14.62,14.48,14.54,316600,13.329429
"2015-01-20",14.57,14.58,14.25,14.44,753000,13.237755
"2015-01-21",14.43,14.52,14.28,14.45,457000,13.246921
"2015-01-22",14.49,14.77,14.37,14.7,711100,13.476108
"2015-01-23",14.66,14.84,14.6,14.66,720000,13.439437
"2015-01-26",14.89,14.99,14.56,14.98,413400,13.732795
"2015-01-27",14.8,15.05,14.75,14.91,1151200,13.668623
"2015-01-28",14.96,14.97,14.72,14.75,1621900,13.521945
"2015-01-29",14.75,14.8,14.27,14.46,734900,13.256088
"2015-01-30",14.39,14.66,14.28,14.44,1946600,13.237755
"2015-02-02",14.54,14.54,14.28,14.48,874500,13.274425
"2015-02-03",14.54,15.2,14.54,15.13,1185000,13.870306
"2015-02-04",15.05,15.21,15.03,15.11,801800,13.851971
"2015-02-05",15.18,15.28,14.98,15.22,882100,13.952814
"2015-02-06",15.37,15.84,15.37,15.77,1517900,14.457022
"2015-02-09",15.76,16.24,15.76,16.17,1105900,14.823717
"2015-02-10",16.209999,16.35,15.83,16.299999,1920900,14.942894
"2015-02-11",16.25,16.41,16.219999,16.299999,1645800,14.942894
"2015-02-12",16.4,16.49,16.27,16.360001,437800,14.997898
"2015-02-13",16.41,16.549999,16.370001,16.41,456100,15.043736
"2015-02-17",16.34,16.57,16.309999,16.559999,719500,15.181246
"2015-02-18",16.59,16.610001,16.4,16.51,633000,15.135408
"2015-02-19",16.51,16.57,16.4,16.549999,360100,15.172082
"2015-02-20",16.57,16.76,16.35,16.67,712900,15.282089
"2015-02-23",16.59,16.91,16.59,16.9,1342800,15.492941
"2015-02-24",16.870001,16.98,16.719999,16.91,1172600,15.502107
"2015-02-25",16.950001,17.110001,16.91,17.01,896300,15.59378
"2015-02-26",16.940001,17.07,16.790001,16.860001,773500,15.456268
"2015-02-27",16.809999,16.940001,16.790001,16.82,1153700,15.4196
"2015-03-02",16.82,17.07,16.82,17,637200,15.584616
"2015-03-03",17.01,17.01,16.690001,16.719999,713100,15.327925
"2015-03-04",16.68,16.74,16.459999,16.620001,1188700,15.236255
"2015-03-05",16.67,16.75,16.59,16.65,1211700,15.263753
"2015-03-06",16.629999,16.780001,16.34,16.41,705500,15.043736
"2015-03-09",16.450001,16.559999,16.24,16.290001,756200,14.93373
"2015-03-10",16.209999,16.299999,15.9,15.93,1872200,14.603702
"2015-03-11",16.01,16.120001,15.88,16.059999,993300,14.722878
"2015-03-12",16.15,16.48,16.15,16.440001,537500,15.071239
"2015-03-13",16.440001,16.459999,16.129999,16.389999,1472800,15.025399
"2015-03-16",16.49,16.610001,16.389999,16.58,769400,15.199583
"2015-03-17",16.49,16.49,16.32,16.459999,677900,15.089572
"2015-03-18",16.379999,16.67,16.290001,16.59,922200,15.20875
"2015-03-19",16.52,16.52,16.24,16.4,1074900,15.03457
"2015-03-20",16.459999,16.67,16.459999,16.540001,603000,15.162914
"2015-03-23",16.58,16.68,16.559999,16.610001,1044400,15.227086
"2015-03-24",16.57,16.65,16.459999,16.559999,1274800,15.181246
"2015-03-25",16.540001,16.6,16.23,16.24,1304100,14.887889
"2015-03-26",16.129999,16.18,15.95,16.02,977400,14.686208
"2015-03-27",15.96,16.09,15.93,15.95,641900,14.622034
"2015-03-30",16.059999,16.24,16.01,16.040001,469300,14.704541
"2015-03-31",15.93,16.049999,15.81,15.87,952700,14.548694
"2015-04-01",15.86,15.97,15.74,15.93,1564600,14.603702
"2015-04-02",15.95,16.059999,15.86,15.99,596100,14.658703
"2015-04-06",15.93,16.200001,15.87,16.09,282400,14.750378
"2015-04-07",16.059999,16.16,15.95,15.95,325200,14.622034
"2015-04-08",16,16.17,15.84,15.89,1189600,14.56703
"2015-04-09",15.85,15.95,15.68,15.72,738200,14.411183
"2015-04-10",15.74,15.82,15.68,15.73,451500,14.420352
"2015-04-13",15.75,15.95,15.75,15.94,603400,14.612867
"2015-04-14",15.97,16.030001,15.84,15.85,878900,14.530361
"2015-04-15",15.89,15.96,15.81,15.84,634300,14.521194
"2015-04-16",15.81,15.81,15.57,15.7,1388100,14.39285
"2015-04-17",15.63,15.63,15.4,15.49,1129800,14.200334
"2015-04-20",15.56,15.61,15.46,15.48,899300,14.191166
"2015-04-21",15.56,15.61,15.35,15.35,699500,14.071991
"2015-04-22",15.34,15.51,15.26,15.41,2791400,14.126992
"2015-04-23",15.42,15.51,15.3,15.46,1023100,14.172831
"2015-04-24",15.44,15.55,15.33,15.43,464000,14.14533
"2015-04-27",15.45,15.74,15.45,15.47,1765700,14.181998
"2015-04-28",15.43,15.88,15.4,15.86,1510900,14.539526
"2015-04-29",15.8,15.88,15.65,15.66,1637400,14.356178
"2015-04-30",15.58,15.74,15.53,15.57,1836000,14.273672
"2015-05-01",15.69,15.94,15.67,15.93,1244200,14.603702
"2015-05-04",15.9,16.08,15.84,16.07,855200,14.732044
"2015-05-05",16.120001,16.17,15.81,15.92,1543900,14.594532
"2015-05-06",15.21,15.22,14.78,14.91,3899100,13.668623
"2015-05-07",14.94,14.95,14.83,14.91,1733100,13.668623
"2015-05-08",15.02,15.11,14.96,15.09,470100,13.833636
"2015-05-11",15.07,15.7,15.02,15.59,2150400,14.292007
"2015-05-12",15.52,15.54,15.09,15.18,1409900,13.916143
"2015-05-13",15.2,15.24,15.08,15.1,1496900,13.842802
"2015-05-14",15.14,15.2,15.01,15.14,1001600,13.879474
"2015-05-15",15.16,15.35,15.11,15.3,808100,14.026153
"2015-05-18",15.24,15.39,15.12,15.35,1189400,14.071991
"2015-05-19",15.39,15.42,15.26,15.39,454900,14.108659
"2015-05-20",15.38,15.43,15.31,15.33,790400,14.053655
"2015-05-21",15.28,15.39,15.25,15.36,404800,14.081156
"2015-05-22",15.32,15.35,15.2,15.25,528200,13.980315
"2015-05-26",15.22,15.31,14.96,15.04,848700,13.787799
"2015-05-27",15.09,15.26,15,15.13,766700,13.870306
"2015-05-28",15.08,15.1,14.99,15.1,760600,13.842802
"2015-05-29",15.06,15.13,14.91,14.95,887400,13.705293
"2015-06-01",14.97,15.06,14.86,15,601200,13.75113
"2015-06-02",14.94,15.04,14.86,14.91,706300,13.668623
"2015-06-03",14.94,15.03,14.86,14.94,495700,13.696126
"2015-06-04",14.89,14.94,14.69,14.72,605900,13.494442
"2015-06-05",14.73,14.73,14.56,14.64,781100,13.421103
"2015-06-08",14.59,14.68,14.55,14.57,613600,13.356931
"2015-06-09",14.6,14.6,14.29,14.3,866700,13.10941
"2015-06-10",14.33,14.46,14.25,14.29,1272400,13.100242
"2015-06-11",14.37,14.37,14.22,14.26,859100,13.072742
"2015-06-12",14.24,14.28,14.07,14.18,752600,12.999401
"2015-06-15",14.15,14.2,14.03,14.05,644200,12.880224
"2015-06-16",14.05,14.1,13.99,13.99,544700,12.825221
"2015-06-17",13.99,14.13,13.88,13.95,744500,12.788549
"2015-06-18",14.04,14.32,14.04,14.23,1145000,13.045238
"2015-06-19",14.17,14.66,14.17,14.58,1702100,13.366099
"2015-06-22",14.64,14.8,14.63,14.68,806300,13.457771
"2015-06-23",14.68,14.8,14.66,14.66,1188800,13.439437
"2015-06-24",14.64,14.76,14.44,14.47,1724900,13.265258
"2015-06-25",14.48,14.54,14.33,14.34,1389500,13.14608
"2015-06-26",14.41,14.74,14.27,14.62,8440600,13.402767
"2015-06-29",14.54,14.61,14.02,14.03,1247600,12.861889
"2015-06-30",14.09,14.3,13.91,14.24,1557200,13.054407
"2015-07-01",14.35,14.4,14.22,14.3,1063600,13.10941
"2015-07-02",14.36,14.65,14.2,14.21,1097800,13.026903
"2015-07-06",14.05,14.09,13.79,13.83,2606800,12.678542
"2015-07-07",13.83,14.06,13.64,14.03,1439600,12.861889
"2015-07-08",13.94,13.99,13.77,13.81,1055600,12.660207
"2015-07-09",13.92,14.02,13.74,13.75,1022900,12.605202
"2015-07-10",13.85,13.97,13.76,13.83,425900,12.678542
"2015-07-13",13.91,14.08,13.9,14,1106400,12.834388
"2015-07-14",13.96,14.04,13.91,14.02,472000,12.852724
"2015-07-15",14.02,14.11,13.95,14.1,822900,12.926062
"2015-07-16",14.17,14.29,14.14,14.29,619500,13.100242
"2015-07-17",14.35,14.42,14.23,14.35,893000,13.155248
"2015-07-20",14.4,14.49,14.31,14.48,571600,13.274425
"2015-07-21",14.43,14.46,14.22,14.24,740500,13.054407
"2015-07-22",14.21,14.36,14.12,14.26,972200,13.072742
"2015-07-23",14.25,14.41,14.16,14.41,922000,13.210251
"2015-07-24",14.4,14.47,14.21,14.43,1434700,13.228588
"2015-07-27",14.4,14.62,14.3,14.35,1272100,13.155248
"2015-07-28",14.45,14.45,14,14.29,688800,13.100242
"2015-07-29",14.26,14.38,14.17,14.34,1447800,13.14608
"2015-07-30",14.28,14.32,14.13,14.29,901200,13.100242
"2015-07-31",14.34,14.45,14.23,14.27,702600,13.081909
"2015-08-03",14.33,14.33,14,14.06,1018100,12.889393
"2015-08-04",14.05,14.31,14.02,14.13,629400,12.953565
"2015-08-05",14.22,14.28,14.08,14.2,1037800,13.017736
"2015-08-06",14.22,14.22,13.46,13.71,1560500,12.568534
"2015-08-07",13.64,13.84,13.5,13.83,431500,12.678542
"2015-08-10",13.88,14.06,13.78,14.02,682700,12.852724
"2015-08-11",13.94,14,13.64,13.74,1136400,12.596035
"2015-08-12",13.59,13.98,13.49,13.85,1230000,12.696877
"2015-08-13",14.44,15.62,14.44,14.89,1712500,13.650288
"2015-08-14",14.85,15.01,14.82,14.91,1362200,13.668623
"2015-08-17",14.88,15.09,14.88,15.06,1247800,13.806134
"2015-08-18",15,15.09,14.92,14.98,1000300,13.732795
"2015-08-19",14.98,15.03,14.74,14.89,895400,13.650288
"2015-08-20",14.75,14.78,14.15,14.17,1032000,12.990235
"2015-08-21",14.1,14.25,13.85,13.87,2112700,12.715211
"2015-08-24",13.1,13.25,12.62,13.04,3264900,11.954315
"2015-08-25",13.48,13.68,13.1,13.17,4156100,12.073493
"2015-08-26",13.48,13.59,13.03,13.43,2289100,12.311845
"2015-08-27",13.58,13.87,13.48,13.81,1585500,12.660207
"2015-08-28",13.75,14.1,13.75,14.02,1300400,12.852724
"2015-08-31",13.93,13.94,13.67,13.83,1245000,12.678542
"2015-09-01",13.58,13.6,13.21,13.31,2551200,12.201836
"2015-09-02",13.46,13.75,13.19,13.33,2068100,12.22017
"2015-09-03",13.33,13.74,13.25,13.58,1266300,12.449356
"2015-09-04",13.38,13.46,13.05,13.09,1215000,12.000152
"2015-09-08",13.34,13.51,13.26,13.46,1508200,12.339348
"2015-09-09",13.56,13.66,13.3,13.33,1315100,12.22017
"2015-09-10",13.29,13.38,13.11,13.15,1327300,12.055158
"2015-09-11",13.08,13.17,13.01,13.15,966500,12.055158
"2015-09-14",13.06,13.07,12.83,12.9,1234200,11.916592
"2015-09-15",12.93,13.05,12.81,12.98,936700,11.990494
"2015-09-16",12.99,13.06,12.85,13,1358600,12.008968
"2015-09-17",12.96,13.47,12.86,13.15,3200800,12.147534
"2015-09-18",13.26,13.26,12.79,12.83,18792600,11.851928
"2015-09-21",12.88,13.22,12.86,12.9,2148300,11.916592
"2015-09-22",12.73,13.01,12.69,12.91,3045300,11.92583
"2015-09-23",12.9,12.94,12.73,12.83,1316600,11.851928
"2015-09-24",12.71,12.96,12.71,12.88,1146300,11.898117
"2015-09-25",13,13,12.79,12.86,1250800,11.879641
"2015-09-28",13,13,12.43,12.44,1776300,11.49166
"2015-09-29",12.47,12.61,12.33,12.42,1078500,11.473184
"2015-09-30",12.62,12.83,12.42,12.82,1144200,11.84269
"2015-10-01",12.85,13.07,12.65,12.87,1287900,11.888878
"2015-10-02",12.25,13.14,12.24,13.14,1408300,12.138296
"2015-10-05",13.26,13.52,13.22,13.48,1144600,12.452375
"2015-10-06",13.44,13.65,13.38,13.55,1666600,12.51704
"2015-10-07",13.57,13.83,13.53,13.69,1622700,12.646368
"2015-10-08",13.66,14.1,13.66,14.1,1436000,13.025112
"2015-10-09",14.09,14.16,13.9,14.11,1009300,13.034348
"2015-10-12",14.09,14.2,14,14.09,728700,13.015875
"2015-10-13",14.05,14.21,13.97,14.03,509300,12.960447
"2015-10-14",14.06,14.25,13.97,14.19,834100,13.108251
"2015-10-15",14.22,14.46,14.09,14.45,1025300,13.348432
"2015-10-16",14.51,14.7,14.18,14.67,664900,13.551661
"2015-10-19",14.57,14.77,14.53,14.76,928900,13.634798
"2015-10-20",14.75,14.82,14.64,14.79,814500,13.66251
"2015-10-21",14.82,14.85,14.41,14.42,827600,13.320718
"2015-10-22",14.53,14.87,14.42,14.84,987100,13.708699
"2015-10-23",14.91,15.16,14.82,15.15,1095200,13.995067
"2015-10-26",15.15,15.2,14.61,14.85,833300,13.717938
"2015-10-27",14.76,14.81,14.55,14.73,1296000,13.607083
"2015-10-28",14.83,15.03,14.64,15.02,1489900,13.874979
"2015-10-29",14.98,15.24,14.64,15.17,989100,14.013542
"2015-10-30",15.21,15.51,15.02,15.48,1418000,14.299911
"2015-11-02",15.47,15.74,15.25,15.69,1062400,14.4939
"2015-11-03",15.62,15.72,15.43,15.57,893400,14.38305
"2015-11-04",15.63,15.67,15.39,15.61,1336700,14.419999
"2015-11-05",15.57,15.62,15.35,15.39,1161100,14.216772
"2015-11-06",15.42,15.6,14.8,15.14,1701700,13.985829
"2015-11-09",15.06,15.06,14.51,14.68,1784100,13.560896
"2015-11-10",14.63,14.72,14.5,14.64,840200,13.523945
"2015-11-11",14.68,14.75,14.48,14.59,1126900,13.477757
"2015-11-12",14.45,14.73,14.25,14.28,1294000,13.19139
"2015-11-13",14.27,14.27,13.93,13.96,1416900,12.895784
"2015-11-16",13.97,14.28,13.88,14.26,952200,13.172915
"2015-11-17",14.24,14.43,14,14.23,677000,13.145202
"2015-11-18",14.3,14.37,14.19,14.36,678200,13.265292
"2015-11-19",14.36,14.4,14.16,14.26,1111200,13.172915
"2015-11-20",14.33,14.47,14.24,14.42,911800,13.320718
"2015-11-23",14.42,14.63,14.26,14.46,574400,13.357667
"2015-11-24",14.4,14.61,14.37,14.6,704700,13.486995
"2015-11-25",14.62,14.63,14.48,14.6,547000,13.486995
"2015-11-27",14.61,14.66,14.32,14.37,286000,13.274529
"2015-11-30",14.39,14.52,14.29,14.46,1065800,13.357667
"2015-12-01",14.56,14.8,14.51,14.78,624600,13.653272
"2015-12-02",14.77,14.8,14.55,14.61,731000,13.496233
"2015-12-03",14.61,14.69,13.83,14.04,1904100,12.969686
"2015-12-04",14.08,14.33,13.96,14.31,827200,13.219104
"2015-12-07",14.26,14.31,14.1,14.17,863000,13.089776
"2015-12-08",13.99,14.03,13.76,13.79,685000,12.738746
"2015-12-09",13.71,14.07,13.69,13.82,1177200,12.766458
"2015-12-10",13.78,14.22,13.78,14.11,870000,13.034348
"2015-12-11",13.87,13.95,13.6,13.66,609100,12.618654
"2015-12-14",13.72,13.75,13.48,13.64,1187800,12.600181
"2015-12-15",13.77,14,13.68,13.81,875600,12.757219
"2015-12-16",13.89,14.17,13.83,14.08,1000700,13.006637
"2015-12-17",14.1,14.16,13.75,13.75,972300,12.701794
"2015-12-18",13.68,13.79,13.55,13.62,2137800,12.581703
"2015-12-21",13.71,13.85,13.56,13.83,1550200,12.775695
"2015-12-22",13.89,13.94,13.71,13.85,1008100,12.79417
"2015-12-23",13.98,14.31,13.94,14.25,1544300,13.163676
"2015-12-24",14.26,14.45,14.22,14.23,455400,13.145202
"2015-12-28",14.14,14.45,13.88,14.06,489300,12.988162
"2015-12-29",14.14,14.34,14.14,14.29,644200,13.200628
"2015-12-30",14.22,14.37,14.06,14.1,580800,13.025112
"2015-12-31",14.03,14.1,13.94,13.96,564800,12.895784
"2016-01-04",13.71,13.73,13.55,13.67,1400000,12.627891
"2016-01-05",13.66,13.71,13.06,13.11,2102000,12.110583
"2016-01-06",12.9,13.32,12.82,13.23,1916000,12.221436
"2016-01-07",12.96,13.13,12.9,13.01,1825500,12.018206
"2016-01-08",13.12,13.15,12.9,13.01,1434600,12.018206
"2016-01-11",13.07,13.1,12.5,12.66,1731500,11.694888
"2016-01-12",12.79,12.9,12.64,12.83,832700,11.851928
"2016-01-13",12.88,12.95,12.46,12.53,901100,11.574798
"2016-01-14",12.58,13.17,12.54,13.09,1158600,12.092106
"2016-01-15",12.69,13.04,12.61,12.81,1583000,11.833452
"2016-01-19",12.97,12.97,12.49,12.73,1064800,11.75955
"2016-01-20",12.55,12.63,12.13,12.48,1552900,11.52861
"2016-01-21",12.51,12.91,12.39,12.72,653200,11.750314
"2016-01-22",12.96,13.07,12.87,13.04,1106100,12.045918
"2016-01-25",12.97,13.05,12.78,12.83,818900,11.851928
"2016-01-26",12.91,13.18,12.78,13.16,773800,12.15677
"2016-01-27",13.1,13.33,12.99,13.06,666200,12.064396
"2016-01-28",13.22,13.3,12.9,13.18,596400,12.175247
"2016-01-29",13.25,13.39,13.19,13.35,716700,12.332287
"2016-02-01",13.19,13.33,12.88,13.12,850300,12.11982
"2016-02-02",12.98,12.98,12.5,12.57,898600,11.611751
"2016-02-03",12.7,12.85,12.35,12.69,1637200,11.722601
"2016-02-04",12.66,12.99,12.66,12.78,2195600,11.805739
"2016-02-05",12.36,12.36,11.51,11.92,5496100,11.0113
"2016-02-08",11.73,11.81,10.96,11.26,2870500,10.401614
"2016-02-09",11.08,11.29,10.96,11.09,1922700,10.244574
"2016-02-10",11.12,11.41,11.11,11.13,1427000,10.281523
"2016-02-11",11.12,11.12,10.74,10.89,1162000,10.059821
"2016-02-12",11.04,11.29,11.03,11.27,2223700,10.410851
"2016-02-16",11.46,11.66,11.31,11.54,1238800,10.660269
"2016-02-17",11.68,11.84,11.51,11.6,1171600,10.715696
"2016-02-18",11.64,11.64,11.43,11.45,965100,10.57713
"2016-02-19",11.45,11.68,11.33,11.59,1933800,10.706459
"2016-02-22",11.74,11.82,11.64,11.75,600200,10.85426
"2016-02-23",11.68,11.84,11.6,11.62,1435700,10.73417
"2016-02-24",11.44,11.57,11.38,11.55,689300,10.669507
"2016-02-25",11.57,11.59,11.3,11.49,904900,10.614079
"2016-02-26",11.57,11.66,11.46,11.58,496900,10.697217
"2016-02-29",11.58,11.63,11.41,11.41,837100,10.540179
"2016-03-01",11.49,11.53,11.3,11.4,920400,10.530941
"2016-03-02",11.36,11.58,11.35,11.57,650200,10.687982
"2016-03-03",11.57,11.6,11.42,11.58,787300,10.697217
"2016-03-04",11.64,11.81,11.49,11.73,1256400,10.835784
"2016-03-07",11.58,11.99,11.58,11.95,623600,11.133932
"2016-03-08",11.91,11.95,11.57,11.59,843700,10.798517
"2016-03-09",11.66,12.02,11.63,11.84,1154400,11.031443
"2016-03-10",11.86,11.91,11.55,11.73,792400,10.928955
"2016-03-11",11.86,12.4,11.7,12.4,750500,11.5532
"2016-03-14",12.35,12.39,12.04,12.15,815900,11.320272
"2016-03-15",12.05,12.32,11.96,12.29,1308100,11.450711
"2016-03-16",12.27,12.8,12.22,12.78,3958400,11.907249
"2016-03-17",12.79,13.28,12.79,13.1,901000,12.205399
"2016-03-18",13.16,13.28,12.88,12.91,1202200,12.028373
"2016-03-21",12.9,13.05,12.83,13.01,515400,12.121545
"2016-03-22",12.92,13.22,12.92,13.2,979000,12.298568
"2016-03-23",13.18,13.3,13.01,13.02,1791500,12.130863
"2016-03-24",12.91,13.06,12.82,13.05,662600,12.158813
"2016-03-28",13.11,13.39,13.04,13.36,864900,12.447642
"2016-03-29",13.32,13.45,13.18,13.4,463500,12.484911
"2016-03-30",13.46,13.49,13.13,13.25,1201900,12.345155
"2016-03-31",13.26,13.37,13.19,13.25,557700,12.345155
"2016-04-01",13.14,13.55,13,13.53,577000,12.606033
"2016-04-04",13.51,13.51,13.21,13.21,915700,12.307885
"2016-04-05",13.06,13.19,13.01,13.05,560900,12.158813
"2016-04-06",13.08,13.28,12.95,13.25,986500,12.345155
"2016-04-07",13.19,13.25,12.89,12.99,1100700,12.102909
"2016-04-08",13.09,13.09,12.73,12.77,1552300,11.897934
"2016-04-11",12.78,12.9,12.72,12.72,469200,11.851348
"2016-04-12",12.76,12.98,12.75,12.91,474400,12.028373
"2016-04-13",12.97,13.1,12.93,13.09,617500,12.196081
"2016-04-14",13.15,13.32,13.15,13.18,886800,12.279935
"2016-04-15",13.17,13.19,13,13.1,534900,12.205399
"2016-04-18",13.03,13.09,12.88,12.92,855600,12.037689
"2016-04-19",12.92,13.12,12.82,12.98,473000,12.093593
"2016-04-20",12.98,13.12,12.96,12.97,531900,12.084276
"2016-04-21",12.99,13.35,12.99,13.21,848900,12.307885
"2016-04-22",13.19,13.37,13.19,13.3,879200,12.391741
"2016-04-25",13.28,13.3,13.02,13.08,666000,12.186763
"2016-04-26",13.08,13.33,13.02,13.27,594500,12.363789
"2016-04-27",13.26,13.39,13.09,13.19,747900,12.289251
"2016-04-28",13.09,13.31,13.01,13.07,666200,12.177445
"2016-04-29",13.03,13.09,12.76,12.96,732900,12.074958
"2016-05-02",12.98,13.25,12.94,13.18,660900,12.279935
"2016-05-03",13.05,13.11,12.77,12.83,661100,11.953836
"2016-05-04",12.75,12.83,12.64,12.69,777900,11.823397
"2016-05-05",12.77,12.77,12.62,12.73,449400,11.860665
"2016-05-06",12.73,13.18,12.41,13.16,1411100,12.261301
"2016-05-09",13.1,13.14,12.57,12.72,726100,11.851348
"2016-05-10",12.79,12.8,12.62,12.77,535100,11.897934
"2016-05-11",12.67,12.74,12.52,12.63,999500,11.767494
"2016-05-12",12.66,12.68,12.31,12.35,764000,11.506615
"2016-05-13",12.31,12.42,12.04,12.05,802800,11.2271
"2016-05-16",12.1,12.21,12.05,12.18,769300,11.348225
"2016-05-17",12.12,12.33,12.08,12.09,666300,11.264371
"2016-05-18",12.03,12.1,11.77,12,1634600,11.180518
"2016-05-19",11.95,12.03,11.9,11.94,1106500,11.124614
"2016-05-20",12,12.32,11.83,12.25,956800,11.413445
"2016-05-23",12.27,12.38,12.1,12.12,639300,11.292321
"2016-05-24",12.18,12.24,12.11,12.22,748000,11.385494
"2016-05-25",12.25,12.47,12.25,12.41,544400,11.562517
"2016-05-26",12.4,12.46,12.23,12.24,681100,11.404128
"2016-05-27",12.24,12.33,12.19,12.3,749100,11.460031
"2016-05-31",12.3,12.35,12.2,12.34,1223800,11.497299
"2016-06-01",12.3,12.43,12.21,12.39,1682300,11.543884
"2016-06-02",12.38,12.45,12.29,12.45,1412800,11.599786
"2016-06-03",12.4,12.45,12.14,12.33,693300,11.487981
"2016-06-06",12.35,12.56,12.35,12.52,540300,11.665007
"2016-06-07",12.52,12.52,12.18,12.23,894800,11.39481
"2016-06-08",12.22,12.32,12.16,12.23,824700,11.39481
"2016-06-09",12.19,12.21,12.02,12.13,1179800,11.30164
"2016-06-10",12,12.05,11.7,11.84,1033300,11.031443
"2016-06-13",11.79,12.07,11.79,11.9,620900,11.087346
"2016-06-14",11.87,11.95,11.63,11.78,721800,10.975541
"2016-06-15",11.8,12.19,11.8,11.99,736700,11.171199
"2016-06-16",11.96,11.96,11.64,11.72,793500,10.91964
"2016-06-17",11.73,11.74,11.56,11.62,839200,10.826466
"2016-06-20",11.78,11.89,11.7,11.77,446000,10.966223
"2016-06-21",11.78,11.89,11.62,11.86,722700,11.050078
"2016-06-22",11.86,12.15,11.84,12.06,1051000,11.23642
"2016-06-23",12.2,12.4,12.11,12.2,690800,11.366858
"2016-06-24",11.7,11.7,11.46,11.5,1339500,10.714662
"2016-06-27",11.33,11.36,10.9,10.94,1090100,10.192905
"2016-06-28",11.01,11.12,10.93,11.02,1418600,10.267442
"2016-06-29",11.15,11.52,10.94,11.52,1199700,10.733297
"2016-06-30",11.56,11.72,11.52,11.67,706200,10.873054
"2016-07-01",11.7,11.92,11.64,11.77,478100,10.966223
"2016-07-05",11.72,11.79,11.52,11.65,1485500,10.854419
"2016-07-06",11.64,11.7,11.5,11.68,1272600,10.882371
"2016-07-07",11.69,11.91,11.69,11.78,984600,10.975541
"2016-07-08",11.94,12.14,11.92,12.04,1173800,11.217785
"2016-07-11",12.07,12.29,12.07,12.25,591400,11.413445
"2016-07-12",12.45,12.63,12.36,12.6,943000,11.739543
"2016-07-13",12.68,12.75,12.59,12.74,625800,11.869981
"2016-07-14",12.89,13,12.69,12.83,542600,11.953836
"2016-07-15",12.9,12.9,12.45,12.8,858900,11.925885
"2016-07-18",12.83,13.04,12.77,12.93,584000,12.047007
"2016-07-19",12.93,13.01,12.81,12.98,910800,12.093593
"2016-07-20",13.02,13.11,12.92,13.03,1103200,12.140181
"2016-07-21",13.03,13.06,12.85,12.9,944500,12.019054
"2016-07-22",12.95,13.09,12.95,13.03,994500,12.140181
"2016-07-25",13.05,13.13,12.94,13.06,605600,12.16813
"2016-07-26",13.09,13.3,13.09,13.24,1020700,12.335836
"2016-07-27",13.23,13.31,13.04,13.16,1200400,12.261301
"2016-07-28",13.16,13.22,13.07,13.16,556200,12.261301
"2016-07-29",13.17,13.48,13.16,13.44,1040000,12.522179
"2016-08-01",13.43,13.49,13.25,13.31,706000,12.401057
"2016-08-02",13.27,13.27,13.03,13.14,564900,12.242665
"2016-08-03",13.09,13.21,13.05,13.11,470900,12.214714
"2016-08-04",13.08,13.23,13.08,13.2,568100,12.298568
"2016-08-05",13.33,13.49,13.23,13.28,652400,12.373106
"2016-08-08",13.3,13.37,13.2,13.24,506500,12.335836
"2016-08-09",13.28,13.88,13.12,13.77,1109500,12.829645
"2016-08-10",13.76,13.8,13.54,13.73,1017000,12.792376
"2016-08-11",13.78,14,13.61,13.89,998000,12.941448
"2016-08-12",13.92,14.05,13.92,14.04,637600,13.081204
"2016-08-15",14.15,14.23,14.11,14.17,535200,13.202328
"2016-08-16",14.09,14.23,14.06,14.16,776700,13.193009
"2016-08-17",14.15,14.23,14.13,14.18,1042700,13.211645
"2016-08-18",14.2,14.29,14.09,14.15,1221100,13.183691
"2016-08-19",14.1,14.16,14.03,14.11,755400,13.146423
"2016-08-22",14.14,14.23,13.98,14.23,1015500,13.25823
"2016-08-23",14.3,14.35,14.18,14.22,586600,13.248913
"2016-08-24",14.21,14.3,14.2,14.21,1208100,13.239595
"2016-08-25",14.15,14.3,14.08,14.23,1125000,13.25823
"2016-08-26",14.31,14.46,14.18,14.34,845800,13.360719
"2016-08-29",14.4,14.47,14.31,14.38,748900,13.397987
"2016-08-30",14.34,14.41,14.23,14.35,495100,13.370036
"2016-08-31",14.34,14.44,14.18,14.43,960500,13.444572
"2016-09-01",14.5,14.5,14.17,14.31,1407600,13.332767
"2016-09-02",14.38,14.4,14.13,14.25,1642600,13.276865
"2016-09-06",14.31,14.65,13.96,14.04,1495100,13.081204
"2016-09-07",14.05,14.12,13.99,14.09,1203700,13.127789
"2016-09-08",14,14.41,14,14.17,1498600,13.202328
"2016-09-09",14.14,14.14,13.74,13.74,956000,12.801692
"2016-09-12",13.49,14.51,13.49,14.5,3833400,13.608837
"2016-09-13",14.3,14.37,14.14,14.25,7771400,13.374201
"2016-09-14",14.34,14.36,14.16,14.34,5965800,13.458672
"2016-09-15",14.36,14.37,14.12,14.17,4902400,13.299118
"2016-09-16",14.07,14.17,13.97,14,3552800,13.139565
"2016-09-19",14,14.12,13.94,14,1563000,13.139565
"2016-09-20",14.12,14.15,14,14.07,1713700,13.205265
"2016-09-21",14.14,14.33,14.06,14.28,993900,13.402356
"2016-09-22",14.38,14.56,14.32,14.53,988000,13.636992
"2016-09-23",14.53,14.64,14.47,14.47,387900,13.580681
"2016-09-26",14.34,14.38,14.14,14.19,824500,13.317887
"2016-09-27",14.19,14.32,14.14,14.32,547400,13.4399
"2016-09-28",14.29,14.4,14.2,14.27,1699700,13.392974
"2016-09-29",14.25,14.4,14.06,14.13,1920800,13.261576
"2016-09-30",14.19,14.37,14.17,14.22,2207100,13.346045
"2016-10-03",14.13,15.01,14.13,14.93,5017500,14.012411
"2016-10-04",14.88,14.99,14.66,14.69,5543600,13.787159
"2016-10-05",14.67,15.22,14.63,15.17,4856800,14.237659
"2016-10-06",15.06,15.18,14.73,15.08,5427000,14.15319
"2016-10-07",15.09,15.1,14.45,14.52,1357100,13.627608
"2016-10-10",14.5,14.75,14.15,14.25,1420500,13.374201
"2016-10-11",14.3,14.3,13.85,14,866100,13.139565
"2016-10-12",13.95,14.05,13.75,13.75,905600,12.904933
"2016-10-13",13.7,13.95,13.58,13.85,643900,12.998785
"2016-10-14",14.3,14.3,13.65,13.75,595100,12.904933
"2016-10-17",13.75,13.8,13.63,13.8,417400,12.951859
"2016-10-18",14,14.05,13.65,13.9,711800,13.045713
"2016-10-19",14,14.1,13.8,14,673400,13.139565
"2016-10-20",14.25,14.25,13.5,13.8,782900,12.951859
"2016-10-21",13.6,13.85,13.55,13.7,690600,12.858005
"2016-10-24",13.75,13.85,13.2,13.2,2206900,12.388735
"2016-10-25",13.3,13.7,12.9,13,773000,12.201026
"2016-10-26",12.9,13.25,12.9,13.15,747600,12.341807
"2016-10-27",13,13,12.43,12.6,1382600,11.82561
"2016-10-28",12.6,12.8,12.45,12.5,781900,11.731755
"2016-10-31",12.5,12.7,12.4,12.4,1360000,11.637903
"2016-11-01",12.5,12.7,12.2,12.4,969800,11.637903
"2016-11-02",12.4,12.45,12.05,12.1,966000,11.356339
"2016-11-03",12.1,12.4,12.05,12.15,1115400,11.403267
"2016-11-04",12.25,12.4,12.1,12.15,1182400,11.403267
"2016-11-07",12.3,12.6,12.2,12.5,626800,11.731755
"2016-11-08",11.5,12.2,11.25,12.1,1284400,11.356339
"2016-11-09",12,12.55,11.85,12.35,749500,11.590976
"2016-11-10",12.35,12.55,12.05,12.35,1141300,11.590976
"2016-11-11",12.2,12.45,12.15,12.35,1225600,11.590976
"2016-11-14",12.35,12.7,12.25,12.5,1271100,11.731755
"2016-11-15",12.45,12.6,12.3,12.35,671600,11.590976
"2016-11-16",12.25,12.45,12.05,12.35,850400,11.590976
"2016-11-17",12.35,12.5,12.25,12.35,462300,11.590976
"2016-11-18",12.3,12.4,12.15,12.2,475300,11.450193
"2016-11-21",12.2,12.25,12,12.05,742100,11.309413
"2016-11-22",12,12.15,11.9,12,781800,11.262486
"2016-11-23",12.05,12.15,11.95,12.1,536500,11.356339
"2016-11-25",12.2,12.33,12.1,12.1,374000,11.356339
"2016-11-28",12.15,12.33,12.05,12.1,1033100,11.356339
"2016-11-29",12.05,12.15,11.75,11.9,677400,11.168633
"2016-11-30",11.9,12.03,11.78,11.95,497000,11.215559
"2016-12-01",11.95,12.15,11.85,12,539600,11.262486
"2016-12-02",12.05,12.15,12,12.05,1113100,11.309413
"2016-12-05",12.05,12.15,11.95,12.05,716000,11.309413
"2016-12-06",12.05,12.15,11.95,12.05,1248200,11.309413
"2016-12-07",12.05,12.25,12,12.15,1564300,11.403267
"2016-12-08",12.15,12.35,12.1,12.2,1207100,11.450193
"2016-12-09",12.2,12.5,12.2,12.4,686600,11.637903
"2016-12-12",12.3,12.45,12.3,12.3,1064600,11.544047
"2016-12-13",12.35,12.55,12.15,12.25,2570800,11.497121
"2016-12-14",12.25,12.43,12.15,12.2,892100,11.450193
"2016-12-15",12.25,12.4,11.98,12.05,744700,11.309413
"2016-12-16",12.1,12.2,11.85,12,1498600,11.262486
"2016-12-19",12,12.15,11.95,12.15,478700,11.403267
"2016-12-20",12.15,12.2,11.9,11.95,966200,11.215559
"2016-12-21",12,12.13,11.85,12.05,712700,11.309413
"2016-12-22",12.05,12.15,11.95,12.05,363400,11.309413
"2016-12-23",12.1,12.15,12,12.05,182200,11.309413
"2016-12-27",12.1,12.25,12.1,12.25,298500,11.497121
"2016-12-28",12.25,12.3,12,12.05,376300,11.309413
"2016-12-29",12,12.1,11.85,12.05,685800,11.309413
"2016-12-30",12.15,12.15,11.75,11.8,550900,11.074778
"2017-01-03",11.95,12.25,11.9,12.05,912900,11.309413
"2017-01-04",12.05,12.3,12.05,12.25,736600,11.497121
"2017-01-05",12.2,12.35,12.18,12.25,812100,11.497121
"2017-01-06",12.25,12.4,12.1,12.25,367900,11.497121
"2017-01-09",12.25,12.45,12.25,12.4,471000,11.637903
"2017-01-10",12.35,12.5,12.28,12.5,638900,11.731755
"2017-01-11",12.45,12.55,12.33,12.55,8e+05,11.778682
"2017-01-12",12.5,12.6,12.3,12.45,1157000,11.684829
"2017-01-13",12.45,12.58,12.4,12.45,381700,11.684829
"2017-01-17",12.4,12.73,12.3,12.7,529800,11.919463
"2017-01-18",12.7,12.7,12.4,12.55,867600,11.778682
"2017-01-19",12.55,12.6,12.4,12.45,439800,11.684829
"2017-01-20",12.45,12.55,12.35,12.35,644200,11.590976
"2017-01-23",12.35,12.45,12.3,12.4,471000,11.637903
"2017-01-24",12.35,12.63,12.3,12.6,359000,11.82561
"2017-01-25",12.6,12.8,12.55,12.7,792000,11.919463
"2017-01-26",12.75,12.8,12.5,12.55,424200,11.778682
"2017-01-27",12.55,12.7,12.5,12.65,613300,11.872536
"2017-01-30",12.7,12.7,12.45,12.7,445300,11.919463
"2017-01-31",12.7,12.7,12.4,12.65,457700,11.872536
"2017-02-01",12.65,12.75,12.5,12.7,379500,11.919463
"2017-02-02",12.7,12.7,12.5,12.6,414100,11.82561
"2017-02-03",12.6,12.65,12.5,12.6,280000,11.82561
"2017-02-06",12.6,12.7,12.55,12.55,185800,11.778682
"2017-02-07",12.55,12.6,12.4,12.55,386500,11.778682
"2017-02-08",12.55,12.55,12.35,12.45,283600,11.684829
"2017-02-09",12.4,12.75,12.4,12.75,494600,11.966392
"2017-02-10",12.5,13.75,12.5,13.6,749200,12.76415
"2017-02-13",13.7,13.8,13.35,13.35,658600,12.529515
"2017-02-14",13.4,13.5,13.25,13.35,561300,12.529515
"2017-02-15",13.2,13.53,13.2,13.45,1495500,12.623368
"2017-02-16",13.45,13.5,13.28,13.4,557100,12.576442
"2017-02-17",13.4,13.55,13.2,13.5,634200,12.670296
"2017-02-21",13.5,13.8,13.4,13.65,850300,12.811077
"2017-02-22",13.65,13.65,13.4,13.6,421900,12.76415
"2017-02-23",13.65,13.65,13.38,13.5,441700,12.670296
"2017-02-24",13.5,13.5,13.23,13.4,277300,12.576442
"2017-02-27",13.4,13.5,13.3,13.4,596700,12.576442
"2017-02-28",13.35,13.4,13.1,13.2,515800,12.388735
"2017-03-01",13.3,13.5,13.25,13.4,353800,12.576442
"2017-03-02",13.4,13.45,13.15,13.25,455800,12.435662
"2017-03-03",13.25,13.25,13.1,13.25,417300,12.435662
"2017-03-06",13.15,13.3,13.1,13.25,328800,12.435662
"2017-03-07",13.2,13.4,12.9,13,498900,12.201026
"2017-03-08",12.9,13.05,12.78,12.8,458400,12.013319
"2017-03-09",12.9,12.9,12.66,12.8,406100,12.013319
"2017-03-10",12.85,12.9,12.55,12.8,322800,12.013319
"2017-03-13",12.7,12.75,12.53,12.55,441400,11.871428
"2017-03-14",12.55,12.7,12.5,12.7,294900,12.013318
"2017-03-15",12.75,12.95,12.6,12.9,386500,12.202505
"2017-03-16",12.8,12.98,12.8,12.9,274500,12.202505
"2017-03-17",12.95,13.05,12.85,12.95,559100,12.2498
"2017-03-20",13,13,12.83,12.9,210700,12.202505
"2017-03-21",13,13.05,12.8,12.85,610900,12.155208
"2017-03-22",12.95,12.95,12.75,12.95,593200,12.2498
"2017-03-23",12.95,13.03,12.85,12.95,804000,12.2498
"2017-03-24",13,13.08,12.88,12.95,512900,12.2498
"2017-03-27",12.9,13.05,12.85,12.95,553400,12.2498
"2017-03-28",12.95,13.3,12.95,13.25,548700,12.53358
"2017-03-29",13.25,13.5,13.2,13.45,790300,12.722766
"2017-03-30",13.5,13.8,13.4,13.7,2143100,12.959249
"2017-03-31",13.7,13.7,13.33,13.5,511300,12.770062
"2017-04-03",13.55,13.55,13.2,13.25,446300,12.53358
"2017-04-04",13.25,13.35,13.1,13.15,569500,12.438987
"2017-04-05",13.15,13.2,12.93,13.05,455100,12.344395
"2017-04-06",13,13.09,12.85,12.95,396000,12.2498
"2017-04-07",12.9,12.95,12.85,12.9,159200,12.202505
"2017-04-10",12.9,13.05,12.85,12.9,300900,12.202505
"2017-04-11",12.85,12.95,12.8,12.85,381600,12.155208
"2017-04-12",12.9,13,12.83,12.95,416400,12.2498
"2017-04-13",12.85,12.95,12.7,12.7,319500,12.013318
"2017-04-17",12.8,12.9,12.7,12.85,279700,12.155208
"2017-04-18",12.85,12.85,12.6,12.7,413400,12.013318
"2017-04-19",12.75,12.95,12.75,12.85,249800,12.155208
"2017-04-20",12.85,13.45,12.85,13.35,457800,12.628174
"2017-04-21",13.3,13.4,13.13,13.3,453400,12.580876
"2017-04-24",13.4,13.45,13.3,13.35,1093400,12.628174
"2017-04-25",13.4,13.5,13.35,13.45,199900,12.722766
"2017-04-26",13.4,13.5,13.25,13.25,712400,12.53358
"2017-04-27",13.3,13.38,13.2,13.2,524100,12.486283
"2017-04-28",13.25,13.25,12.9,13,894200,12.297097
"2017-05-01",13.05,13.1,12.92,13,234500,12.297097
"2017-05-02",13,13.05,12.9,12.9,316300,12.202505
"2017-05-03",12.85,12.95,12.75,12.85,371100,12.155208
"2017-05-04",12.9,12.9,12.75,12.85,347900,12.155208
"2017-05-05",12.8,13,12.8,13,193400,12.297097
"2017-05-08",12.95,13.1,12.95,13.1,369100,12.391692
"2017-05-09",13.15,13.4,13.1,13.4,786600,12.675469
"2017-05-10",12.95,13.6,12.65,13.05,683300,12.344395
"2017-05-11",13.05,13.15,12.88,13,554300,12.297097
"2017-05-12",13,13.1,12.95,13.05,394600,12.344395
"2017-05-15",13.05,13.33,13.05,13.3,299500,12.580876
"2017-05-16",13.25,13.35,13.2,13.3,332700,12.580876
"2017-05-17",13.2,13.25,13.02,13.05,482900,12.344395
"2017-05-18",13.1,13.18,12.97,13.05,548000,12.344395
"2017-05-19",13.05,13.23,13,13.2,230600,12.486283
"2017-05-22",13.2,13.55,13.2,13.55,214100,12.817358
"2017-05-23",13.55,13.68,13.4,13.5,305200,12.770062
"2017-05-24",13.55,13.65,13.5,13.65,229400,12.911952
"2017-05-25",13.65,13.7,13.55,13.6,187800,12.864656
"2017-05-26",13.6,13.8,13.6,13.8,314500,13.053843
"2017-05-30",13.8,13.8,13.55,13.65,244700,12.911952
"2017-05-31",13.7,13.75,13.48,13.7,329500,12.959249
"2017-06-01",13.7,14,13.7,14,420400,13.243026
"2017-06-02",13.95,14.05,13.8,13.95,1191500,13.195732
"2017-06-05",13.95,14.05,13.8,13.8,1358900,13.053843
"2017-06-06",13.85,13.95,13.7,13.9,1304400,13.148436
"2017-06-07",14,14,13.75,13.8,1307600,13.053843
"2017-06-08",13.75,13.95,13.55,13.95,415100,13.195732
"2017-06-09",13.95,14.1,13.83,14.1,291400,13.337622
"2017-06-12",14.05,14.25,14,14.05,254400,13.290324
"2017-06-13",14.05,14.13,13.93,13.95,201500,13.195732
"2017-06-14",14.05,14.1,13.9,14,960300,13.243026
"2017-06-15",14,14.08,13.9,14.05,255600,13.290324
"2017-06-16",14.1,14.25,14,14.15,815100,13.384916
"2017-06-19",14.15,14.3,14.15,14.25,191000,13.479509
"2017-06-20",14.25,14.25,13.95,14,412100,13.243026
"2017-06-21",14,14.1,13.93,13.95,327000,13.195732
"2017-06-22",13.95,14.05,13.75,13.95,196000,13.195732
"2017-06-23",13.9,14.1,13.8,14.05,537000,13.290324
"2017-06-26",14.05,14.15,13.95,14.1,197900,13.337622
"2017-06-27",14.1,14.25,14,14.1,375100,13.337622
"2017-06-28",14.15,14.4,14.15,14.3,372500,13.526807
"2017-06-29",14.3,14.4,13.83,14.05,507000,13.290324
"2017-06-30",14.1,14.2,14,14.15,216300,13.384916
"2017-07-03",14.3,14.35,14.1,14.3,226200,13.526807
"2017-07-05",14.3,14.3,14.1,14.15,273700,13.384916
"2017-07-06",14.1,14.1,13.65,13.65,365100,12.911952
"2017-07-07",13.7,13.85,13.6,13.75,482300,13.006546
"2017-07-10",13.7,13.85,13.53,13.55,288000,12.817358
"2017-07-11",13.65,13.78,13.5,13.75,312800,13.006546
"2017-07-12",13.8,13.85,13.6,13.6,300700,12.864656
"2017-07-13",13.6,13.75,13.6,13.7,249100,12.959249
"2017-07-14",13.7,14.05,13.68,14,482700,13.243026
"2017-07-17",14,14.25,13.95,14.1,394500,13.337622
"2017-07-18",14.05,14.13,13.95,14.05,197400,13.290324
"2017-07-19",14.1,14.43,14.1,14.35,208300,13.574104
"2017-07-20",14.4,14.55,14.3,14.35,228200,13.574104
"2017-07-21",14.25,14.55,14.25,14.45,507900,13.668696
"2017-07-24",14.4,14.5,14.35,14.45,349800,13.668696
"2017-07-25",14.55,14.6,14.25,14.55,376600,13.76329
"2017-07-26",14.65,14.75,14.6,14.6,312000,13.810587
"2017-07-27",14.65,14.8,14.65,14.7,407900,13.905178
"2017-07-28",14.65,14.9,14.65,14.8,281100,13.999771
"2017-07-31",14.8,14.85,14.65,14.7,219200,13.905178
"2017-08-01",14.8,14.9,14.7,14.85,417700,14.047069
"2017-08-02",14.8,14.8,14.6,14.75,592900,13.952477
"2017-08-03",14.75,14.8,14.45,14.65,244300,13.857882
"2017-08-04",14.65,14.7,14.5,14.6,374200,13.810587
"2017-08-07",14.55,14.85,14.55,14.8,186200,13.999771
"2017-08-08",14.75,14.75,14.5,14.6,289700,13.810587
"2017-08-09",14.6,14.65,14.4,14.55,243100,13.76329
"2017-08-10",14.55,14.55,13.95,14,683200,13.243026
"2017-08-11",14.25,14.4,13.78,13.8,312200,13.053843
"2017-08-14",13.95,14,13.7,13.8,366700,13.053843
"2017-08-15",13.9,13.9,13.65,13.7,256500,12.959249
"2017-08-16",13.75,13.85,13.6,13.65,563900,12.911952
"2017-08-17",13.65,13.88,13.6,13.65,368400,12.911952
"2017-08-18",13.6,13.85,13.48,13.75,727900,13.006546
"2017-08-21",13.7,13.8,13.6,13.75,472900,13.006546
"2017-08-22",13.75,13.85,13.7,13.8,245600,13.053843
"2017-08-23",13.7,13.73,13.5,13.5,448200,12.770062
"2017-08-24",13.6,13.6,13.45,13.6,271600,12.864656
"2017-08-25",13.65,13.85,13.55,13.75,222100,13.006546
"2017-08-28",13.8,13.85,13.65,13.8,297100,13.053843
"2017-08-29",13.65,13.75,13.6,13.7,279700,12.959249
"2017-08-30",13.65,13.75,13.5,13.6,618500,12.864656
"2017-08-31",13.6,13.75,13.6,13.7,398000,12.959249
"2017-09-01",13.7,13.85,13.7,13.8,596700,13.053843
"2017-09-05",13.75,13.8,13.5,13.55,673600,12.817358
"2017-09-06",13.6,13.8,13.55,13.65,502900,12.911952
"2017-09-07",13.7,13.9,13.7,13.8,453200,13.053843
"2017-09-08",13.8,13.9,13.4,13.4,628100,12.675469
"2017-09-11",13.55,13.7,13.45,13.65,284100,12.911952
"2017-09-12",13.55,13.65,13.43,13.5,1061700,12.864306
"2017-09-13",13.6,13.6,13.1,13.3,651100,12.673724
"2017-09-14",13.3,13.45,13.2,13.35,868000,12.72137
"2017-09-15",13.25,13.55,13.25,13.45,1298200,12.816661
"2017-09-18",13.5,13.55,13.35,13.45,431300,12.816661
"2017-09-19",13.45,13.5,13.3,13.5,598500,12.864306
"2017-09-20",13.5,13.6,13.45,13.6,642100,12.959599
"2017-09-21",13.5,13.58,13.35,13.45,540200,12.816661
"2017-09-22",13.4,13.5,13.33,13.4,179200,12.769015
"2017-09-25",13.45,13.6,13.35,13.6,328300,12.959599
"2017-09-26",13.6,13.6,13.35,13.4,719500,12.769015
"2017-09-27",13.35,13.65,13.35,13.55,441500,12.911953
"2017-09-28",13.5,13.8,13.4,13.65,1023300,13.007242
"2017-09-29",13.6,13.65,13.5,13.65,360200,13.007242
"2017-10-02",13.65,13.75,13.55,13.7,357400,13.054889
"2017-10-03",13.7,13.8,13.55,13.7,281800,13.054889
"2017-10-04",13.7,13.8,13.6,13.7,287200,13.054889
"2017-10-05",13.7,13.8,13.63,13.7,492400,13.054889
"2017-10-06",13.65,13.73,13.55,13.65,285300,13.007242
"2017-10-09",13.65,13.65,13.5,13.55,136600,12.911953
"2017-10-10",13.65,13.85,13.6,13.85,806500,13.197826
"2017-10-11",13.8,13.8,13.65,13.75,291200,13.102535
"2017-10-12",13.7,13.9,13.7,13.85,208300,13.197826
"2017-10-13",13.95,14.08,13.8,14.05,204200,13.388409
"2017-10-16",14,14.1,13.9,14.05,268300,13.388409
"2017-10-17",14,14,13.85,13.95,157000,13.293117
"2017-10-18",13.95,14.1,13.9,14.1,568600,13.436055
"2017-10-19",14,14,13.85,13.9,202100,13.245472
"2017-10-20",14.05,14.1,13.95,14.1,457100,13.436055
"2017-10-23",14.05,14.1,13.95,14,286400,13.340762
"2017-10-24",13.95,14.05,13.9,13.95,544100,13.293117
"2017-10-25",13.95,14.05,13.8,14,439500,13.340762
"2017-10-26",14,14.15,13.93,14,474700,13.340762
"2017-10-27",14,14.05,13.8,13.95,545600,13.293117
"2017-10-30",13.95,14.15,13.9,14.15,245800,13.483698
"2017-10-31",14.1,14.1,13.9,13.9,266800,13.245472
"2017-11-01",14,14.2,13.9,14.05,447300,13.388409
"2017-11-02",14,14.15,13.85,14.05,475800,13.388409
"2017-11-03",14.05,14.2,14,14.2,299800,13.531344
"2017-11-06",14.15,14.6,14.15,14.55,347000,13.864864
"2017-11-07",14.5,14.8,14.38,14.4,372400,13.721927
"2017-11-08",14.4,14.5,14.3,14.45,371600,13.769572
"2017-11-09",14.4,14.85,14.35,14.75,525500,14.055446
"2017-11-10",15.15,16.200001,14.9,15.55,935900,14.817777
"2017-11-13",15.5,15.75,15.3,15.6,491000,14.86542
"2017-11-14",15.5,15.8,15.35,15.55,396100,14.817777
"2017-11-15",15.6,15.6,15.43,15.55,339500,14.817777
"2017-11-16",15.6,16.049999,15.5,16,384200,15.246586
"2017-11-17",15.95,16.27,15.9,16.200001,1217800,15.437168
"2017-11-20",16.15,16.15,15.88,15.95,1028600,15.198939
"2017-11-21",15.95,16.049999,15.88,15.95,2830100,15.198939
"2017-11-22",16,16,15.85,15.9,1876400,15.151295
"2017-11-24",15.95,16,15.78,15.9,197400,15.151295
"2017-11-27",16,16,15.85,15.95,666800,15.198939
"2017-11-28",15.85,16.35,15.85,16.35,795400,15.580104
"2017-11-29",16.200001,16.58,16.200001,16.450001,966000,15.675397
"2017-11-30",16.299999,16.6,16.25,16.4,912100,15.627748
"2017-12-01",16.5,16.5,16.049999,16.450001,764900,15.675397
"2017-12-04",16.450001,17.049999,16.35,16.75,1106500,15.961272
"2017-12-05",16.799999,16.83,16.379999,16.549999,901500,15.770685
"2017-12-06",16.6,16.68,16.4,16.549999,478400,15.770685
"2017-12-07",16.6,16.6,16.450001,16.549999,266500,15.770685
"2017-12-08",16.6,16.799999,16.549999,16.799999,717500,16.008915
"2017-12-11",16.9,17,16.75,16.9,3117300,16.104206
"2017-12-12",17,17,16.450001,16.549999,563600,15.770685
"2017-12-13",16.549999,16.65,16.4,16.5,839900,15.723039
"2017-12-14",16.450001,16.65,16.4,16.450001,854100,15.675397
"2017-12-15",16.5,16.5,16.299999,16.35,1444800,15.580104
"2017-12-18",16.5,16.700001,16.4,16.6,458800,15.818332
"2017-12-19",16.65,16.799999,16.5,16.65,640800,15.865978
"2017-12-20",16.75,16.75,16.549999,16.6,391900,15.818332
"2017-12-21",16.65,16.83,16.450001,16.65,372400,15.865978
"2017-12-22",16.700001,16.799999,16.65,16.799999,517300,16.008915
"2017-12-26",16.75,16.799999,16.6,16.6,153000,15.818332
"2017-12-27",16.65,16.75,16.52,16.65,304000,15.865978
"2017-12-28",16.700001,16.700001,16.5,16.65,296600,15.865978
"2017-12-29",16.700001,16.77,16.549999,16.6,422000,15.818332
