"dates","NWSA.Open","NWSA.High","NWSA.Low","NWSA.Close","NWSA.Volume","NWSA.Adjusted"
"2013-06-19",15.28,16.25,15.2,15.8,31981500,14.454967
"2013-06-20",16.370001,16.370001,15.25,15.3,9274200,13.997531
"2013-06-21",15.7,15.8,15.4,15.62,8323500,14.290289
"2013-06-24",15.64,15.84,15.2,15.53,4279700,14.207951
"2013-06-25",15.55,15.74,15.35,15.72,3577300,14.381777
"2013-06-26",15.69,15.69,15.18,15.4,14755100,14.089017
"2013-06-27",15.34,15.87,14.85,15.5,12121700,14.180505
"2013-06-28",15.5,15.77,15.25,15.25,16988100,13.951787
"2013-07-01",14.79,15.59,14.75,14.79,25839400,13.530946
"2013-07-02",14.69,15.12,14.69,15,30520100,13.723069
"2013-07-03",14.95,15.09,14.73,14.87,8542600,13.604136
"2013-07-05",14.95,15.95,14.89,15.66,12427000,14.326884
"2013-07-08",15.63,16.040001,15.5,15.96,15345100,14.601348
"2013-07-09",15.79,15.97,15.5,15.71,9936400,14.372629
"2013-07-10",15.5,15.57,15.15,15.39,16327000,14.079871
"2013-07-11",15.6,15.6,14.96,15.13,17029600,13.842005
"2013-07-12",15.07,15.12,14.9,14.93,10426300,13.659029
"2013-07-15",14.93,15.03,14.39,14.67,20636400,13.421162
"2013-07-16",14.57,15.34,14.57,15.28,9328500,13.979236
"2013-07-17",15.36,15.96,15.29,15.89,13411100,14.537305
"2013-07-18",15.94,16.1,15.33,15.47,10825700,14.153059
"2013-07-19",15.35,16.08,15.26,15.97,11658700,14.610497
"2013-07-22",16.09,16.129999,15.61,15.73,6141600,14.390925
"2013-07-23",15.69,15.87,15.54,15.65,9298400,14.317737
"2013-07-24",15.65,15.89,15.42,15.71,6205200,14.372629
"2013-07-25",15.66,15.87,15.45,15.57,7069700,14.244546
"2013-07-26",15.54,15.97,15.31,15.89,5884800,14.537305
"2013-07-29",15.87,15.87,15.4,15.51,9020200,14.189654
"2013-07-30",15.6,15.96,15.46,15.95,12798200,14.592198
"2013-07-31",16,16.209999,15.83,15.93,7681500,14.573899
"2013-08-01",15.94,16.280001,15.94,16.209999,10303300,14.830064
"2013-08-02",16.15,16.469999,16.120001,16.34,8258600,14.948997
"2013-08-05",16.33,16.33,15.89,16,8754100,14.637941
"2013-08-06",15.99,16.25,15.82,16.18,6232000,14.802618
"2013-08-07",16.15,16.15,15.85,15.95,4755000,14.592198
"2013-08-08",16.07,16.309999,15.91,16.129999,7110400,14.756874
"2013-08-09",16.09,16.16,15.96,15.98,4293800,14.619643
"2013-08-12",15.88,16.059999,15.74,15.92,4882400,14.564752
"2013-08-13",15.91,15.95,15.8,15.83,3615400,14.482412
"2013-08-14",15.83,16.01,15.66,15.9,3940500,14.546454
"2013-08-15",15.79,16.190001,15.7,16.1,5160000,14.72943
"2013-08-16",16.040001,16.25,15.96,15.98,6373200,14.619643
"2013-08-19",16.049999,16.059999,15.69,15.7,6123600,14.363479
"2013-08-20",15.83,15.83,15.52,15.7,4265600,14.363479
"2013-08-21",15.61,15.78,15.49,15.76,5040000,14.418374
"2013-08-22",15.76,15.82,15.63,15.71,3731700,14.372629
"2013-08-23",15.71,15.79,15.57,15.75,3981300,14.409223
"2013-08-26",15.79,15.9,15.71,15.86,4125000,14.50986
"2013-08-27",15.75,16,15.69,15.73,9059500,14.390925
"2013-08-28",15.76,15.81,15.68,15.76,11099300,14.418374
"2013-08-29",15.73,15.89,15.64,15.77,2795500,14.427521
"2013-08-30",15.75,15.78,15.59,15.7,5386300,14.363479
"2013-09-03",15.89,16.030001,15.69,15.78,3783600,14.436668
"2013-09-04",15.79,16.08,15.76,16.030001,4992000,14.665387
"2013-09-05",15.97,16.27,15.88,16.24,3521200,14.857509
"2013-09-06",16.309999,16.34,16.08,16.190001,3358700,14.811765
"2013-09-09",16.16,16.34,16.16,16.34,3668900,14.948997
"2013-09-10",16.379999,16.57,16.25,16.549999,4292100,15.14112
"2013-09-11",16.65,17.059999,16.5,17.049999,7562700,15.598553
"2013-09-12",17.120001,17.26,16.940001,17.110001,4836500,15.653447
"2013-09-13",17.059999,17.08,16.77,16.889999,2717700,15.452178
"2013-09-16",17.120001,17.200001,16.780001,16.959999,5758300,15.516215
"2013-09-17",17.030001,17.17,16.889999,17,2538500,15.552813
"2013-09-18",16.99,17.18,16.84,17.049999,3862600,15.598553
"2013-09-19",17.1,17.1,16.66,16.870001,3286100,15.433879
"2013-09-20",16.92,17,16.469999,16.639999,4594000,15.22346
"2013-09-23",16.620001,16.639999,16.370001,16.530001,2360000,15.122823
"2013-09-24",16.530001,17.200001,16.5,17.040001,5611800,15.589408
"2013-09-25",17.030001,17.040001,16.68,16.799999,4389700,15.369837
"2013-09-26",16.77,16.870001,16.1,16.290001,12737900,14.903255
"2013-09-27",16.1,16.25,15.99,16.17,7098300,14.793469
"2013-09-30",16.200001,16.26,15.91,16.059999,6237900,14.692834
"2013-10-01",16.049999,16.139999,15.8,15.91,8815300,14.555603
"2013-10-02",15.85,16.27,15.7,16.139999,17758200,14.766023
"2013-10-03",16.139999,16.25,15.79,15.87,17833500,14.519007
"2013-10-04",15.84,16.01,15.79,15.84,13660000,14.491562
"2013-10-07",15.7,15.98,15.69,15.91,8663200,14.555603
"2013-10-08",15.51,15.98,15.51,15.8,4825300,14.454967
"2013-10-09",15.8,15.95,15.75,15.88,4210300,14.528157
"2013-10-10",15.98,16.25,15.94,16.219999,5506700,14.839211
"2013-10-11",16.16,16.6,16.139999,16.41,5085700,15.013039
"2013-10-14",16.309999,16.620001,16.23,16.559999,3606300,15.150269
"2013-10-15",16.459999,16.67,16.42,16.58,4406800,15.168567
"2013-10-16",16.719999,16.790001,16.57,16.780001,4511900,15.351542
"2013-10-17",16.639999,16.809999,16.629999,16.799999,3972000,15.369837
"2013-10-18",16.85,16.9,16.75,16.85,5809100,15.415581
"2013-10-21",16.860001,16.98,16.790001,16.85,3107000,15.415581
"2013-10-22",16.889999,17.059999,16.790001,17,7274300,15.552813
"2013-10-23",16.799999,17.24,16.799999,17.110001,5145800,15.653447
"2013-10-24",17.07,17.4,17.02,17.290001,4734900,15.818128
"2013-10-25",17.549999,17.549999,17.09,17.15,6197900,15.690042
"2013-10-28",17.120001,17.32,17.030001,17.290001,4131800,15.818128
"2013-10-29",17.299999,17.51,17.24,17.459999,6582700,15.973651
"2013-10-30",17.459999,17.51,17.309999,17.35,8031100,15.873018
"2013-10-31",17.370001,17.77,17.34,17.6,4697900,16.101732
"2013-11-01",17.620001,17.809999,17.450001,17.77,3714000,16.257263
"2013-11-04",17.73,17.860001,17.67,17.76,2870800,16.248112
"2013-11-05",17.57,17.85,17.48,17.68,3820200,16.174925
"2013-11-06",17.73,17.82,17.35,17.41,3922700,15.927911
"2013-11-07",17.51,17.620001,17.25,17.26,3888200,15.79068
"2013-11-08",17.309999,17.620001,17.17,17.6,1787500,16.101732
"2013-11-11",17.6,17.65,17.35,17.42,5387300,15.93706
"2013-11-12",16.85,17.309999,16.719999,17.15,12944400,15.690042
"2013-11-13",17.02,17.290001,16.950001,17.219999,3673400,15.754084
"2013-11-14",17.24,17.379999,17.18,17.25,2920600,15.78153
"2013-11-15",17.32,17.809999,17.32,17.76,4606300,16.248112
"2013-11-18",17.77,17.82,17.370001,17.42,4431400,15.93706
"2013-11-19",17.43,17.66,17.379999,17.48,2961800,15.991947
"2013-11-20",17.540001,17.790001,17.450001,17.67,6256400,16.165773
"2013-11-21",17.709999,17.75,17.540001,17.559999,4075000,16.06514
"2013-11-22",17.610001,17.690001,17.5,17.549999,3624500,16.055992
"2013-11-25",17.629999,17.68,17.360001,17.48,3397600,15.991947
"2013-11-26",17.43,17.709999,17.370001,17.690001,5585700,16.184072
"2013-11-27",17.66,17.940001,17.51,17.860001,5083300,16.339602
"2013-11-29",17.85,17.969999,17.84,17.959999,1506100,16.431091
"2013-12-02",17.92,17.969999,17.6,17.65,4610200,16.14748
"2013-12-03",17.629999,17.629999,17.4,17.5,3120100,16.010248
"2013-12-04",17.440001,17.620001,17.379999,17.58,2676000,16.083439
"2013-12-05",16.540001,17.549999,16.540001,17.459999,2562600,15.973651
"2013-12-06",17.66,17.860001,17.52,17.780001,4483700,16.266413
"2013-12-09",17.889999,17.9,17.459999,17.52,4088800,16.028545
"2013-12-10",17.49,17.719999,17.440001,17.639999,2618000,16.13833
"2013-12-11",17.65,17.74,17.48,17.6,3255300,16.101732
"2013-12-12",17.639999,17.66,17.49,17.49,4073000,16.001102
"2013-12-13",17.49,17.700001,17.32,17.66,4320800,16.156628
"2013-12-16",17.77,17.799999,17.58,17.77,1885100,16.257263
"2013-12-17",17.57,17.57,17.17,17.35,4023000,15.873018
"2013-12-18",17.299999,17.530001,17.07,17.5,2539200,16.010248
"2013-12-19",17.41,17.469999,17.290001,17.360001,2475900,15.882169
"2013-12-20",17.43,17.969999,17.309999,17.75,7055200,16.238968
"2013-12-23",17.93,17.969999,17.73,17.9,1974600,16.376196
"2013-12-24",17.959999,18.01,17.780001,17.9,683100,16.376196
"2013-12-26",17.99,18.07,17.65,17.77,2259900,16.257263
"2013-12-27",17.74,17.82,17.559999,17.73,2691300,16.220669
"2013-12-30",17.780001,17.93,17.700001,17.91,1918400,16.385345
"2013-12-31",17.98,18.09,17.84,18.02,2612000,16.485981
"2014-01-02",18.049999,18.17,17.82,17.950001,3673400,16.421944
"2014-01-03",17.93,18.01,17.780001,17.82,2016600,16.303007
"2014-01-06",17.879999,17.959999,17.48,17.58,3388300,16.083439
"2014-01-07",17.65,17.65,17.33,17.4,3266000,15.91876
"2014-01-08",17.35,17.4,17.15,17.290001,4109600,15.818128
"2014-01-09",17.379999,17.48,17.27,17.34,2852700,15.863869
"2014-01-10",17.41,17.52,17.280001,17.4,2063700,15.91876
"2014-01-13",17.41,17.440001,17.07,17.15,2655600,15.690042
"2014-01-14",17.200001,17.35,17.129999,17.299999,1935000,15.827271
"2014-01-15",17.24,17.33,17.1,17.209999,2209400,15.744936
"2014-01-16",17.200001,17.26,17.049999,17.08,2833400,15.626
"2014-01-17",17.09,17.18,16.940001,17.08,2102700,15.626
"2014-01-21",17.15,17.15,16.690001,16.76,4664700,15.333245
"2014-01-22",16.75,16.99,16.559999,16.65,3109900,15.232606
"2014-01-23",16.5,16.58,16.360001,16.530001,3085400,15.122823
"2014-01-24",16.27,16.33,16.01,16.17,6995600,14.793469
"2014-01-27",16.25,16.559999,16.190001,16.389999,6241000,14.99474
"2014-01-28",16.379999,16.459999,16.23,16.24,4468400,14.857509
"2014-01-29",16.09,16.280001,16.01,16.219999,5574400,14.839211
"2014-01-30",16.280001,16.299999,16.16,16.200001,9436500,14.820916
"2014-01-31",16.139999,16.24,15.95,15.96,3040200,14.601348
"2014-02-03",16,16.059999,15.48,15.52,4729900,14.198805
"2014-02-04",15.55,15.72,15.44,15.52,8117500,14.198805
"2014-02-05",15.56,15.9,15.55,15.61,5805700,14.281142
"2014-02-06",15.64,16.110001,15.61,16.02,4984700,14.656238
"2014-02-07",17.48,18,17.07,17.41,13191600,15.927911
"2014-02-10",17.030001,17.59,16.969999,17.51,6085100,16.019396
"2014-02-11",17.530001,18,17.41,17.93,6908500,16.403643
"2014-02-12",17.93,18.049999,17.6,17.65,3310200,16.14748
"2014-02-13",17.549999,17.82,17.41,17.66,2168600,16.156628
"2014-02-14",17.620001,17.84,17.540001,17.68,1827600,16.174925
"2014-02-18",17.719999,17.82,17.559999,17.75,2359300,16.238968
"2014-02-19",17.700001,17.860001,17.559999,17.59,2217500,16.09259
"2014-02-20",17.6,17.639999,17.309999,17.5,2549700,16.010248
"2014-02-21",17.450001,17.76,17.440001,17.68,3193600,16.174925
"2014-02-24",17.75,18.049999,17.74,17.940001,2473300,16.41279
"2014-02-25",17.93,18.110001,17.9,17.959999,2396900,16.431091
"2014-02-26",17.950001,18.139999,17.83,18.030001,2275700,16.495129
"2014-02-27",17.950001,18.059999,17.860001,18.02,2363300,16.485981
"2014-02-28",18.059999,18.4,17.92,18.33,2515100,16.769592
"2014-03-03",18.190001,18.34,17.950001,18.120001,3592200,16.577471
"2014-03-04",18.200001,18.41,18.15,18.4,3160600,16.833632
"2014-03-05",18.43,18.530001,18.129999,18.299999,2321700,16.742147
"2014-03-06",18.32,18.43,18.190001,18.280001,1897600,16.723848
"2014-03-07",18.299999,18.360001,17.84,17.91,2501200,16.385345
"2014-03-10",17.959999,18,17.709999,17.76,1937800,16.248112
"2014-03-11",17.76,17.809999,17.52,17.709999,1971000,16.202368
"2014-03-12",17.700001,17.889999,17.4,17.83,2782300,16.312155
"2014-03-13",17.82,17.91,17.309999,17.34,2515200,15.863869
"2014-03-14",17.370001,17.639999,17.25,17.43,2372300,15.946205
"2014-03-17",17.549999,17.809999,17.290001,17.389999,1707100,15.909613
"2014-03-18",17.42,17.74,17.379999,17.709999,3081100,16.202368
"2014-03-19",17.67,17.799999,17.459999,17.549999,2405600,16.055992
"2014-03-20",17.450001,17.57,17.32,17.51,1290800,16.019396
"2014-03-21",17.73,17.73,17.33,17.58,4658500,16.083439
"2014-03-24",17.6,17.67,17.389999,17.469999,2295500,15.982801
"2014-03-25",17.57,17.59,17.27,17.360001,2258900,15.882169
"2014-03-26",17.370001,17.42,17.02,17.030001,3216400,15.580258
"2014-03-27",17.09,17.23,16.99,17.02,4109800,15.571107
"2014-03-28",17.01,17.280001,17,17.030001,2012300,15.580258
"2014-03-31",17.15,17.25,17,17.219999,2399300,15.754084
"2014-04-01",17.34,17.5,17.200001,17.440001,3302700,15.955355
"2014-04-02",17.4,17.52,17.27,17.440001,2373600,15.955355
"2014-04-03",17.469999,17.52,17.09,17.110001,3712800,15.653447
"2014-04-04",17.23,17.540001,17.110001,17.120001,2828900,15.6626
"2014-04-07",17.110001,17.379999,17,17.08,3028700,15.626
"2014-04-08",17.18,17.209999,16.92,17.049999,2520200,15.598553
"2014-04-09",17.059999,17.219999,16.959999,17.200001,1704500,15.735785
"2014-04-10",17.23,17.32,16.83,16.83,2395300,15.397284
"2014-04-11",16.780001,17.16,16.469999,16.540001,3203000,15.131974
"2014-04-14",16.66,16.809999,16.5,16.77,2453400,15.342394
"2014-04-15",16.780001,16.950001,16.32,16.629999,2191900,15.214312
"2014-04-16",16.719999,16.9,16.450001,16.790001,1600400,15.360692
"2014-04-17",16.719999,17.02,16.719999,16.879999,1113000,15.443025
"2014-04-21",16.870001,17.040001,16.549999,16.950001,1777300,15.507068
"2014-04-22",16.940001,17.049999,16.73,17.01,1297400,15.561962
"2014-04-23",17.030001,17.24,16.93,17.23,1563300,15.763234
"2014-04-24",17.290001,17.440001,17.01,17.280001,1958100,15.808978
"2014-04-25",17.26,17.26,17.08,17.129999,1166800,15.671742
"2014-04-28",17.17,17.219999,16.82,17.129999,1787100,15.671742
"2014-04-29",17.25,17.42,17.110001,17.209999,2230200,15.744936
"2014-04-30",17.200001,17.200001,16.780001,17.02,2780900,15.571107
"2014-05-01",17.209999,17.389999,17.059999,17.299999,2417900,15.827271
"2014-05-02",17.23,17.440001,17.02,17.309999,2118000,15.836419
"2014-05-05",17.26,17.43,17.139999,17.4,1564200,15.91876
"2014-05-06",17.32,17.34,17.129999,17.139999,1908900,15.680892
"2014-05-07",17.139999,17.200001,16.92,17.08,2508800,15.626
"2014-05-08",17.09,17.17,16.879999,17.110001,3885700,15.653447
"2014-05-09",17.51,18.02,17.27,18,4623900,16.467686
"2014-05-12",18.049999,18.18,17.76,17.85,2926300,16.330454
"2014-05-13",17.84,17.940001,17.65,17.719999,2205200,16.211519
"2014-05-14",17.74,17.790001,17.17,17.190001,3964200,15.72664
"2014-05-15",17.18,17.23,16.870001,16.870001,2974000,15.433879
"2014-05-16",16.889999,17.1,16.67,17.049999,2826600,15.598553
"2014-05-19",16.98,17.16,16.92,17.030001,1613300,15.580258
"2014-05-20",16.98,17,16.66,16.75,3511200,15.324094
"2014-05-21",16.790001,17.040001,16.77,16.91,3463200,15.470475
"2014-05-22",16.98,17.219999,16.83,17.17,2657700,15.708339
"2014-05-23",17.16,17.219999,17,17.09,3382000,15.635153
"2014-05-27",17.129999,17.290001,17.059999,17.219999,1829500,15.754084
"2014-05-28",17.190001,17.24,16.780001,17.110001,2019800,15.653447
"2014-05-29",17.09,17.17,16.969999,17.120001,2734800,15.6626
"2014-05-30",17.09,17.18,17.01,17.059999,2971600,15.607706
"2014-06-02",17.1,17.33,17.030001,17.26,2176800,15.79068
"2014-06-03",17.129999,17.48,17.129999,17.370001,1993700,15.891315
"2014-06-04",17.299999,17.6,17.280001,17.469999,1802300,15.982801
"2014-06-05",17.540001,17.74,17.33,17.719999,1616400,16.211519
"2014-06-06",17.719999,17.92,17.6,17.690001,2294000,16.184072
"2014-06-09",17.639999,17.940001,17.6,17.66,1958600,16.156628
"2014-06-10",17.66,17.75,17.48,17.610001,1789300,16.110882
"2014-06-11",17.629999,17.68,17.51,17.629999,1201800,16.129177
"2014-06-12",17.559999,17.559999,17.299999,17.299999,7379600,15.827271
"2014-06-13",17.379999,17.6,17.139999,17.23,2298500,15.763234
"2014-06-16",17.139999,17.23,16.92,17.120001,2710500,15.6626
"2014-06-17",17.059999,17.280001,17.01,17.25,1869200,15.78153
"2014-06-18",17.25,17.58,17.190001,17.58,3342300,16.083439
"2014-06-19",17.52,17.68,17.23,17.67,3407300,16.165773
"2014-06-20",17.76,17.809999,17.34,17.629999,4562300,16.129177
"2014-06-23",17.690001,17.709999,17.27,17.370001,3982900,15.891315
"2014-06-24",17.379999,17.639999,17.190001,17.49,3323100,16.001102
"2014-06-25",17.41,17.780001,17.26,17.709999,3172600,16.202368
"2014-06-26",17.799999,18.030001,17.549999,18.02,6005500,16.485981
"2014-06-27",17.9,18.08,17.809999,17.98,17508800,16.449387
"2014-06-30",17.969999,18.120001,17.77,17.940001,3933100,16.41279
"2014-07-01",18.02,18.18,16.719999,18.1,2928000,16.559174
"2014-07-02",18.030001,18.299999,17.98,18.26,2973400,16.705551
"2014-07-03",18.27,18.34,18.18,18.280001,1421400,16.723848
"2014-07-07",18.24,18.25,18.09,18.120001,1954000,16.577471
"2014-07-08",18.17,18.299999,17.99,18.139999,3532700,16.595766
"2014-07-09",18.24,18.370001,18.110001,18.219999,4516800,16.668959
"2014-07-10",18.1,18.129999,17.92,17.99,4187700,16.458536
"2014-07-11",18,18.18,17.959999,18.09,2522200,16.550022
"2014-07-14",18.190001,18.24,18.02,18.18,2144900,16.63236
"2014-07-15",18.18,18.389999,18.129999,18.27,4050100,16.714701
"2014-07-16",18.26,18.41,18.17,18.23,2717000,16.678104
"2014-07-17",18.200001,18.24,18.040001,18.049999,2809400,16.513428
"2014-07-18",18.120001,18.280001,18,18.219999,1713400,16.668959
"2014-07-21",18.08,18.299999,18,18.129999,1932900,16.586618
"2014-07-22",18.23,18.27,18.030001,18.1,1590100,16.559174
"2014-07-23",18.040001,18.129999,17.92,18.110001,2878800,16.568319
"2014-07-24",18.190001,18.309999,18.09,18.290001,2703200,16.732996
"2014-07-25",18.25,18.290001,18.120001,18.139999,3757200,16.595766
"2014-07-28",18.1,18.110001,17.9,18.059999,2637800,16.522575
"2014-07-29",18.110001,18.200001,17.85,17.870001,3143200,16.348749
"2014-07-30",17.9,18.030001,17.709999,17.85,3688900,16.330454
"2014-07-31",17.77,17.93,17.620001,17.65,2700700,16.14748
"2014-08-01",17.629999,17.85,17.58,17.77,2618600,16.257263
"2014-08-04",17.799999,17.879999,17.610001,17.84,2317200,16.321304
"2014-08-05",17.459999,17.809999,17.459999,17.65,2887400,16.14748
"2014-08-06",17.6,17.709999,17.5,17.629999,2169500,16.129177
"2014-08-07",17.719999,17.719999,17.370001,17.42,6681600,15.93706
"2014-08-08",16.459999,17.27,16.33,17.15,13430800,15.690042
"2014-08-11",17.17,17.459999,17.16,17.34,5998300,15.863869
"2014-08-12",17.360001,17.5,17.219999,17.25,5013200,15.78153
"2014-08-13",16.5,17.33,16.42,17.110001,4534300,15.653447
"2014-08-14",17.17,17.32,17.129999,17.309999,1905800,15.836419
"2014-08-15",17.360001,17.379999,17.15,17.25,2948800,15.78153
"2014-08-18",17.27,17.41,17.15,17.200001,4254500,15.735785
"2014-08-19",17.16,17.24,17.07,17.15,3164400,15.690042
"2014-08-20",17.139999,17.5,17.08,17.450001,2803400,15.964503
"2014-08-21",17.469999,17.6,17.389999,17.58,3522400,16.083439
"2014-08-22",17.6,17.6,17.389999,17.49,2242800,16.001102
"2014-08-25",17.549999,17.66,17.469999,17.66,1954000,16.156628
"2014-08-26",17.709999,17.709999,17.59,17.620001,1349400,16.120035
"2014-08-27",17.610001,17.68,17.540001,17.68,1802300,16.174925
"2014-08-28",17.65,17.75,17.51,17.67,2239400,16.165773
"2014-08-29",17.68,17.719999,17.540001,17.629999,2377200,16.129177
"2014-09-02",17.65,17.74,17.42,17.43,4195600,15.946205
"2014-09-03",17.52,17.639999,17.52,17.6,2224600,16.101732
"2014-09-04",17.67,17.799999,17.57,17.6,1900400,16.101732
"2014-09-05",17.540001,17.75,17.540001,17.75,2047200,16.238968
"2014-09-08",17.700001,17.74,17.559999,17.620001,2089400,16.120035
"2014-09-09",17.610001,17.620001,17.27,17.290001,2590900,15.818128
"2014-09-10",17.27,17.51,17.200001,17.469999,1652100,15.982801
"2014-09-11",17.41,17.469999,17.26,17.280001,1507600,15.808978
"2014-09-12",17.27,17.27,17.049999,17.120001,1782300,15.6626
"2014-09-15",17.15,17.290001,16.870001,17.049999,2548300,15.598553
"2014-09-16",17.02,17.18,16.98,17.040001,1766900,15.589408
"2014-09-17",17.030001,17.139999,16.91,17.040001,2411800,15.589408
"2014-09-18",17.07,17.16,16.940001,17.030001,2598700,15.580258
"2014-09-19",17.120001,17.25,17.02,17.219999,3239700,15.754084
"2014-09-22",17.139999,17.219999,17.01,17.049999,2704200,15.598553
"2014-09-23",16.98,17.09,16.92,16.92,3013400,15.479623
"2014-09-24",16.889999,16.99,16.790001,16.91,2351800,15.470475
"2014-09-25",16.780001,16.879999,16.68,16.709999,2239600,15.287499
"2014-09-26",16.709999,17,16.690001,16.98,1981400,15.534514
"2014-09-29",16.879999,16.959999,16.719999,16.799999,6009300,15.369837
"2014-09-30",16.719999,16.77,16.33,16.35,9190600,14.958146
"2014-10-01",16.27,16.34,15.95,15.98,8270600,14.619643
"2014-10-02",16,16.07,15.68,15.81,5823600,14.464117
"2014-10-03",15.88,15.99,15.85,15.91,6948700,14.555603
"2014-10-06",15.96,16.049999,15.87,15.93,7170500,14.573899
"2014-10-07",15.84,15.92,15.47,15.47,7976600,14.153059
"2014-10-08",15.5,15.98,15.46,15.98,7541600,14.619643
"2014-10-09",15.97,15.97,15.37,15.48,6348700,14.162209
"2014-10-10",15.5,15.62,15.1,15.11,3119100,13.823706
"2014-10-13",15.03,15.1,14.63,14.64,4396100,13.393718
"2014-10-14",14.77,15.05,14.74,14.79,3988300,13.530946
"2014-10-15",14.51,14.96,14.47,14.7,5606900,13.448609
"2014-10-16",14.42,14.83,14.28,14.6,9051800,13.357122
"2014-10-17",14.77,14.94,14.58,14.71,4851300,13.457757
"2014-10-20",14.83,14.91,14.6,14.9,4289900,13.631583
"2014-10-21",15,15.47,15,15.41,4518900,14.098168
"2014-10-22",15.39,15.66,15.25,15.26,6159900,13.960938
"2014-10-23",15.54,15.63,15.39,15.51,2345900,14.189654
"2014-10-24",15.5,15.76,15.48,15.73,2193600,14.390925
"2014-10-27",15.71,15.71,15.38,15.46,2684400,14.14391
"2014-10-28",15.47,15.57,15.37,15.53,2926500,14.207951
"2014-10-29",15.48,15.65,15.42,15.53,1923200,14.207951
"2014-10-30",15.44,15.61,15.35,15.49,2491700,14.171356
"2014-10-31",15.74,15.8,15.29,15.48,4080400,14.162209
"2014-11-03",15.77,15.78,15.43,15.56,2643600,14.235398
"2014-11-04",15.49,15.65,15.07,15.15,4750700,13.8603
"2014-11-05",15.28,15.45,15.15,15.3,2763800,13.997531
"2014-11-06",15.84,15.91,15.32,15.33,9514200,14.024978
"2014-11-07",15.27,15.41,15.14,15.15,4958200,13.8603
"2014-11-10",15.13,15.3,15.08,15.24,4361500,13.942638
"2014-11-11",15.26,15.38,15.15,15.24,4077000,13.942638
"2014-11-12",15.18,15.43,15.18,15.27,3882000,13.970084
"2014-11-13",15.33,15.33,14.85,14.99,8896600,13.713922
"2014-11-14",14.95,15.2,14.93,15.2,2692400,13.906044
"2014-11-17",15.19,15.24,14.92,15.04,7164200,13.759663
"2014-11-18",14.98,15.12,14.96,15.01,6601000,13.732219
"2014-11-19",15.04,15.22,14.91,15.19,10770900,13.896894
"2014-11-20",14.69,15.21,14.68,15.14,7643600,13.851151
"2014-11-21",15.32,15.36,15.08,15.17,5263400,13.878596
"2014-11-24",15.33,15.53,15.07,15.46,7758000,14.14391
"2014-11-25",15.56,15.58,15.41,15.45,4557100,14.134762
"2014-11-26",15.45,15.69,15.41,15.68,3861900,14.345182
"2014-11-28",15.7,15.7,15.47,15.52,1813000,14.198805
"2014-12-01",15.67,15.69,15.41,15.56,3461000,14.235398
"2014-12-02",15.6,15.78,15.49,15.74,3297100,14.400073
"2014-12-03",15.72,15.81,15.62,15.79,4387400,14.445818
"2014-12-04",15.72,15.83,15.59,15.71,3567100,14.372629
"2014-12-05",15.71,15.84,15.63,15.82,3263700,14.473263
"2014-12-08",15.81,15.82,15.46,15.5,4257100,14.180505
"2014-12-09",15.37,15.7,15.36,15.69,3624100,14.35433
"2014-12-10",15.61,15.65,15.31,15.34,3756400,14.034124
"2014-12-11",15.6,15.6,15.23,15.33,3718800,14.024978
"2014-12-12",15.19,15.29,15.05,15.05,3817800,13.768814
"2014-12-15",15.09,15.18,14.74,14.76,3608400,13.5035
"2014-12-16",14.78,15.11,14.63,14.63,4151300,13.384568
"2014-12-17",14.63,14.93,14.59,14.89,3573300,13.622433
"2014-12-18",15.13,15.34,14.94,15.02,4005600,13.741367
"2014-12-19",15.06,15.28,15.06,15.22,6995400,13.924342
"2014-12-22",15.27,15.49,15.16,15.38,3942500,14.070721
"2014-12-23",15.41,15.67,15.34,15.61,2341300,14.281142
"2014-12-24",15.68,15.68,15.3,15.48,1496000,14.162209
"2014-12-26",15.55,15.61,15.51,15.57,1733300,14.244546
"2014-12-29",15.59,15.78,15.57,15.74,2359800,14.400073
"2014-12-30",15.6,15.86,15.53,15.77,2999700,14.427521
"2014-12-31",15.78,15.93,15.69,15.69,2476500,14.35433
"2015-01-02",15.82,15.91,15.41,15.59,3023100,14.262843
"2015-01-05",15.45,15.55,15.08,15.12,4016900,13.832855
"2015-01-06",15.1,15.2,14.76,14.91,4330200,13.640731
"2015-01-07",15.04,15.04,14.68,14.87,2516600,13.604136
"2015-01-08",15.05,15.39,14.83,15.34,4637100,14.034124
"2015-01-09",15.29,15.43,15.24,15.41,2470400,14.098168
"2015-01-12",15.39,15.43,15.12,15.28,3185200,13.979236
"2015-01-13",15.35,15.41,15.07,15.23,3781600,13.933491
"2015-01-14",15.15,15.21,14.72,15.1,4810200,13.814557
"2015-01-15",15.2,15.35,14.95,15.01,2692400,13.732219
"2015-01-16",14.99,15.12,14.97,15.06,1622000,13.777963
"2015-01-20",15.12,15.13,14.74,14.93,2922100,13.659029
"2015-01-21",14.91,15,14.76,14.95,3523600,13.677324
"2015-01-22",15.01,15.25,14.84,15.2,2155900,13.906044
"2015-01-23",15.19,15.33,15.08,15.18,2011100,13.887748
"2015-01-26",15.16,15.54,15.1,15.54,1898000,14.2171
"2015-01-27",15.66,15.67,15.34,15.45,2682800,14.134762
"2015-01-28",15.49,15.51,15.14,15.14,2522900,13.851151
"2015-01-29",15.13,15.23,14.75,14.93,2693600,13.659029
"2015-01-30",14.83,15.11,14.76,14.89,3106000,13.622433
"2015-02-02",14.94,15.11,14.71,14.94,3397500,13.668177
"2015-02-03",15.05,15.69,15.04,15.61,3703200,14.281142
"2015-02-04",15.64,15.68,15.42,15.59,2873700,14.262843
"2015-02-05",15.58,15.75,15.43,15.73,3814900,14.390925
"2015-02-06",16.1,16.35,15.95,16.26,7022500,14.87581
"2015-02-09",16.23,16.780001,16.23,16.719999,7034500,15.296647
"2015-02-10",16.76,16.83,16.290001,16.77,4231600,15.342394
"2015-02-11",16.77,16.870001,16.67,16.76,3838300,15.333245
"2015-02-12",16.48,16.99,16.48,16.84,2443300,15.406433
"2015-02-13",16.92,17.049999,16.82,16.889999,3057400,15.452178
"2015-02-17",16.889999,17.110001,16.809999,17.110001,2517100,15.653447
"2015-02-18",17.030001,17.08,16.879999,16.959999,3488600,15.516215
"2015-02-19",16.969999,17.049999,16.85,17.040001,1644500,15.589408
"2015-02-20",17,17.200001,16.809999,17.139999,2040100,15.680892
"2015-02-23",17.120001,17.33,17.01,17.32,2129400,15.845574
"2015-02-24",17.18,17.43,17.15,17.290001,2492000,15.818128
"2015-02-25",17.24,17.549999,17.24,17.440001,2379900,15.955355
"2015-02-26",17.469999,17.52,17.24,17.33,2004500,15.854718
"2015-02-27",17.32,17.42,17.219999,17.27,2543100,15.799829
"2015-03-02",17.33,17.52,17.24,17.440001,2466100,15.955355
"2015-03-03",17.389999,17.43,17.190001,17.209999,2903000,15.744936
"2015-03-04",17.16,17.219999,16.950001,17.09,2869300,15.635153
"2015-03-05",17.219999,17.219999,17.040001,17.1,2192600,15.6443
"2015-03-06",17,17.219999,16.76,16.83,2489400,15.397284
"2015-03-09",16.93,16.98,16.639999,16.68,3202700,15.260054
"2015-03-10",16.559999,16.67,16.219999,16.23,5368300,14.848361
"2015-03-11",16.219999,16.469999,16.190001,16.4,2529400,15.003888
"2015-03-12",16.52,16.82,16.469999,16.75,2149400,15.324094
"2015-03-13",16.67,16.77,16.440001,16.700001,2763000,15.278351
"2015-03-16",16.809999,16.92,16.690001,16.92,2049800,15.479623
"2015-03-17",16.780001,16.860001,16.629999,16.75,1460200,15.324094
"2015-03-18",16.59,16.959999,16.57,16.889999,2186000,15.452178
"2015-03-19",16.82,16.83,16.51,16.690001,2566500,15.269203
"2015-03-20",16.76,16.98,16.76,16.84,3670500,15.406433
"2015-03-23",16.82,16.99,16.82,16.879999,2144300,15.443025
"2015-03-24",16.84,16.889999,16.719999,16.77,2552900,15.342394
"2015-03-25",16.879999,16.879999,16.42,16.42,1884400,15.022186
"2015-03-26",16.32,16.32,16.110001,16.18,3618600,14.802618
"2015-03-27",16.110001,16.25,16.09,16.15,2420700,14.77517
"2015-03-30",16.219999,16.450001,16.16,16.219999,2205000,14.839211
"2015-03-31",16.16,16.23,15.98,16.01,2785300,14.647091
"2015-04-01",16.030001,16.129999,15.88,16.110001,2807300,14.738578
"2015-04-02",16.09,16.23,16.01,16.18,1720000,14.802618
"2015-04-06",16.040001,16.389999,16.030001,16.25,1196200,14.866659
"2015-04-07",16.18,16.34,16.120001,16.120001,1261400,14.747726
"2015-04-08",16.16,16.27,16.01,16.059999,1756200,14.692834
"2015-04-09",16.030001,16.110001,15.84,15.94,1925700,14.583048
"2015-04-10",15.94,16.02,15.86,15.92,3884700,14.564752
"2015-04-13",15.93,16.1,15.89,16.07,1774700,14.701982
"2015-04-14",16.040001,16.190001,15.98,15.98,1993000,14.619643
"2015-04-15",15.97,16.08,15.94,15.95,4011100,14.592198
"2015-04-16",15.87,16.139999,15.68,15.89,3488400,14.537305
"2015-04-17",15.71,15.79,15.54,15.59,3227300,14.262843
"2015-04-20",15.67,15.74,15.57,15.65,2427200,14.317737
"2015-04-21",15.66,15.74,15.51,15.52,1906100,14.198805
"2015-04-22",15.54,15.64,15.41,15.56,4363500,14.235398
"2015-04-23",15.51,15.64,15.44,15.56,2628500,14.235398
"2015-04-24",15.53,15.66,15.43,15.53,1681500,14.207951
"2015-04-27",15.59,15.86,15.55,15.57,2900600,14.244546
"2015-04-28",15.59,16,15.51,15.97,3971800,14.610497
"2015-04-29",15.9,15.99,15.77,15.79,3211000,14.445818
"2015-04-30",15.72,15.88,15.66,15.78,4276000,14.436668
"2015-05-01",15.9,16.08,15.89,16.049999,2537000,14.683685
"2015-05-04",16.049999,16.190001,15.94,16.17,2291400,14.793469
"2015-05-05",16.129999,16.27,15.92,16.02,5742300,14.656238
"2015-05-06",15.05,15.33,14.82,14.99,11731400,13.713922
"2015-05-07",15.01,15.02,14.82,14.97,7108400,13.695623
"2015-05-08",15.09,15.22,15.03,15.14,3376100,13.851151
"2015-05-11",15.12,15.92,15.12,15.71,7703000,14.372629
"2015-05-12",15.6,15.6,15.28,15.35,4116200,14.043275
"2015-05-13",15.32,15.5,15.21,15.26,3045900,13.960938
"2015-05-14",15.38,15.44,15.13,15.39,3264900,14.079871
"2015-05-15",15.35,15.59,15.31,15.55,2960500,14.226249
"2015-05-18",15.56,15.69,15.38,15.68,3538500,14.345182
"2015-05-19",15.67,15.7,15.54,15.68,2719300,14.345182
"2015-05-20",15.67,15.74,15.6,15.63,2039400,14.299438
"2015-05-21",15.58,15.69,15.52,15.63,1579100,14.299438
"2015-05-22",15.63,15.66,15.5,15.54,2800100,14.2171
"2015-05-26",15.55,15.64,15.26,15.34,2740700,14.034124
"2015-05-27",15.4,15.57,15.31,15.44,2706200,14.125612
"2015-05-28",15.37,15.41,15.26,15.35,3222200,14.043275
"2015-05-29",15.31,15.4,15.15,15.15,2048600,13.8603
"2015-06-01",15.2,15.47,15.01,15.23,2371800,13.933491
"2015-06-02",15.16,15.27,15.08,15.16,1541600,13.869449
"2015-06-03",15.22,15.3,15.1,15.22,1751400,13.924342
"2015-06-04",15.17,15.23,14.97,15,2167800,13.723069
"2015-06-05",15.01,15.06,14.85,15,1913600,13.723069
"2015-06-08",14.93,14.98,14.82,14.84,1731500,13.576692
"2015-06-09",14.81,14.85,14.54,14.56,2793300,13.320525
"2015-06-10",14.58,14.77,14.57,14.65,2368300,13.402864
"2015-06-11",14.66,14.7,14.55,14.58,2224200,13.338823
"2015-06-12",14.51,14.58,14.37,14.41,2247800,13.183295
"2015-06-15",14.33,14.38,14.2,14.2,3712500,12.991172
"2015-06-16",14.2,14.28,14.17,14.2,2405200,12.991172
"2015-06-17",14.26,14.34,14.17,14.22,2558200,13.00947
"2015-06-18",14.41,14.62,14.39,14.54,5027700,13.30223
"2015-06-19",14.47,14.99,14.47,14.97,5635500,13.695623
"2015-06-22",15.01,15.15,14.9,15.05,2044500,13.768814
"2015-06-23",15.09,15.16,14.98,14.99,2537400,13.713922
"2015-06-24",14.98,15.12,14.81,14.83,2491700,13.567543
"2015-06-25",14.82,14.91,14.68,14.75,3139500,13.494353
"2015-06-26",14.81,15.2,14.65,15.2,12078800,13.906044
"2015-06-29",15.04,15.11,14.44,14.45,3593200,13.219891
"2015-06-30",14.53,14.63,14.33,14.59,4457000,13.347972
"2015-07-01",14.73,14.81,14.54,14.64,2384000,13.393718
"2015-07-02",14.69,14.99,14.56,14.6,2998600,13.357122
"2015-07-06",14.45,14.53,14.24,14.3,2853000,13.082661
"2015-07-07",14.34,14.4,14.04,14.35,3163500,13.128405
"2015-07-08",14.25,14.33,14.12,14.16,2478800,12.954576
"2015-07-09",14.31,14.41,14.14,14.18,2074200,12.972877
"2015-07-10",14.29,14.38,14.13,14.25,1638300,13.036917
"2015-07-13",14.32,14.51,14.21,14.43,2069500,13.201594
"2015-07-14",14.39,14.47,14.32,14.43,2159800,13.201594
"2015-07-15",14.41,14.54,14.35,14.43,1885700,13.201594
"2015-07-16",14.56,14.71,14.51,14.66,1713300,13.412012
"2015-07-17",14.63,14.84,14.55,14.81,3646600,13.549245
"2015-07-20",14.81,14.92,14.72,14.9,2080200,13.631583
"2015-07-21",14.87,14.91,14.58,14.58,3015600,13.338823
"2015-07-22",14.55,14.73,14.48,14.61,3084400,13.366269
"2015-07-23",14.59,14.76,14.5,14.72,2878200,13.466908
"2015-07-24",14.71,14.89,14.57,14.86,4045500,13.594988
"2015-07-27",15.07,15.08,14.71,14.83,4297900,13.567543
"2015-07-28",14.86,14.86,14.46,14.79,2679100,13.530946
"2015-07-29",14.72,14.88,14.66,14.83,3024800,13.567543
"2015-07-30",14.82,14.82,14.6,14.8,2129400,13.540096
"2015-07-31",14.88,14.94,14.71,14.73,2621800,13.476054
"2015-08-03",14.76,14.77,14.47,14.54,2265500,13.30223
"2015-08-04",14.56,14.77,14.51,14.56,1863000,13.320525
"2015-08-05",14.67,14.67,14.51,14.6,3079100,13.357122
"2015-08-06",14.56,14.6,13.73,14.02,3733800,12.826496
"2015-08-07",14.06,14.14,13.78,14.11,3427200,12.908833
"2015-08-10",14.2,14.38,14.07,14.35,2328700,13.128405
"2015-08-11",14.28,14.29,13.87,13.96,3066200,12.771603
"2015-08-12",13.68,14.26,13.59,14.12,4379800,12.917983
"2015-08-13",15.23,15.92,14.8,15.19,8863900,13.896894
"2015-08-14",15.25,15.35,15.08,15.18,4415900,13.887748
"2015-08-17",15.1,15.3,15.09,15.25,3251300,13.951787
"2015-08-18",15.24,15.28,15.07,15.13,2297700,13.842005
"2015-08-19",15.08,15.3,14.89,15.03,2317700,13.750517
"2015-08-20",14.87,14.87,14.25,14.26,3599300,13.046064
"2015-08-21",14.22,14.35,13.91,13.91,4667000,12.725859
"2015-08-24",13.1,13.58,12.67,13.04,11162600,11.929922
"2015-08-25",13.31,13.65,12.93,12.94,7805400,11.838433
"2015-08-26",13.26,13.47,12.86,13.22,5347600,12.094598
"2015-08-27",13.41,13.67,13.3,13.62,7053600,12.460546
"2015-08-28",13.57,13.89,13.5,13.8,4005000,12.625224
"2015-08-31",13.75,13.8,13.45,13.63,3669700,12.469696
"2015-09-01",13.31,13.36,12.98,13.07,4956600,11.957367
"2015-09-02",13.28,13.58,12.96,13.13,3997800,12.01226
"2015-09-03",12.92,13.49,12.92,13.32,3653700,12.186085
"2015-09-04",13.08,13.16,12.81,12.82,3948400,11.72865
"2015-09-08",13.09,13.36,12.98,13.35,3549800,12.213532
"2015-09-09",13.51,13.66,13.14,13.22,3928700,12.094598
"2015-09-10",13.14,13.31,12.98,13.01,4029200,11.902476
"2015-09-11",12.93,13.06,12.85,13.05,3705600,11.939072
"2015-09-14",12.99,12.99,12.74,12.81,2884100,11.81
"2015-09-15",12.88,12.97,12.82,12.94,2731200,11.929852
"2015-09-16",12.79,13.06,12.79,13.04,3953200,12.022046
"2015-09-17",12.8,13.48,12.76,13.21,6287000,12.178774
"2015-09-18",13.03,13.18,12.79,12.92,21641100,11.911412
"2015-09-21",12.96,13.23,12.88,12.93,3538500,11.920631
"2015-09-22",12.75,12.95,12.7,12.79,3437300,11.79156
"2015-09-23",12.83,12.88,12.65,12.75,2352300,11.754684
"2015-09-24",12.68,12.89,12.63,12.83,3164100,11.828438
"2015-09-25",12.92,12.92,12.68,12.75,2808000,11.754684
"2015-09-28",12.67,12.94,12.26,12.29,4174500,11.330593
"2015-09-29",12.28,12.46,12.16,12.26,5347200,11.302934
"2015-09-30",12.32,12.65,12.16,12.62,3129600,11.634831
"2015-10-01",12.77,12.95,12.53,12.73,3589000,11.736245
"2015-10-02",12.52,13.05,12.35,13.04,3198000,12.022046
"2015-10-05",13.34,13.46,13.18,13.41,4380500,12.363163
"2015-10-06",13.42,13.61,13.29,13.5,2720500,12.446136
"2015-10-07",13.62,13.8,13.44,13.63,4490700,12.565988
"2015-10-08",13.61,14.06,13.61,14.05,2959300,12.9532
"2015-10-09",14,14.12,13.77,13.96,4233900,12.870227
"2015-10-12",13.98,14.04,13.8,13.91,2067700,12.824129
"2015-10-13",13.85,14.03,13.77,13.91,3003000,12.824129
"2015-10-14",13.94,14.08,13.84,13.98,3506600,12.888665
"2015-10-15",14.08,14.32,13.91,14.29,4286100,13.174465
"2015-10-16",14.36,14.61,14.1,14.59,3246700,13.451044
"2015-10-19",14.55,14.66,14.41,14.58,2978400,13.441827
"2015-10-20",14.58,14.67,14.46,14.57,2138000,13.432607
"2015-10-21",14.65,14.65,14.23,14.24,2530300,13.128366
"2015-10-22",14.38,14.71,14.28,14.69,2767400,13.543239
"2015-10-23",14.73,15.02,14.63,15,3998600,13.829041
"2015-10-26",15.01,15.04,14.41,14.71,4310700,13.561678
"2015-10-27",14.64,14.7,14.43,14.69,3421300,13.543239
"2015-10-28",14.73,15.01,14.5,15,3318900,13.829041
"2015-10-29",14.89,15.18,14.89,15.12,3649900,13.939672
"2015-10-30",15.1,15.44,14.94,15.4,4694100,14.197812
"2015-11-02",15.36,15.68,15.17,15.63,4125900,14.409859
"2015-11-03",15.64,15.64,15.32,15.41,2829300,14.207033
"2015-11-04",15.5,15.53,15.26,15.44,3210800,14.234691
"2015-11-05",15.43,15.53,15.19,15.35,3084200,14.151717
"2015-11-06",15.59,15.59,14.7,14.88,4490400,13.718405
"2015-11-09",14.57,14.76,14.28,14.42,4350500,13.294316
"2015-11-10",14.35,14.53,14.28,14.44,3031500,13.312755
"2015-11-11",14.42,14.52,14.33,14.38,2257500,13.257439
"2015-11-12",14.26,14.37,14.09,14.11,3368400,13.008515
"2015-11-13",14.12,14.33,13.78,13.78,3176500,12.704279
"2015-11-16",13.79,14.15,13.76,14.14,3065300,13.036175
"2015-11-17",14.14,14.31,14.02,14.14,2671000,13.036175
"2015-11-18",14.16,14.29,14.07,14.27,2565600,13.156026
"2015-11-19",14.29,14.31,14.08,14.19,2509800,13.08227
"2015-11-20",14.26,14.42,14.03,14.26,2710000,13.146806
"2015-11-23",14.03,14.49,13.97,14.32,1784900,13.202124
"2015-11-24",14.26,14.45,14.21,14.43,2248400,13.303535
"2015-11-25",14.44,14.49,14.31,14.43,1732700,13.303535
"2015-11-27",14.44,14.44,14.19,14.25,938800,13.137588
"2015-11-30",14.3,14.43,14.14,14.35,2252200,13.229781
"2015-12-01",14.47,14.66,14.38,14.63,2262100,13.487924
"2015-12-02",14.59,14.62,14.37,14.41,2567300,13.285097
"2015-12-03",14.41,14.51,13.59,13.78,3799700,12.704279
"2015-12-04",13.79,14.09,13.71,14.06,1915600,12.96242
"2015-12-07",14,14.05,13.83,13.87,2559100,12.787251
"2015-12-08",14.01,14.01,13.47,13.5,2554300,12.446136
"2015-12-09",13.46,13.79,13.39,13.5,2181100,12.446136
"2015-12-10",13.48,13.88,13.46,13.75,3208400,12.676619
"2015-12-11",13.55,13.61,13.26,13.32,2198400,12.280187
"2015-12-14",13.36,13.41,13.12,13.26,2651200,12.224871
"2015-12-15",13.39,13.62,13.33,13.46,1891400,12.409259
"2015-12-16",13.59,13.77,13.47,13.67,3077600,12.602865
"2015-12-17",13.68,13.73,13.35,13.36,2510300,12.317064
"2015-12-18",13.27,13.39,13.15,13.18,4357900,12.151117
"2015-12-21",13.27,13.38,13.13,13.36,2291200,12.317064
"2015-12-22",13.44,13.49,13.27,13.31,2899500,12.270967
"2015-12-23",13.43,13.73,13.39,13.7,3562700,12.630524
"2015-12-24",13.46,13.84,13.32,13.62,994300,12.556767
"2015-12-28",13.51,13.63,13.32,13.52,1768600,12.464575
"2015-12-29",13.63,13.81,13.52,13.72,1720200,12.648961
"2015-12-30",13.67,13.75,13.45,13.52,1811700,12.464575
"2015-12-31",13.5,13.55,13.35,13.36,1899300,12.317064
"2016-01-04",13.12,13.21,13.01,13.21,3980000,12.178774
"2016-01-05",13.26,13.32,12.69,12.77,4867700,11.773123
"2016-01-06",12.53,12.82,12.48,12.71,3682000,11.717806
"2016-01-07",12.44,12.61,12.39,12.42,3197100,11.450446
"2016-01-08",12.56,12.71,12.42,12.58,4502000,11.597955
"2016-01-11",12.4,12.64,12.06,12.21,5272200,11.256838
"2016-01-12",12.35,12.48,12.22,12.43,3800600,11.459665
"2016-01-13",12.51,12.54,12.08,12.19,4484900,11.238399
"2016-01-14",12.29,12.81,12.18,12.71,5457800,11.717806
"2016-01-15",12.36,12.73,12.25,12.51,6232000,11.53342
"2016-01-19",12.67,12.67,12.12,12.35,4828700,11.385909
"2016-01-20",12.12,12.28,11.8,12.15,4935200,11.201522
"2016-01-21",12.15,12.58,12.05,12.37,3375200,11.404349
"2016-01-22",12.7,12.72,12.53,12.7,2533100,11.708587
"2016-01-25",12.66,12.73,12.46,12.5,3245900,11.5242
"2016-01-26",12.57,12.8,12.41,12.8,2480000,11.800781
"2016-01-27",12.68,12.96,12.6,12.7,3398400,11.708587
"2016-01-28",12.96,12.96,12.54,12.84,4184700,11.837658
"2016-01-29",12.89,13.05,12.67,12.97,4118500,11.957509
"2016-02-01",13.1,13.1,12.5,12.7,4617500,11.708587
"2016-02-02",12.55,12.68,12.07,12.12,3915800,11.173864
"2016-02-03",12.26,12.65,11.94,12.24,3775900,11.284495
"2016-02-04",12.22,12.5,12.16,12.21,6302000,11.256838
"2016-02-05",11.43,11.79,10.96,11.1,9924600,10.233488
"2016-02-08",10.97,11.09,10.26,10.56,6769000,9.735645
"2016-02-09",10.37,10.65,10.29,10.49,5450100,9.671109
"2016-02-10",10.52,10.77,10.47,10.6,5478400,9.772521
"2016-02-11",10.44,10.48,10.21,10.4,4924300,9.588134
"2016-02-12",10.53,10.99,10.47,10.75,4348100,9.910811
"2016-02-16",10.92,11.1,10.64,10.94,4088800,10.085979
"2016-02-17",11.02,11.27,10.93,11,3483800,10.141295
"2016-02-18",11.02,11.05,10.83,10.85,3177300,10.003006
"2016-02-19",10.8,11.06,10.75,10.92,4886400,10.067542
"2016-02-22",11.04,11.19,11.02,11.1,2634400,10.233488
"2016-02-23",11.02,11.17,10.88,10.89,4069900,10.039883
"2016-02-24",10.49,10.86,10.49,10.79,5656500,9.947689
"2016-02-25",10.81,10.88,10.58,10.87,3211900,10.021445
"2016-02-26",10.95,11.04,10.82,10.92,2657400,10.067542
"2016-02-29",10.91,11.17,10.8,10.82,3483100,9.975347
"2016-03-01",10.9,10.94,10.69,10.77,4231700,9.929253
"2016-03-02",10.73,10.94,10.71,10.89,6110900,10.039883
"2016-03-03",10.89,10.97,10.77,10.91,7581100,10.058321
"2016-03-04",10.92,11.13,10.83,11,10888200,10.141295
"2016-03-07",10.87,11.35,10.84,11.31,5735500,10.522758
"2016-03-08",11.22,11.27,10.87,10.92,3562500,10.159904
"2016-03-09",11,11.35,10.88,11.09,6572000,10.318069
"2016-03-10",11.17,11.19,10.87,11.09,6216600,10.318069
"2016-03-11",11.25,11.77,11.05,11.75,5102200,10.93213
"2016-03-14",11.69,11.92,11.35,11.56,3136400,10.755356
"2016-03-15",11.51,11.62,11.34,11.57,2613700,10.76466
"2016-03-16",11.53,12.13,11.53,12.06,7135200,11.220552
"2016-03-17",12.07,12.66,12.07,12.44,6206600,11.574102
"2016-03-18",12.49,12.59,12.21,12.31,4493300,11.453151
"2016-03-21",12.29,12.44,12.18,12.38,2459200,11.518279
"2016-03-22",12.33,12.65,12.3,12.64,3985900,11.760181
"2016-03-23",12.61,12.75,12.52,12.54,6079700,11.667141
"2016-03-24",12.44,12.54,12.29,12.5,3301000,11.629925
"2016-03-28",12.52,12.86,12.49,12.85,3674100,11.955564
"2016-03-29",12.82,12.9,12.61,12.86,3073300,11.964868
"2016-03-30",12.94,12.94,12.63,12.75,2631100,11.862525
"2016-03-31",12.74,12.88,12.61,12.77,2351000,11.881132
"2016-04-01",12.68,13.05,12.51,13.03,3538800,12.123034
"2016-04-04",13,13.06,12.74,12.76,3024700,11.871829
"2016-04-05",12.69,12.87,12.53,12.61,2933300,11.732269
"2016-04-06",12.66,12.81,12.49,12.77,3254600,11.881132
"2016-04-07",12.73,12.85,12.46,12.59,6162900,11.713662
"2016-04-08",12.69,12.69,12.33,12.41,2661000,11.546191
"2016-04-11",12.42,12.49,12.29,12.29,2524900,11.434546
"2016-04-12",12.35,12.55,12.26,12.47,2251100,11.602015
"2016-04-13",12.54,12.71,12.49,12.7,1852100,11.816006
"2016-04-14",12.75,12.86,12.71,12.73,1733900,11.843916
"2016-04-15",12.73,12.75,12.59,12.7,1519300,11.816006
"2016-04-18",12.59,12.65,12.43,12.46,5917900,11.59271
"2016-04-19",12.46,12.68,12.39,12.54,3525400,11.667141
"2016-04-20",12.56,12.67,12.48,12.54,3392000,11.667141
"2016-04-21",12.54,12.91,12.49,12.74,4207700,11.85322
"2016-04-22",12.76,12.91,12.73,12.8,2667700,11.909045
"2016-04-25",12.76,12.82,12.52,12.62,1687400,11.741571
"2016-04-26",12.64,12.84,12.55,12.79,1248600,11.89974
"2016-04-27",12.79,12.88,12.58,12.67,1403000,11.788094
"2016-04-28",12.6,12.79,12.5,12.54,1763200,11.667141
"2016-04-29",12.48,12.58,12.22,12.42,1964300,11.555494
"2016-05-02",12.45,12.69,12.39,12.61,1925400,11.732269
"2016-05-03",12.49,12.53,12.18,12.23,2713400,11.37872
"2016-05-04",12.16,12.31,12.07,12.15,2163200,11.304287
"2016-05-05",12.22,12.23,12.07,12.17,2325900,11.322897
"2016-05-06",11.83,12.73,11.83,12.7,5245400,11.816006
"2016-05-09",12.46,12.67,12.08,12.28,3979700,11.425239
"2016-05-10",12.34,12.36,12.14,12.32,2155500,11.462454
"2016-05-11",12.24,12.32,12.18,12.2,1849200,11.350808
"2016-05-12",12.23,12.27,11.89,11.94,2406300,11.108904
"2016-05-13",11.93,12.01,11.65,11.65,1880400,10.839091
"2016-05-16",11.66,11.77,11.62,11.75,2468500,10.93213
"2016-05-17",11.74,11.91,11.65,11.69,2549600,10.876306
"2016-05-18",11.86,11.86,11.31,11.61,6814100,10.801874
"2016-05-19",11.52,11.65,11.48,11.52,3322200,10.718141
"2016-05-20",11.57,11.92,11.53,11.85,2584000,11.02517
"2016-05-23",11.84,11.96,11.57,11.7,1530300,10.885611
"2016-05-24",11.8,11.88,11.71,11.81,1818500,10.987955
"2016-05-25",11.85,12.09,11.83,12.03,1484800,11.19264
"2016-05-26",12,12.06,11.85,11.86,1309000,11.034474
"2016-05-27",11.86,11.95,11.74,11.91,2892800,11.080992
"2016-05-31",11.91,12,11.76,11.96,2956500,11.127513
"2016-06-01",11.91,12.07,11.83,12.02,2448200,11.183337
"2016-06-02",11.99,12.14,11.93,12.14,2744300,11.294985
"2016-06-03",12.08,12.08,11.81,11.97,1735800,11.136816
"2016-06-06",11.99,12.21,11.96,12.16,1380200,11.313592
"2016-06-07",12.13,12.19,11.81,11.87,4646900,11.043777
"2016-06-08",11.87,11.94,11.76,11.8,3310100,10.978651
"2016-06-09",11.74,11.82,11.6,11.69,6365300,10.876306
"2016-06-10",11.6,11.62,11.31,11.51,6729800,10.708837
"2016-06-13",11.48,11.73,11.43,11.55,3840800,10.746051
"2016-06-14",11.53,11.62,11.25,11.45,6751000,10.653013
"2016-06-15",11.39,11.87,11.39,11.67,4401600,10.857698
"2016-06-16",11.58,11.66,11.3,11.4,2948000,10.606493
"2016-06-17",11.38,11.4,11.2,11.28,3089000,10.494844
"2016-06-20",11.41,11.55,11.31,11.41,2343800,10.615798
"2016-06-21",11.41,11.56,11.26,11.55,2933900,10.746051
"2016-06-22",11.57,11.83,11.54,11.66,2196400,10.848394
"2016-06-23",11.79,12.04,11.76,11.86,2370100,11.034474
"2016-06-24",11.3,11.33,11.07,11.13,5339700,10.355286
"2016-06-27",11.06,11.16,10.54,10.62,3858400,9.880784
"2016-06-28",10.73,10.83,10.57,10.73,2773800,9.983128
"2016-06-29",10.85,11.25,10.6,11.23,5615400,10.448326
"2016-06-30",11.3,11.43,11.2,11.35,3286300,10.559974
"2016-07-01",11.36,11.62,11.3,11.48,2490100,10.680923
"2016-07-05",11.45,11.45,11.1,11.24,3192200,10.457629
"2016-07-06",11.19,11.27,11.05,11.23,3704300,10.448326
"2016-07-07",11.23,11.45,11.23,11.36,2296000,10.569276
"2016-07-08",11.47,11.72,11.44,11.67,5229800,10.857698
"2016-07-11",11.72,11.87,11.7,11.85,1953800,11.02517
"2016-07-12",11.98,12.17,11.93,12.13,2366700,11.285679
"2016-07-13",12.18,12.34,12.13,12.26,3178500,11.406631
"2016-07-14",12.35,12.46,12.21,12.33,2746300,11.471759
"2016-07-15",12.4,12.4,12.14,12.3,1682400,11.443847
"2016-07-18",12.3,12.56,12.07,12.44,2063700,11.574102
"2016-07-19",12.41,12.53,12.28,12.5,2163400,11.629925
"2016-07-20",12.56,12.58,12.29,12.48,1593600,11.611319
"2016-07-21",12.23,12.54,12.23,12.4,2581800,11.536885
"2016-07-22",12.45,12.62,12.41,12.62,2134100,11.741571
"2016-07-25",12.63,12.67,12.55,12.61,3290400,11.732269
"2016-07-26",12.63,12.83,12.62,12.8,1777900,11.909045
"2016-07-27",12.77,12.91,12.62,12.74,3034900,11.85322
"2016-07-28",12.43,12.78,12.43,12.78,1602100,11.890435
"2016-07-29",12.54,13.02,12.54,12.97,2413900,12.067212
"2016-08-01",12.95,13.08,12.79,12.86,2777500,11.964868
"2016-08-02",12.83,12.84,12.58,12.68,2799800,11.797398
"2016-08-03",12.68,12.81,12.61,12.66,3667500,11.778789
"2016-08-04",12.66,12.76,12.65,12.74,1719300,11.85322
"2016-08-05",12.79,13.01,12.76,12.83,2291800,11.936955
"2016-08-08",12.87,13.03,12.75,12.84,2017600,11.946259
"2016-08-09",12.8,13.4,12.7,13.32,6175700,12.392848
"2016-08-10",13.37,13.38,13.02,13.15,4610600,12.23468
"2016-08-11",13.21,13.46,13.19,13.39,3118600,12.457977
"2016-08-12",13.41,13.54,13.41,13.51,2696200,12.569624
"2016-08-15",13.55,13.72,13.45,13.65,3057300,12.69988
"2016-08-16",13.55,13.73,13.42,13.68,4368000,12.727792
"2016-08-17",13.69,13.77,13.64,13.76,2984300,12.802225
"2016-08-18",13.73,13.88,13.7,13.75,3418500,12.79292
"2016-08-19",13.75,13.79,13.62,13.74,1939500,12.783615
"2016-08-22",13.66,13.84,13.58,13.82,3015300,12.858047
"2016-08-23",13.94,13.94,13.81,13.85,2663500,12.885958
"2016-08-24",13.9,13.95,13.82,13.84,3131600,12.876655
"2016-08-25",13.85,13.94,13.73,13.89,2809300,12.923173
"2016-08-26",13.97,14.12,13.83,13.98,2679100,13.006909
"2016-08-29",14.05,14.12,13.96,14.04,2316000,13.062733
"2016-08-30",13.94,14.13,13.88,14.01,2448700,13.03482
"2016-08-31",14.03,14.07,13.84,14.06,3291500,13.081342
"2016-09-01",14.09,14.14,13.83,13.97,2694600,12.997606
"2016-09-02",14.05,14.12,13.81,13.94,3401200,12.969694
"2016-09-06",14.34,14.34,13.67,13.76,4012600,12.802225
"2016-09-07",13.74,13.82,13.71,13.78,2919100,12.820829
"2016-09-08",13.75,14.04,13.71,13.81,3322400,12.848742
"2016-09-09",13.69,13.77,13.36,13.36,3417300,12.430063
"2016-09-12",13.22,13.92,13.18,13.9,4159600,13.030009
"2016-09-13",13.75,13.77,13.58,13.64,4084500,12.786282
"2016-09-14",13.65,13.76,13.57,13.71,3542500,12.8519
"2016-09-15",13.72,13.77,13.58,13.64,2798400,12.786282
"2016-09-16",13.52,13.69,13.47,13.64,5244300,12.786282
"2016-09-19",13.68,13.73,13.54,13.62,2316200,12.767532
"2016-09-20",13.73,13.78,13.64,13.71,2675300,12.8519
"2016-09-21",13.73,13.96,13.68,13.93,2123000,13.058129
"2016-09-22",14.02,14.17,13.96,14.14,1847000,13.254987
"2016-09-23",14,14.23,14,14.05,1358400,13.17062
"2016-09-26",13.99,13.99,13.78,13.82,2040000,12.955014
"2016-09-27",13.83,13.96,13.76,13.96,1906100,13.086253
"2016-09-28",13.96,14.04,13.85,14.02,2545500,13.142498
"2016-09-29",14.03,14.07,13.77,13.89,2697700,13.020635
"2016-09-30",13.91,14.11,13.9,13.98,3181000,13.105
"2016-10-03",13.89,14.51,13.89,14.43,4067100,13.526836
"2016-10-04",14.44,14.51,14.19,14.28,4127400,13.386223
"2016-10-05",14.29,14.68,14.23,14.62,4944200,13.704944
"2016-10-06",14.57,14.61,14.25,14.52,3101000,13.611203
"2016-10-07",14.5,14.55,14.03,14.11,3453600,13.226863
"2016-10-10",14.17,14.35,13.89,13.92,2405200,13.048756
"2016-10-11",13.64,13.92,13.56,13.67,2159700,12.814403
"2016-10-12",13.68,13.7,13.46,13.47,2907000,12.626923
"2016-10-13",13.4,13.59,13.28,13.54,2464800,12.692539
"2016-10-14",13.62,13.65,13.34,13.37,1949800,12.533179
"2016-10-17",13.38,13.44,13.31,13.38,1338400,12.542556
"2016-10-18",13.54,13.63,13.36,13.51,2053300,12.664418
"2016-10-19",13.52,13.73,13.46,13.65,1376200,12.795654
"2016-10-20",13.59,13.69,13.41,13.51,2542300,12.664418
"2016-10-21",13.37,13.54,13.26,13.41,1444000,12.570676
"2016-10-24",13.53,13.53,12.96,12.97,3291900,12.158217
"2016-10-25",12.96,12.99,12.62,12.65,5417900,11.858245
"2016-10-26",12.63,12.97,12.62,12.91,2122100,12.101971
"2016-10-27",12.7,12.75,12.12,12.22,3474500,11.455158
"2016-10-28",12.16,12.41,12.12,12.17,2314500,11.408287
"2016-10-31",12.26,12.35,12.12,12.12,2533800,11.361416
"2016-11-01",12.22,12.28,11.85,12.05,3042000,11.295798
"2016-11-02",12.1,12.14,11.81,11.84,1941000,11.098943
"2016-11-03",11.92,11.97,11.78,11.83,1997000,11.089568
"2016-11-04",11.88,12.06,11.83,11.89,2337000,11.145811
"2016-11-07",12.07,12.32,11.96,12.22,5534500,11.455158
"2016-11-08",11.15,11.93,10.99,11.65,7399300,10.920833
"2016-11-09",11.46,12.15,11.32,11.98,4130000,11.23018
"2016-11-10",11.95,12.17,11.85,11.95,4314100,11.202056
"2016-11-11",11.87,12.18,11.81,12.12,2981200,11.361416
"2016-11-14",12.17,12.32,11.98,12.17,5278500,11.408287
"2016-11-15",12.2,12.25,12,12.01,3270000,11.258301
"2016-11-16",11.98,12.09,11.79,12.02,3858100,11.267676
"2016-11-17",12.06,12.19,11.92,12,3539100,11.248927
"2016-11-18",12.02,12.05,11.87,11.87,2352600,11.127064
"2016-11-21",12.01,12.01,11.73,11.73,2208800,10.995826
"2016-11-22",11.77,11.85,11.64,11.68,2661800,10.948956
"2016-11-23",11.63,11.82,11.63,11.8,1769800,11.061446
"2016-11-25",11.83,11.97,11.78,11.8,760500,11.061446
"2016-11-28",11.76,12.02,11.76,11.84,2685100,11.098943
"2016-11-29",11.83,11.87,11.45,11.54,3075600,10.817718
"2016-11-30",11.55,11.69,11.44,11.56,3443500,10.836468
"2016-12-01",11.59,11.8,11.54,11.76,3150500,11.023949
"2016-12-02",11.77,11.82,11.64,11.66,2739700,10.930206
"2016-12-05",11.72,11.83,11.64,11.81,2755100,11.07082
"2016-12-06",11.8,11.82,11.61,11.79,3704900,11.052073
"2016-12-07",11.8,11.94,11.58,11.83,3304700,11.089568
"2016-12-08",11.87,11.99,11.81,11.92,1957800,11.173936
"2016-12-09",11.93,12.13,11.91,12.05,3812100,11.295798
"2016-12-12",12.04,12.11,11.97,12.01,3456100,11.258301
"2016-12-13",12.05,12.15,11.78,11.88,2937300,11.136438
"2016-12-14",11.87,12.04,11.82,11.88,2906000,11.136438
"2016-12-15",11.92,12.01,11.63,11.69,2215200,10.95833
"2016-12-16",11.76,11.83,11.53,11.61,4065400,10.883336
"2016-12-19",11.65,11.78,11.56,11.73,1657600,10.995826
"2016-12-20",11.76,11.81,11.62,11.65,1807500,10.920833
"2016-12-21",11.66,11.77,11.57,11.72,1735200,10.986453
"2016-12-22",11.7,11.8,11.62,11.74,1459300,11.0052
"2016-12-23",11.74,11.77,11.65,11.73,1368800,10.995826
"2016-12-27",11.74,11.91,11.71,11.91,1504300,11.16456
"2016-12-28",11.91,11.92,11.67,11.69,2029900,10.95833
"2016-12-29",11.69,11.73,11.55,11.66,1511700,10.930206
"2016-12-30",11.67,11.69,11.42,11.46,1944200,10.742725
"2017-01-03",11.55,11.84,11.51,11.69,2011500,10.95833
"2017-01-04",11.7,11.9,11.7,11.87,1256000,11.127064
"2017-01-05",11.87,11.98,11.78,11.89,2412000,11.145811
"2017-01-06",11.88,12,11.76,11.93,1697200,11.18331
"2017-01-09",11.9,12.05,11.86,12,2372400,11.248927
"2017-01-10",12.05,12.07,11.9,12,2780900,11.248927
"2017-01-11",12,12.17,11.94,12.04,2550400,11.286424
"2017-01-12",12.01,12.18,11.86,12.02,2820400,11.267676
"2017-01-13",12.01,12.1,11.93,12.05,1561300,11.295798
"2017-01-17",11.97,12.26,11.89,12.23,2610100,11.464531
"2017-01-18",12.2,12.22,12,12.14,2310800,11.380165
"2017-01-19",12.14,12.14,11.97,12.04,2306400,11.286424
"2017-01-20",12.05,12.12,11.93,11.97,1497500,11.220805
"2017-01-23",11.97,12.01,11.88,11.96,1140200,11.211431
"2017-01-24",11.96,12.17,11.91,12.11,1961100,11.352042
"2017-01-25",12.13,12.36,12.12,12.31,1861100,11.539525
"2017-01-26",12.32,12.37,12.02,12.22,1395900,11.455158
"2017-01-27",12.19,12.37,12.11,12.36,1841800,11.586395
"2017-01-30",12.33,12.34,12.11,12.33,1406700,11.558272
"2017-01-31",12.28,12.32,12.08,12.29,1436900,11.520777
"2017-02-01",12.29,12.41,12.16,12.36,2004100,11.586395
"2017-02-02",12.38,12.38,12.18,12.22,2174700,11.455158
"2017-02-03",12.26,12.3,12.17,12.27,2440300,11.50203
"2017-02-06",12.26,12.35,12.2,12.22,1275600,11.455158
"2017-02-07",12.24,12.24,12.07,12.2,1639600,11.43641
"2017-02-08",12.2,12.29,12,12.16,2059400,11.398912
"2017-02-09",12.21,12.41,12.18,12.39,2419300,11.614518
"2017-02-10",12.5,13.42,12.19,13.29,4797500,12.458188
"2017-02-13",13.37,13.48,13.06,13.08,2640800,12.261333
"2017-02-14",13.11,13.17,12.95,13.08,3224400,12.261333
"2017-02-15",13.04,13.22,12.98,13.1,2738500,12.280081
"2017-02-16",13.09,13.28,12.98,13.05,2531700,12.233209
"2017-02-17",13.02,13.14,12.87,13.08,3753400,12.261333
"2017-02-21",13.08,13.47,13.05,13.33,2836400,12.495683
"2017-02-22",13.32,13.36,13.11,13.29,2592800,12.458188
"2017-02-23",13.27,13.38,13.09,13.24,3460600,12.411316
"2017-02-24",13.24,13.25,12.95,13.1,2170400,12.280081
"2017-02-27",13.13,13.17,13,13.06,1738800,12.242583
"2017-02-28",13.06,13.06,12.8,12.82,2559700,12.017604
"2017-03-01",12.92,13.11,12.85,13.09,1995100,12.270706
"2017-03-02",13.11,13.11,12.81,12.84,1427600,12.036352
"2017-03-03",12.79,12.93,12.74,12.9,2451200,12.092597
"2017-03-06",12.78,12.97,12.78,12.95,2218100,12.139466
"2017-03-07",13.07,13.34,12.62,12.66,2553800,11.86762
"2017-03-08",12.68,12.71,12.47,12.49,2167400,11.70826
"2017-03-09",12.49,12.56,12.33,12.41,1351600,11.633266
"2017-03-10",12.46,12.51,12.22,12.38,1689700,11.605144
"2017-03-13",12.25,12.37,12.25,12.28,1704500,11.605144
"2017-03-14",12.25,12.4,12.2,12.4,1698400,11.718549
"2017-03-15",12.41,13.07,12.35,12.6,1857400,11.907557
"2017-03-16",12.59,12.65,12.53,12.64,1541000,11.94536
"2017-03-17",12.6,12.71,12.57,12.65,2534200,11.954809
"2017-03-20",12.67,12.67,12.53,12.63,1121000,11.935909
"2017-03-21",12.7,12.76,12.5,12.52,3366600,11.831953
"2017-03-22",12.53,12.59,12.43,12.52,1429500,11.831953
"2017-03-23",12.52,12.62,12.49,12.55,1421700,11.860306
"2017-03-24",12.58,12.66,12.5,12.55,1180200,11.860306
"2017-03-27",12.5,12.61,12.5,12.58,1404900,11.888658
"2017-03-28",12.59,12.87,12.55,12.84,1211500,12.134369
"2017-03-29",12.81,13.03,12.75,13,1136500,12.285576
"2017-03-30",12.99,13.31,12.95,13.24,2539200,12.512386
"2017-03-31",13.09,13.1,12.89,13,3624000,12.285576
"2017-04-03",12.96,13.19,12.77,12.79,2463900,12.087117
"2017-04-04",12.84,12.89,12.74,12.77,1445400,12.068216
"2017-04-05",12.82,12.91,12.55,12.63,2085500,11.935909
"2017-04-06",12.59,12.67,12.5,12.57,1724900,11.879208
"2017-04-07",12.55,12.57,12.5,12.51,3552600,11.822503
"2017-04-10",12.51,12.63,12.5,12.53,1913100,11.841405
"2017-04-11",12.5,12.56,12.44,12.5,1623700,11.813053
"2017-04-12",12.49,12.57,12.41,12.49,1697200,11.803604
"2017-04-13",12.49,12.52,12.32,12.33,1857400,11.652395
"2017-04-17",12.39,12.44,12.3,12.41,1617700,11.728001
"2017-04-18",12.36,12.45,12.19,12.33,1668200,11.652395
"2017-04-19",12.38,12.48,12.34,12.43,1696500,11.746899
"2017-04-20",12.45,13.01,12.43,12.94,2718600,12.228872
"2017-04-21",12.91,12.99,12.72,12.89,2142300,12.181621
"2017-04-24",13.05,13.09,12.97,13.04,1498700,12.323377
"2017-04-25",13.08,13.13,13,13.07,1236300,12.351729
"2017-04-26",13.07,13.14,12.94,12.94,2187800,12.228872
"2017-04-27",12.96,13.03,12.88,12.96,1195100,12.247775
"2017-04-28",12.93,12.98,12.59,12.72,1872300,12.020965
"2017-05-01",12.75,12.86,12.65,12.74,1141800,12.039865
"2017-05-02",12.71,12.75,12.58,12.62,1508900,11.926458
"2017-05-03",12.59,12.61,12.49,12.57,1629900,11.879208
"2017-05-04",12.64,12.64,12.43,12.57,2490500,11.879208
"2017-05-05",12.59,12.69,12.59,12.69,951000,11.992611
"2017-05-08",12.7,12.92,12.66,12.79,2245400,12.087117
"2017-05-09",12.81,13.12,12.76,13.11,3330300,12.389529
"2017-05-10",12.3,13.3,12.26,12.71,4191700,12.011514
"2017-05-11",12.67,12.77,12.56,12.68,2551000,11.983161
"2017-05-12",12.67,12.73,12.59,12.71,1653800,12.011514
"2017-05-15",12.78,12.94,12.76,12.89,2005700,12.181621
"2017-05-16",12.96,12.96,12.81,12.93,1797100,12.219421
"2017-05-17",12.84,12.86,12.65,12.66,2493800,11.96426
"2017-05-18",12.69,12.78,12.58,12.7,2378000,12.002062
"2017-05-19",12.72,12.83,12.51,12.82,1682100,12.115468
"2017-05-22",12.86,13.15,12.71,13.12,1861200,12.39898
"2017-05-23",13.17,13.26,13.06,13.15,1455400,12.427333
"2017-05-24",13.19,13.23,13.12,13.22,1025300,12.493485
"2017-05-25",13.29,13.31,13.17,13.21,956700,12.484035
"2017-05-26",13.23,13.43,13.17,13.42,1871000,12.682493
"2017-05-30",13.32,13.43,13.14,13.29,1470600,12.559638
"2017-05-31",13.33,13.39,13.1,13.38,2527600,12.644692
"2017-06-01",13.5,13.62,13.38,13.57,1644100,12.824251
"2017-06-02",13.55,13.64,13.43,13.58,1507000,12.833701
"2017-06-05",13.61,13.61,13.41,13.44,1581100,12.701396
"2017-06-06",13.41,13.5,13.22,13.48,1459400,12.739196
"2017-06-07",13.54,13.55,13.31,13.36,1990700,12.625791
"2017-06-08",13.47,13.53,13.18,13.51,2104800,12.767549
"2017-06-09",13.55,13.68,13.43,13.65,1701200,12.899855
"2017-06-12",13.65,13.84,13.63,13.67,1603200,12.918756
"2017-06-13",13.65,13.7,13.53,13.56,1946300,12.8148
"2017-06-14",13.59,13.63,13.5,13.58,2748400,12.833701
"2017-06-15",13.59,13.72,13.44,13.61,1281200,12.862053
"2017-06-16",13.64,13.78,13.52,13.73,2200100,12.975457
"2017-06-19",13.75,13.85,13.63,13.78,827400,13.022711
"2017-06-20",13.75,13.75,13.48,13.49,914500,12.748648
"2017-06-21",13.54,13.61,13.44,13.53,1436100,12.786448
"2017-06-22",13.53,13.55,13.3,13.45,1379700,12.710846
"2017-06-23",13.44,13.62,13.38,13.59,1415800,12.843152
"2017-06-26",13.61,13.68,13.53,13.66,1030100,12.909306
"2017-06-27",13.61,13.79,13.58,13.66,1180800,12.909306
"2017-06-28",13.72,13.92,13.7,13.85,1760100,13.088863
"2017-06-29",13.85,13.92,13.39,13.6,1757200,12.852602
"2017-06-30",13.63,13.76,13.35,13.7,1754200,12.947106
"2017-07-03",13.74,13.92,13.65,13.89,1108000,13.126665
"2017-07-05",13.89,13.89,13.68,13.73,1875000,12.975457
"2017-07-06",13.67,13.68,13.23,13.24,2048200,12.512386
"2017-07-07",13.28,13.37,13.18,13.32,1692100,12.587989
"2017-07-10",13.28,13.41,13.14,13.15,1744800,12.427333
"2017-07-11",13.14,13.34,13.07,13.27,1618100,12.540739
"2017-07-12",13.32,13.43,13.18,13.2,2724400,12.474584
"2017-07-13",13.23,13.32,13.18,13.23,1252800,12.502936
"2017-07-14",13.3,13.62,13.24,13.57,1541300,12.824251
"2017-07-17",13.57,13.76,13.52,13.68,1289200,12.928207
"2017-07-18",13.65,13.68,13.52,13.63,1105200,12.880953
"2017-07-19",13.68,13.98,13.68,13.93,1339600,13.164467
"2017-07-20",13.91,14.08,13.88,13.96,1174800,13.192818
"2017-07-21",13.9,14.06,13.9,13.93,2521000,13.164467
"2017-07-24",13.95,14.04,13.92,13.98,1026700,13.21172
"2017-07-25",14.05,14.17,13.83,14.12,1271400,13.344026
"2017-07-26",14.12,14.34,14.12,14.23,1171200,13.44798
"2017-07-27",14.21,14.35,14.21,14.27,1157900,13.485784
"2017-07-28",14.26,14.49,14.25,14.39,1117700,13.599187
"2017-07-31",14.43,14.43,14.26,14.31,1051800,13.523584
"2017-08-01",14.38,14.46,14.27,14.43,972300,13.636989
"2017-08-02",14.4,14.4,14.19,14.27,1526000,13.485784
"2017-08-03",14.28,14.4,14.18,14.25,930400,13.466882
"2017-08-04",14.28,14.28,14.1,14.12,1779300,13.344026
"2017-08-07",14.12,14.43,14.12,14.34,954000,13.551935
"2017-08-08",14.32,14.32,14.09,14.24,993500,13.457431
"2017-08-09",14.17,14.22,14.04,14.17,896800,13.391278
"2017-08-10",14.13,14.18,13.59,13.68,2989500,12.928207
"2017-08-11",13.76,14.04,13.4,13.43,3491000,12.691944
"2017-08-14",13.54,13.61,13.3,13.37,2291700,12.635242
"2017-08-15",13.41,13.44,13.28,13.31,1063800,12.578542
"2017-08-16",13.41,13.48,13.21,13.25,1535900,12.521838
"2017-08-17",13.2,13.45,13.2,13.23,2230600,12.502936
"2017-08-18",13.25,13.47,13.05,13.27,2004500,12.540739
"2017-08-21",13.21,13.35,13.19,13.31,1631900,12.578542
"2017-08-22",13.28,13.44,13.28,13.39,1197000,12.654143
"2017-08-23",13.29,13.34,13.12,13.18,1586700,12.455684
"2017-08-24",13.21,13.23,13.09,13.2,1161400,12.474584
"2017-08-25",13.28,13.47,13.07,13.42,1492900,12.682493
"2017-08-28",13.37,13.47,13.29,13.43,1557900,12.691944
"2017-08-29",13.36,13.39,13.24,13.36,2164700,12.625791
"2017-08-30",13.36,13.36,13.16,13.3,1641800,12.569089
"2017-08-31",13.32,13.41,13.27,13.37,1226600,12.635242
"2017-09-01",13.4,13.52,13.38,13.45,924300,12.710846
"2017-09-05",13.45,13.46,13.19,13.28,1324600,12.550187
"2017-09-06",13.33,13.49,13.27,13.39,3573700,12.654143
"2017-09-07",13.43,13.58,13.39,13.53,1844500,12.786448
"2017-09-08",13.53,13.54,13.11,13.14,2108900,12.417883
"2017-09-11",13.23,13.41,13.2,13.34,2575500,12.60689
"2017-09-12",13.3,13.35,13.19,13.26,1808700,12.625936
"2017-09-13",13.21,13.21,12.84,13,2002900,12.378366
"2017-09-14",13,13.09,12.96,13.05,1776800,12.425976
"2017-09-15",13.05,13.16,12.94,13.09,2914400,12.464062
"2017-09-18",13.14,13.22,12.98,13.09,1811600,12.464062
"2017-09-19",13.1,13.16,12.96,13.05,1779200,12.425976
"2017-09-20",13.1,13.21,13.03,13.17,1475200,12.540238
"2017-09-21",13.16,13.19,13.02,13.08,1730000,12.454541
"2017-09-22",13.02,13.12,12.99,13.03,1098000,12.406932
"2017-09-25",13.05,13.23,13.01,13.2,1404800,12.568803
"2017-09-26",13.23,13.23,13.07,13.11,1158300,12.483106
"2017-09-27",13.13,13.3,13.07,13.26,1325700,12.625936
"2017-09-28",13.21,13.35,13.12,13.26,2190000,12.625936
"2017-09-29",13.22,13.26,13.16,13.26,939800,12.625936
"2017-10-02",13.29,13.37,13.19,13.28,1641100,12.644979
"2017-10-03",13.29,13.43,13.24,13.37,1592900,12.730676
"2017-10-04",13.38,13.42,13.3,13.36,903100,12.721152
"2017-10-05",13.41,13.46,13.33,13.43,1174900,12.787807
"2017-10-06",13.41,13.44,13.23,13.29,1654400,12.654499
"2017-10-09",13.27,13.29,13.14,13.18,817000,12.54976
"2017-10-10",13.26,13.55,13.25,13.5,2190200,12.854458
"2017-10-11",13.46,13.5,13.35,13.48,1167200,12.835414
"2017-10-12",13.46,13.58,13.37,13.54,1768900,12.892545
"2017-10-13",13.61,13.74,13.52,13.68,1440900,13.025851
"2017-10-16",13.68,13.76,13.61,13.68,1704600,13.025851
"2017-10-17",13.64,13.69,13.57,13.62,1285100,12.968719
"2017-10-18",13.62,13.77,13.61,13.73,1219200,13.07346
"2017-10-19",13.65,13.71,13.55,13.62,1846300,12.968719
"2017-10-20",13.69,13.78,13.66,13.71,1317500,13.054417
"2017-10-23",13.72,13.77,13.67,13.75,1012700,13.092504
"2017-10-24",13.75,13.78,13.57,13.63,1497100,12.978241
"2017-10-25",13.62,13.71,13.52,13.66,1272000,13.006807
"2017-10-26",13.69,13.82,13.62,13.68,1756300,13.025851
"2017-10-27",13.66,13.73,13.49,13.69,1578000,13.035372
"2017-10-30",13.68,13.83,13.64,13.81,1394500,13.149634
"2017-10-31",13.83,13.83,13.63,13.66,1665500,13.006807
"2017-11-01",13.73,13.87,13.61,13.71,1900400,13.054417
"2017-11-02",13.67,13.83,13.58,13.8,1696400,13.140113
"2017-11-03",13.76,13.87,13.7,13.87,2278500,13.206765
"2017-11-06",13.89,14.28,13.84,14.28,4244400,13.597159
"2017-11-07",14.21,14.53,14.09,14.15,2639600,13.473377
"2017-11-08",14.08,14.15,14.01,14.14,1389400,13.463855
"2017-11-09",14.13,14.56,14.07,14.36,2515900,13.673334
"2017-11-10",14.66,15.79,14.59,15.1,5305800,14.37795
"2017-11-13",15.1,15.41,15,15.23,2704200,14.501734
"2017-11-14",15.17,15.5,15.11,15.27,3283600,14.539821
"2017-11-15",15.23,15.28,15.1,15.19,1929400,14.463647
"2017-11-16",15.18,15.73,15.15,15.72,2648200,14.968303
"2017-11-17",15.69,15.93,15.59,15.84,2524700,15.082564
"2017-11-20",15.83,15.83,15.62,15.67,2456300,14.920692
"2017-11-21",15.74,15.82,15.67,15.79,2538000,15.034956
"2017-11-22",15.82,15.87,15.76,15.77,2121200,15.015911
"2017-11-24",15.82,15.82,15.7,15.77,845600,15.015911
"2017-11-27",15.76,15.81,15.65,15.74,2445500,14.987345
"2017-11-28",15.8,16.16,15.73,16.15,3296300,15.37774
"2017-11-29",16.1,16.43,16.1,16.35,2314000,15.568178
"2017-11-30",16.4,16.42,16.1,16.16,3442100,15.387262
"2017-12-01",16.24,16.32,15.89,16.200001,3096000,15.425351
"2017-12-04",16.26,16.870001,16.200001,16.540001,3559600,15.749092
"2017-12-05",16.59,16.65,16.27,16.4,2584700,15.615786
"2017-12-06",16.4,16.52,16.24,16.389999,3525400,15.606265
"2017-12-07",16.379999,16.389999,16.25,16.360001,2694200,15.577702
"2017-12-08",16.42,16.559999,16.360001,16.549999,2012200,15.758613
"2017-12-11",16.559999,16.75,16.5,16.59,3382000,15.7967
"2017-12-12",16.610001,16.620001,16.139999,16.219999,2410100,15.444392
"2017-12-13",16.27,16.33,16.17,16.280001,3083000,15.501526
"2017-12-14",16.280001,16.41,16.120001,16.219999,3204200,15.444392
"2017-12-15",16.23,16.25,16,16.02,5256300,15.253957
"2017-12-18",16.110001,16.370001,16.07,16.33,3059600,15.549134
"2017-12-19",16.389999,16.459999,16.18,16.27,3640500,15.492002
"2017-12-20",16.34,16.42,16.219999,16.24,2599400,15.463438
"2017-12-21",16.27,16.5,16.17,16.34,2069500,15.558654
"2017-12-22",16.32,16.450001,16.309999,16.42,2790100,15.63483
"2017-12-26",16.42,16.48,16.299999,16.309999,669400,15.530088
"2017-12-27",16.34,16.379999,16.209999,16.25,1312600,15.472957
"2017-12-28",16.280001,16.34,16.17,16.33,1133500,15.549134
"2017-12-29",16.34,16.379999,16.209999,16.209999,1380400,15.43487
