"dates","PYPL.Open","PYPL.High","PYPL.Low","PYPL.Close","PYPL.Volume","PYPL.Adjusted"
"2015-07-06",38,39.75,36,36.709999,5866600,36.709999
"2015-07-07",37.720001,37.810001,36,36.619999,7359000,36.619999
"2015-07-08",36.34,36.360001,34.529999,34.700001,5387700,34.700001
"2015-07-09",35.099998,35.52,33.990002,34.5,3760100,34.5
"2015-07-10",34.66,35.189999,33.98,34.689999,4472800,34.689999
"2015-07-13",35.59,37.5,35.5,36.779999,7626000,36.779999
"2015-07-14",36.990002,37.740002,36.599998,36.93,4653300,36.93
"2015-07-15",37.98,38.200001,37.029999,37.509998,13072800,37.509998
"2015-07-16",38.82,39.970001,38.080002,38.630001,21348500,38.630001
"2015-07-17",39.419998,40.200001,38.18,38.389999,45720200,38.389999
"2015-07-20",41.459999,42.549999,39.799999,40.470001,52286500,40.470001
"2015-07-21",41.080002,41.110001,39.119999,39.349998,32954600,39.349998
"2015-07-22",39.349998,39.720001,38.099998,38.389999,25363900,38.389999
"2015-07-23",38.740002,38.75,36.93,37.009998,19250200,37.009998
"2015-07-24",37.709999,38,36.91,37,14274300,37
"2015-07-27",36.779999,37.380001,36.220001,36.389999,16179900,36.389999
"2015-07-28",37.189999,38,36.830002,37.599998,18986000,37.599998
"2015-07-29",38.029999,38.099998,37.619999,37.950001,11788400,37.950001
"2015-07-30",38.040001,39.009998,37.715,38.450001,13845100,38.450001
"2015-07-31",39.139999,39.200001,38.220001,38.700001,12480600,38.700001
"2015-08-03",39.25,39.880001,38.900002,39.389999,15126600,39.389999
"2015-08-04",39.91,39.91,38.43,38.950001,10992200,38.950001
"2015-08-05",39.700001,39.880001,39.169998,39.27,9463100,39.27
"2015-08-06",39.630001,39.740002,38.549999,38.849998,7324100,38.849998
"2015-08-07",39.040001,39.23,38.599998,39.130001,8331300,39.130001
"2015-08-10",39.43,39.689999,38.77,39.049999,7998900,39.049999
"2015-08-11",38.93,39.279999,38.720001,38.849998,8184000,38.849998
"2015-08-12",38.549999,38.580002,37.009998,38.189999,21350600,38.189999
"2015-08-13",38.400002,38.490002,37.439999,37.619999,7863500,37.619999
"2015-08-14",37.490002,38.18,37.380001,38.139999,6271100,38.139999
"2015-08-17",38.299999,38.75,37.700001,38.73,4931700,38.73
"2015-08-18",39,39,37.869999,37.990002,4678800,37.990002
"2015-08-19",37.869999,38.099998,37.029999,37.189999,6923400,37.189999
"2015-08-20",36.849998,37.34,35.880001,35.98,10645700,35.98
"2015-08-21",35.57,36.110001,33.830002,34.25,16824100,34.25
"2015-08-24",31.17,34.849998,30,33.75,19676600,33.75
"2015-08-25",35.439999,35.459999,32.700001,32.700001,15557100,32.700001
"2015-08-26",33.700001,33.84,31.709999,33.169998,25350400,33.169998
"2015-08-27",33.869999,34.77,33.16,34.619999,18909600,34.619999
"2015-08-28",34.509998,35.259998,34.369999,35.040001,8344800,35.040001
"2015-08-31",35.5,35.509998,34.77,35,12123800,35
"2015-09-01",34.150002,34.68,33.41,33.77,13376000,33.77
"2015-09-02",34.599998,35.080002,33.834999,35.07,7521000,35.07
"2015-09-03",35.009998,35.459999,34.77,35.310001,6683800,35.310001
"2015-09-04",34.709999,34.720001,33.779999,34.290001,7483100,34.290001
"2015-09-08",34.810001,34.889999,34.25,34.700001,7674500,34.700001
"2015-09-09",34.919998,34.950001,33.880001,34.369999,10946900,34.369999
"2015-09-10",34.23,34.290001,32.950001,33.459999,12134500,33.459999
"2015-09-11",33.27,33.59,32.610001,33.549999,9184200,33.549999
"2015-09-14",33.700001,33.950001,33.200001,33.77,7897700,33.77
"2015-09-15",33.720001,33.950001,32.669998,33.799999,11874900,33.799999
"2015-09-16",33.459999,34.060001,33.360001,33.77,7183900,33.77
"2015-09-17",33.720001,33.990002,33.080002,33.32,7846800,33.32
"2015-09-18",32.900002,33.779999,32.549999,32.919998,16488100,32.919998
"2015-09-21",33.66,34.619999,33.43,34.25,12736500,34.25
"2015-09-22",33.939999,34.099998,33.189999,33.349998,8538000,33.349998
"2015-09-23",33.490002,34.34,33.259998,34.16,5405500,34.16
"2015-09-24",34,34.07,33.380001,33.91,6544500,33.91
"2015-09-25",34.599998,34.689999,33.5,33.77,6566800,33.77
"2015-09-28",33.68,33.68,32.154999,32.25,7407300,32.25
"2015-09-29",32.27,32.669998,30.299999,30.629999,12008100,30.629999
"2015-09-30",31.200001,31.280001,30.639999,31.040001,13672000,31.040001
"2015-10-01",30.82,31.587,30.75,31.48,9657000,31.48
"2015-10-02",30.82,32.860001,30.75,32.830002,7609800,32.830002
"2015-10-05",32.950001,33.02,32.380001,32.669998,6119100,32.669998
"2015-10-06",32.91,32.91,31.780001,31.860001,7409800,31.860001
"2015-10-07",32.310001,32.471001,31.52,32.380001,6969600,32.380001
"2015-10-08",32.439999,32.450001,31.09,31.67,9281500,31.67
"2015-10-09",31.690001,32.450001,31.41,32.060001,5911400,32.060001
"2015-10-12",32.189999,32.669998,32.099998,32.630001,3915500,32.630001
"2015-10-13",32.599998,33.48,32.34,33.220001,8787700,33.220001
"2015-10-14",33.400002,34.459999,33.400002,34.049999,8198300,34.049999
"2015-10-15",34.450001,34.720001,34.16,34.619999,9103200,34.619999
"2015-10-16",34.75,35.049999,33.950001,34.290001,5390700,34.290001
"2015-10-19",34.43,34.904999,33.790001,34.84,5855700,34.84
"2015-10-20",34.799999,34.990002,34.59,34.869999,6084200,34.869999
"2015-10-21",34.75,34.799999,32.880001,33.830002,9054500,33.830002
"2015-10-22",34.43,35.25,34.259998,34.790001,8735500,34.790001
"2015-10-23",35.73,35.75,34.799999,34.990002,8909100,34.990002
"2015-10-26",36.049999,36.59,35.514999,36.439999,11554600,36.439999
"2015-10-27",36.389999,36.394001,35.310001,35.939999,8502400,35.939999
"2015-10-28",36.209999,36.650002,35.810001,36.52,11634300,36.52
"2015-10-29",34.73,36.5,34.5,35.91,25137300,35.91
"2015-10-30",35.639999,36.490002,35.240002,36.009998,13409200,36.009998
"2015-11-02",35.580002,37.41,35.450001,36.990002,11254900,36.990002
"2015-11-03",37.049999,38.439999,37,37.900002,12025200,37.900002
"2015-11-04",38.450001,38.52,37.330002,37.599998,12226800,37.599998
"2015-11-05",37.82,37.98,36.66,36.709999,9068900,36.709999
"2015-11-06",36.59,36.700001,35.799999,36.240002,10256800,36.240002
"2015-11-09",36.099998,36.740002,35.650002,36.599998,11571500,36.599998
"2015-11-10",36.580002,37.200001,36.5,37,36384400,37
"2015-11-11",37.189999,37.32,35.75,36.330002,12762500,36.330002
"2015-11-12",35.945,36.049999,34.830002,35.57,11835900,35.57
"2015-11-13",35.18,35.5,34.5,34.529999,7364400,34.529999
"2015-11-16",34.549999,35.66,34.529999,35.610001,6734500,35.610001
"2015-11-17",35.889999,36.450001,35.709999,36.209999,7344900,36.209999
"2015-11-18",36.32,36.950001,35.785,36.220001,8323100,36.220001
"2015-11-19",36.450001,36.5,35.91,36.189999,5041300,36.189999
"2015-11-20",36.450001,36.450001,35.919998,36.360001,4543400,36.360001
"2015-11-23",36.5,36.650002,35.41,35.560001,6961000,35.560001
"2015-11-24",35.25,35.299999,34.880001,35.119999,8390100,35.119999
"2015-11-25",35.200001,35.860001,35.130001,35.360001,3881800,35.360001
"2015-11-27",35.52,35.700001,35.060001,35.18,2549400,35.18
"2015-11-30",35.360001,35.439999,34.689999,35.259998,9357300,35.259998
"2015-12-01",35.41,35.41,33.849998,35.169998,14893900,35.169998
"2015-12-02",35.23,36.169998,34.93,35.150002,5762400,35.150002
"2015-12-03",35.200001,35.23,33.849998,34.23,7311900,34.23
"2015-12-04",34.380001,35.82,34.220001,35.619999,10664300,35.619999
"2015-12-07",35.709999,35.799999,34.849998,35.16,4918000,35.16
"2015-12-08",34.630001,35.700001,34.52,35.599998,7420800,35.599998
"2015-12-09",35.389999,35.599998,34.830002,35.07,7381700,35.07
"2015-12-10",35.16,35.91,35.16,35.490002,6949700,35.490002
"2015-12-11",35.150002,35.326,34.419998,34.689999,8309200,34.689999
"2015-12-14",34.610001,35.223,34.330002,35.009998,5784400,35.009998
"2015-12-15",35.189999,36.509998,35.18,36.32,11709900,36.32
"2015-12-16",36.119999,36.25,35.189999,35.98,7076300,35.98
"2015-12-17",36,36.580002,35.509998,35.540001,6454100,35.540001
"2015-12-18",35.349998,35.759998,34.73,34.98,13745900,34.98
"2015-12-21",35.209999,36.150002,35.110001,36.080002,5856000,36.080002
"2015-12-22",36.119999,36.889999,35.779999,36.805,6030900,36.805
"2015-12-23",36.790001,37.68,36.77,37.110001,7579500,37.110001
"2015-12-24",37.009998,37.23,36.82,37.07,2133400,37.07
"2015-12-28",36.700001,37,36.25,36.610001,4930100,36.610001
"2015-12-29",36.919998,37.450001,36.75,37.080002,3436600,37.080002
"2015-12-30",37.07,37.25,36.459999,36.48,4106700,36.48
"2015-12-31",36.299999,36.5,36.050999,36.200001,4481900,36.200001
"2016-01-04",35.130001,35.560001,34.279999,34.75,12287700,34.75
"2016-01-05",34.98,34.98,33.860001,34.310001,11227700,34.310001
"2016-01-06",33.700001,34.009998,33.209999,33.98,8441300,33.98
"2016-01-07",33.150002,34.160999,33.02,33.130001,11041100,33.130001
"2016-01-08",33.459999,33.880001,32.630001,32.689999,7848800,32.689999
"2016-01-11",33.02,33.43,32.470001,33.040001,8937400,33.040001
"2016-01-12",33.349998,33.57,32.66,33.080002,7854000,33.080002
"2016-01-13",33.279999,33.57,31.969999,32.119999,8069400,32.119999
"2016-01-14",32.150002,33.040001,31.705,32.869999,7749500,32.869999
"2016-01-15",31.620001,32.540001,31.620001,32.310001,12174400,32.310001
"2016-01-19",32.759998,33.18,31.93,32.200001,6674700,32.200001
"2016-01-20",31.43,31.700001,30.52,31.200001,13170600,31.200001
"2016-01-21",31.610001,31.74,30.9,31.200001,9978900,31.200001
"2016-01-22",31.65,31.969999,31.540001,31.690001,9444000,31.690001
"2016-01-25",31.98,31.98,31.35,31.469999,7591800,31.469999
"2016-01-26",31.49,31.98,31.389999,31.969999,8617000,31.969999
"2016-01-27",31.959999,32.630001,31.379999,31.59,12711700,31.59
"2016-01-28",33.630001,34.75,33.349998,34.240002,20378600,34.240002
"2016-01-29",34.490002,36.259998,34.360001,36.139999,21201100,36.139999
"2016-02-01",35.650002,37.32,35.59,37.080002,17356000,37.080002
"2016-02-02",36.529999,37.77,36.439999,36.830002,17310600,36.830002
"2016-02-03",36.869999,37.549999,36.07,37.009998,14543100,37.009998
"2016-02-04",36.66,37.285,36.540001,37.169998,10212300,37.169998
"2016-02-05",37.16,37.16,34.82,35.07,16245800,35.07
"2016-02-08",34,34.290001,31.98,33.610001,20629000,33.610001
"2016-02-09",32.799999,33.858002,31.639999,32.700001,16439200,32.700001
"2016-02-10",33.619999,33.939999,32.82,32.900002,8636500,32.900002
"2016-02-11",32.119999,33.639999,32.009998,33.52,13170100,33.52
"2016-02-12",33.970001,34.439999,33.810001,34.299999,9437100,34.299999
"2016-02-16",34.650002,35.52,34.48,35.459999,9152400,35.459999
"2016-02-17",35.98,36.91,35.810001,36.360001,12070600,36.360001
"2016-02-18",36.41,36.529999,35.66,36.310001,9022100,36.310001
"2016-02-19",36,36.235001,35.610001,35.759998,9652800,35.759998
"2016-02-22",36.450001,36.5,35.82,36,10476200,36
"2016-02-23",35.720001,35.935001,35.02,35.48,8415200,35.48
"2016-02-24",35.220001,36.75,34.860001,36.470001,8090600,36.470001
"2016-02-25",36.669998,36.830002,36.18,36.740002,5209500,36.740002
"2016-02-26",36.73,37.535,36.369999,37.490002,8595000,37.490002
"2016-02-29",37.470001,38.93,37.450001,38.139999,23939900,38.139999
"2016-03-01",38.52,39.544998,38.02,39.25,14085300,39.25
"2016-03-02",39.200001,39.93,38.700001,39.16,12895900,39.16
"2016-03-03",38.959999,39.240002,38.629002,39.02,7656900,39.02
"2016-03-04",38.77,39.700001,38.755001,39.040001,7200100,39.040001
"2016-03-07",38.779999,39.400002,38.720001,38.98,5327200,38.98
"2016-03-08",38.689999,38.880001,38.110001,38.16,6012700,38.16
"2016-03-09",38.48,38.619999,37.82,38.57,4990500,38.57
"2016-03-10",38.66,39.299999,37.48,38.490002,7655700,38.490002
"2016-03-11",39,39.529999,38.849998,39.490002,9539500,39.490002
"2016-03-14",39.400002,39.799999,39.040001,39.380001,5299700,39.380001
"2016-03-15",39.049999,39.639999,39.049999,39.27,5013900,39.27
"2016-03-16",39.09,39.889999,38.57,39.84,6363500,39.84
"2016-03-17",39.849998,40.119999,39.169998,39.93,9789600,39.93
"2016-03-18",39.860001,39.860001,38.689999,39.41,15132400,39.41
"2016-03-21",39.41,41.169998,39.200001,41.139999,13432400,41.139999
"2016-03-22",40.669998,41.75,40.630001,41.32,10552300,41.32
"2016-03-23",41.060001,41.310001,40.040001,40.52,8104700,40.52
"2016-03-24",39.400002,39.509998,37,38.919998,15040600,38.919998
"2016-03-28",38.810001,39.169998,38.619999,38.740002,6192900,38.740002
"2016-03-29",38.740002,39.715,38.299999,39.529999,5694000,39.529999
"2016-03-30",39.939999,40.040001,38.994999,39.040001,5246800,39.040001
"2016-03-31",38.740002,39,38.43,38.599998,8087000,38.599998
"2016-04-01",38.509998,39.459999,38.400002,39.400002,6982000,39.400002
"2016-04-04",39.360001,39.380001,38.41,38.790001,5381300,38.790001
"2016-04-05",38.349998,38.810001,37.700001,38.549999,5364800,38.549999
"2016-04-06",38.450001,39.185001,38.25,39.16,5526200,39.16
"2016-04-07",38.849998,38.939999,38.119999,38.279999,7294500,38.279999
"2016-04-08",38.610001,38.699001,38.099998,38.41,7822300,38.41
"2016-04-11",38.330002,38.82,38.029999,38.060001,5428900,38.060001
"2016-04-12",38.32,38.32,37.34,37.799999,7677100,37.799999
"2016-04-13",38.25,39.119999,38.189999,38.790001,7082400,38.790001
"2016-04-14",38.939999,39.02,38.415001,38.639999,4590200,38.639999
"2016-04-15",38.689999,38.950001,38.290001,38.580002,5239600,38.580002
"2016-04-18",38.560001,39.689999,38.43,39.639999,6433000,39.639999
"2016-04-19",39.75,40.07,38.974998,39.240002,5915800,39.240002
"2016-04-20",39.240002,40.240002,39.169998,40.080002,7723500,40.080002
"2016-04-21",40.200001,40.549999,40.014,40.099998,5539400,40.099998
"2016-04-22",39.720001,40.634998,39.68,40.310001,6433900,40.310001
"2016-04-25",40.27,40.84,39.540001,39.82,7934200,39.82
"2016-04-26",39.57,40.130001,39.330002,39.73,5271200,39.73
"2016-04-27",39.68,40.18,39.200001,40.009998,12727600,40.009998
"2016-04-28",41,41.490002,39.91,40.07,17800000,40.07
"2016-04-29",39.709999,39.869999,38.59,39.18,10001400,39.18
"2016-05-02",39.07,39.27,38.73,39.02,6777500,39.02
"2016-05-03",38.630001,38.970001,38.139999,38.360001,9146600,38.360001
"2016-05-04",38.07,38.459999,37.869999,38.310001,8121600,38.310001
"2016-05-05",38.380001,39.118999,38.32,38.950001,7127200,38.950001
"2016-05-06",38.709999,39.700001,38.610001,39.48,6566900,39.48
"2016-05-09",39.419998,40.18,39.330002,39.619999,5861000,39.619999
"2016-05-10",39.619999,40.150002,39.240002,40.110001,6588700,40.110001
"2016-05-11",39.57,40.313999,39.57,39.709999,5995500,39.709999
"2016-05-12",39.849998,40,39.169998,39.509998,6323100,39.509998
"2016-05-13",39.540001,39.799999,39.310001,39.48,5885900,39.48
"2016-05-16",39.360001,39.529999,39.130001,39.299999,10316000,39.299999
"2016-05-17",39.099998,39.66,38.75,39.064999,10746100,39.064999
"2016-05-18",39.18,39.360001,38.5,38.98,10393500,38.98
"2016-05-19",38.810001,38.880001,37.310001,37.650002,17041300,37.650002
"2016-05-20",37.790001,37.950001,37.490002,37.529999,12496600,37.529999
"2016-05-23",37.68,38.23,37.389999,38.07,9083800,38.07
"2016-05-24",38.279999,39.005001,38.279999,38.919998,7555200,38.919998
"2016-05-25",38.869999,39.060001,38.509998,38.759998,6538900,38.759998
"2016-05-26",38.709999,38.740002,38,38.07,5894700,38.07
"2016-05-27",38,38.345001,37.919998,38.09,5863600,38.09
"2016-05-31",37.959999,38.029999,37.5,37.790001,12231400,37.790001
"2016-06-01",37.810001,38.479,37.709999,38.310001,5458500,38.310001
"2016-06-02",38.419998,38.685001,38.32,38.560001,4658600,38.560001
"2016-06-03",38.439999,38.59,37.813,38.330002,4986000,38.330002
"2016-06-06",38.470001,38.490002,37.98,38.099998,5065900,38.099998
"2016-06-07",38.07,38.48,37.52,37.57,6324400,37.57
"2016-06-08",37.529999,37.700001,37.060001,37.549999,8666600,37.549999
"2016-06-09",37.48,37.57,37.110001,37.130001,10206700,37.130001
"2016-06-10",36.830002,37.049999,36.619999,36.77,7741400,36.77
"2016-06-13",36.5,37.110001,36.494999,36.540001,8216000,36.540001
"2016-06-14",36.369999,37.275002,36.25,37.16,10281900,37.16
"2016-06-15",37.16,37.220001,36.785,36.84,7092000,36.84
"2016-06-16",36.619999,37.040001,36.349998,36.970001,6106000,36.970001
"2016-06-17",37.029999,37.18,36.630001,36.970001,7947100,36.970001
"2016-06-20",37.279999,37.759998,36.82,36.860001,7789600,36.860001
"2016-06-21",36.799999,36.799999,35.950001,36.16,12816100,36.16
"2016-06-22",36.279999,36.493,35.779999,36,9292400,36
"2016-06-23",36.27,36.665001,36.049999,36.66,4808700,36.66
"2016-06-24",35,35.724998,34.610001,35.080002,17647200,35.080002
"2016-06-27",34.740002,34.759998,34,34.200001,11195800,34.200001
"2016-06-28",34.459999,35.25,34.23,35.240002,12408200,35.240002
"2016-06-29",35.689999,35.904999,35.290001,35.77,9520400,35.77
"2016-06-30",35.810001,36.529999,35.59,36.509998,9153000,36.509998
"2016-07-01",36.599998,36.669998,36.25,36.349998,7260400,36.349998
"2016-07-05",36.299999,36.360001,35.869999,36.119999,5321100,36.119999
"2016-07-06",35.939999,36.169998,35.715,35.93,7821300,35.93
"2016-07-07",35.919998,36.389999,35.84,36.32,7326700,36.32
"2016-07-08",36.779999,37.459999,36.66,37.360001,6828600,37.360001
"2016-07-11",37.450001,38.330002,37.400002,38.150002,10096200,38.150002
"2016-07-12",38.470001,38.91,38.240002,38.790001,9997200,38.790001
"2016-07-13",38.84,39.990002,38.830002,39.279999,12458500,39.279999
"2016-07-14",39.689999,40.07,39.400002,39.959999,9683500,39.959999
"2016-07-15",40.02,40.07,38.98,39.09,8140600,39.09
"2016-07-18",39.130001,39.220001,38.73,38.919998,7877400,38.919998
"2016-07-19",38.970001,39.465,38.830002,39.369999,8120100,39.369999
"2016-07-20",39.439999,40.450001,39.119999,40.049999,11189100,40.049999
"2016-07-21",40.330002,40.330002,39.650002,40.130001,13363300,40.130001
"2016-07-22",37.299999,37.59,36.43,37.419998,36397300,37.419998
"2016-07-25",37.700001,38.18,37.619999,37.779999,16904100,37.779999
"2016-07-26",37.779999,38.27,37.599998,37.689999,10279200,37.689999
"2016-07-27",37.639999,37.689999,37.044998,37.220001,8894200,37.220001
"2016-07-28",37.400002,37.68,37.101002,37.220001,5111300,37.220001
"2016-07-29",37.41,37.48,36.860001,37.240002,6841500,37.240002
"2016-08-01",37.43,37.439999,36.900002,37.060001,5473900,37.060001
"2016-08-02",37.060001,37.084999,36.360001,36.540001,5997700,36.540001
"2016-08-03",36.59,36.740002,36.279999,36.580002,7663800,36.580002
"2016-08-04",36.82,37.389999,36.73,37.299999,7507800,37.299999
"2016-08-05",37.549999,38.150002,37.549999,38.099998,7670400,38.099998
"2016-08-08",38.189999,38.299999,37.650002,37.91,6101300,37.91
"2016-08-09",38.029999,38.139999,37.880001,38.099998,5049100,38.099998
"2016-08-10",38.02,38.244999,37.91,38.07,5546800,38.07
"2016-08-11",38.189999,38.490002,38.099998,38.459999,5999400,38.459999
"2016-08-12",38.299999,38.630001,38.099998,38.509998,6527900,38.509998
"2016-08-15",38.549999,38.650002,38.34,38.459999,4548200,38.459999
"2016-08-16",38.400002,38.529999,38.150002,38.380001,6170800,38.380001
"2016-08-17",38.41,38.459999,37.880001,38.139999,5264000,38.139999
"2016-08-18",38.07,38.375,37.93,38.220001,3880600,38.220001
"2016-08-19",38.02,38.18,37.895,38.09,5107900,38.09
"2016-08-22",37.93,38.200001,37.66,38.110001,10704300,38.110001
"2016-08-23",38.419998,38.43,37.799999,37.860001,6066400,37.860001
"2016-08-24",37.810001,37.950001,37.41,37.52,5914200,37.52
"2016-08-25",37.5,37.57,37.25,37.509998,5132100,37.509998
"2016-08-26",37.720001,37.84,37.380001,37.650002,4177700,37.650002
"2016-08-29",37.610001,37.650002,37.27,37.290001,4780700,37.290001
"2016-08-30",37.259998,37.52,36.985001,37,6873600,37
"2016-08-31",37,37.240002,36.84,37.150002,7166300,37.150002
"2016-09-01",37.27,37.32,36.580002,36.830002,10412200,36.830002
"2016-09-02",37.009998,37.125,36.299999,37.07,6726900,37.07
"2016-09-06",37.049999,37.650002,37.02,37.18,6416900,37.18
"2016-09-07",37.330002,38.580002,37.259998,38.560001,10817700,38.560001
"2016-09-08",38.650002,39.330002,38.500999,39.27,12037300,39.27
"2016-09-09",38.75,39.02,37.91,38.009998,10747100,38.009998
"2016-09-12",37.650002,38.84,37.540001,38.77,8635000,38.77
"2016-09-13",38.619999,40.330002,38.41,39.860001,17924900,39.860001
"2016-09-14",39.990002,40.279999,39.529999,39.959999,13042100,39.959999
"2016-09-15",40.310001,41.139999,39.869999,40.830002,12702800,40.830002
"2016-09-16",40.709999,40.880001,40.325001,40.700001,11909400,40.700001
"2016-09-19",40.240002,40.459999,39.75,40.009998,7574500,40.009998
"2016-09-20",40.299999,40.299999,39.669998,39.689999,5563300,39.689999
"2016-09-21",39.860001,40.389999,39.700001,40.290001,5378400,40.290001
"2016-09-22",40.419998,40.66,40.139999,40.490002,5691000,40.490002
"2016-09-23",39.599998,40.494999,39.599998,40.07,6234600,40.07
"2016-09-26",39.380001,40.509998,39.380001,40.34,9054400,40.34
"2016-09-27",40.040001,41.23,39.490002,41.060001,8674100,41.060001
"2016-09-28",41.150002,41.189999,40.209999,40.970001,6751200,40.970001
"2016-09-29",40.91,41.299999,40.360001,40.389999,7953000,40.389999
"2016-09-30",40.290001,41.049999,40.27,40.970001,8685600,40.970001
"2016-10-03",40.869999,41.200001,40.16,40.59,6925000,40.59
"2016-10-04",41.299999,41.299999,40.439999,40.779999,5046600,40.779999
"2016-10-05",40.950001,40.950001,40.400002,40.439999,6128200,40.439999
"2016-10-06",40.32,40.389999,39.860001,40.18,6312000,40.18
"2016-10-07",40.419998,40.419998,39.619999,39.880001,6109900,39.880001
"2016-10-10",40.130001,40.169998,39.59,39.860001,6636700,39.860001
"2016-10-11",40.029999,40.110001,38.959999,39.189999,9955700,39.189999
"2016-10-12",39.77,39.799999,39.299999,39.529999,7039900,39.529999
"2016-10-13",39.389999,39.400002,38.75,39.200001,7865200,39.200001
"2016-10-14",39.459999,39.889999,39.23,39.240002,6647600,39.240002
"2016-10-17",39.240002,39.619999,39.16,39.48,5279500,39.48
"2016-10-18",40,40.18,39.779999,39.830002,5475900,39.830002
"2016-10-19",39.970001,40.470001,39.84,40.240002,6587700,40.240002
"2016-10-20",40.23,40.290001,39.82,40.09,13337500,40.09
"2016-10-21",41.849998,44.240002,41.84,44.150002,37554700,44.150002
"2016-10-24",44,44.52,43.139999,43.869999,19079000,43.869999
"2016-10-25",43.66,44.07,43,43.310001,9463900,43.310001
"2016-10-26",43,43.209999,42.310001,42.330002,10918800,42.330002
"2016-10-27",42.549999,42.57,41.620998,41.689999,9447300,41.689999
"2016-10-28",41.98,41.98,41.07,41.759998,11979200,41.759998
"2016-10-31",41.779999,42,41.360001,41.66,7160000,41.66
"2016-11-01",41.68,42.294998,41.290001,41.540001,9399000,41.540001
"2016-11-02",41.43,41.57,41.080002,41.349998,7920600,41.349998
"2016-11-03",41.32,41.5,40.919998,41.189999,6239900,41.189999
"2016-11-04",40.299999,41.485001,40.299999,40.900002,6541300,40.900002
"2016-11-07",41.52,41.650002,41.060001,41.279999,7904900,41.279999
"2016-11-08",41.419998,42.150002,41.09,41.580002,6968100,41.580002
"2016-11-09",40.599998,41.470001,40.580002,41.259998,9744400,41.259998
"2016-11-10",41.900002,41.900002,39.580002,40.450001,12097600,40.450001
"2016-11-11",40.77,40.77,39.799999,40.080002,10775700,40.080002
"2016-11-14",40.400002,40.400002,38.450001,38.810001,17877800,38.810001
"2016-11-15",39.040001,39.48,38.900002,38.939999,16037800,38.939999
"2016-11-16",39.049999,39.209999,38.709999,39.07,12730900,39.07
"2016-11-17",39.119999,40.055,38.950001,39.880001,9758500,39.880001
"2016-11-18",40.080002,40.57,39.91,40.080002,9521500,40.080002
"2016-11-21",40.119999,40.77,40.116001,40.630001,6667200,40.630001
"2016-11-22",40.990002,41.099998,39.950001,40.330002,7734700,40.330002
"2016-11-23",40.310001,40.43,39.849998,40.049999,5770600,40.049999
"2016-11-25",40.400002,40.560001,39.990002,40.259998,2324300,40.259998
"2016-11-28",40.259998,40.490002,39.924999,39.959999,4170600,39.959999
"2016-11-29",40.07,40.360001,39.790001,39.889999,5083700,39.889999
"2016-11-30",40.099998,40.18,39.18,39.279999,8420700,39.279999
"2016-12-01",39.560001,39.68,38.18,38.34,11265600,38.34
"2016-12-02",38.34,38.75,38.060001,38.619999,6335200,38.619999
"2016-12-05",38.849998,39.34,38.650002,38.990002,5053900,38.990002
"2016-12-06",39.23,39.259998,38.709999,38.98,5954500,38.98
"2016-12-07",39.080002,39.459999,38.799999,39.450001,7012000,39.450001
"2016-12-08",39.68,40,39.450001,39.610001,6102600,39.610001
"2016-12-09",39.700001,39.790001,39.375,39.650002,3923700,39.650002
"2016-12-12",39.599998,39.900002,39.349998,39.43,4474500,39.43
"2016-12-13",39.549999,39.744999,39.389999,39.43,6385900,39.43
"2016-12-14",39.459999,39.889999,39.459999,39.549999,4658700,39.549999
"2016-12-15",39.799999,40.290001,39.349998,39.540001,6418900,39.540001
"2016-12-16",39.900002,39.900002,39.119999,39.32,9786300,39.32
"2016-12-19",39.400002,39.799999,39.110001,39.439999,4268600,39.439999
"2016-12-20",39.610001,39.740002,39.259998,39.740002,3637200,39.740002
"2016-12-21",39.84,40.740002,39.82,40.09,6768200,40.09
"2016-12-22",40.040001,40.09,39.540001,39.68,5065000,39.68
"2016-12-23",39.82,39.869999,39.48,39.580002,3378100,39.580002
"2016-12-27",39.5,40.080002,39.43,39.720001,2660100,39.720001
"2016-12-28",39.759998,40.029999,39.529999,39.57,3292400,39.57
"2016-12-29",39.540001,40.169998,39.540001,39.959999,3708000,39.959999
"2016-12-30",39.959999,40.07,39.34,39.470001,5012100,39.470001
"2017-01-03",40.290001,40.98,40,40.25,8247400,40.25
"2017-01-04",40.349998,41.029999,40.044998,41,6806400,41
"2017-01-05",41.43,41.720001,41.040001,41.060001,6432000,41.060001
"2017-01-06",41.240002,41.639999,40.790001,41.450001,5586400,41.450001
"2017-01-09",41.490002,41.509998,41.110001,41.400002,3943900,41.400002
"2017-01-10",41.400002,41.549999,41.07,41.080002,4174900,41.080002
"2017-01-11",41.23,41.380001,40.834999,41.279999,4425300,41.279999
"2017-01-12",41.279999,41.605,40.919998,41.560001,3840500,41.560001
"2017-01-13",41.650002,41.84,41.529999,41.599998,3917700,41.599998
"2017-01-17",41.599998,41.709999,41.200001,41.27,5932900,41.27
"2017-01-18",41.41,41.490002,41.110001,41.349998,4706000,41.349998
"2017-01-19",41.25,41.68,41.029999,41.27,4717600,41.27
"2017-01-20",41.389999,41.720001,41.299999,41.689999,6868500,41.689999
"2017-01-23",41.860001,42.110001,41.25,41.619999,8497100,41.619999
"2017-01-24",41.950001,42.040001,41.529999,41.959999,6106500,41.959999
"2017-01-25",42.360001,42.439999,41.66,41.709999,8604000,41.709999
"2017-01-26",42.360001,42.5,41.285,41.5,11838100,41.5
"2017-01-27",41,41.200001,39.919998,40.27,22749200,40.27
"2017-01-30",40.169998,40.27,39.419998,39.860001,11486000,39.860001
"2017-01-31",39.700001,40.009998,39.450001,39.779999,9100100,39.779999
"2017-02-01",39.959999,40,39.110001,39.310001,8860400,39.310001
"2017-02-02",39.400002,39.84,39.02,39.580002,8736800,39.580002
"2017-02-03",39.790001,39.93,39.549999,39.59,7131100,39.59
"2017-02-06",39.639999,39.830002,39.34,39.740002,8206400,39.740002
"2017-02-07",40.009998,40.34,39.700001,40.02,7956300,40.02
"2017-02-08",40.18,40.990002,39.919998,40.880001,7399000,40.880001
"2017-02-09",40.439999,40.994999,40.299999,40.830002,6467600,40.830002
"2017-02-10",40.82,40.860001,40.560001,40.580002,6248200,40.580002
"2017-02-13",40.830002,41.299999,40.740002,41.169998,6260900,41.169998
"2017-02-14",41.18,41.630001,40.939999,41.619999,6496400,41.619999
"2017-02-15",41.689999,41.93,41.27,41.869999,7124600,41.869999
"2017-02-16",41.869999,42.310001,41.700001,42.150002,5730800,42.150002
"2017-02-17",41.919998,42.299999,41.799999,41.959999,5106000,41.959999
"2017-02-21",41.93,42.560001,41.900002,42.43,5874700,42.43
"2017-02-22",42.299999,42.529999,42.119999,42.419998,4316200,42.419998
"2017-02-23",42.369999,42.669998,42.16,42.529999,5456300,42.529999
"2017-02-24",42.110001,43.07,41.830002,43.07,6769500,43.07
"2017-02-27",42.889999,42.889999,42.349998,42.639999,5026700,42.639999
"2017-02-28",42.490002,42.490002,41.990002,42,6956800,42
"2017-03-01",42.310001,42.52,41.990002,42.43,6003800,42.43
"2017-03-02",42.400002,42.860001,42.200001,42.77,4572300,42.77
"2017-03-03",42.700001,43.040001,42.580002,43.029999,4214400,43.029999
"2017-03-06",42.98,43.029999,42.630001,42.869999,6032800,42.869999
"2017-03-07",42.799999,43.200001,42.709999,42.889999,4404700,42.889999
"2017-03-08",42.84,43.18,42.720001,42.790001,4573900,42.790001
"2017-03-09",42.66,43,42.450001,42.919998,3487900,42.919998
"2017-03-10",43.189999,43.279999,42.759998,42.990002,4636200,42.990002
"2017-03-13",42.869999,42.965,42.450001,42.59,5526900,42.59
"2017-03-14",42.509998,42.639999,41.740002,42.099998,5888000,42.099998
"2017-03-15",42.290001,42.57,41.889999,42.389999,4291800,42.389999
"2017-03-16",42.5,42.580002,42.139999,42.400002,3998600,42.400002
"2017-03-17",42.57,43.299999,42.369999,43.080002,12307900,43.080002
"2017-03-20",43.099998,43.32,42.810001,43.16,6686900,43.16
"2017-03-21",43.330002,43.400002,42.459999,42.639999,7758400,42.639999
"2017-03-22",42.595001,43.240002,42.450001,43.189999,6513300,43.189999
"2017-03-23",43.130001,43.610001,43,43.139999,7176400,43.139999
"2017-03-24",43.48,43.494999,42.935001,43.130001,5739500,43.130001
"2017-03-27",42.689999,43.200001,42.580002,43.080002,3850300,43.080002
"2017-03-28",42.869999,43.25,42.84,43.150002,4396500,43.150002
"2017-03-29",43.150002,43.299999,42.959999,43.240002,3951100,43.240002
"2017-03-30",43.150002,43.799999,43,43.540001,5691700,43.540001
"2017-03-31",43.439999,43.48,43.009998,43.02,5177500,43.02
"2017-04-03",43.200001,43.299999,42.509998,42.630001,7773000,42.630001
"2017-04-04",42.740002,42.740002,42.259998,42.720001,4681800,42.720001
"2017-04-05",42.830002,43.342999,42.740002,42.889999,5292300,42.889999
"2017-04-06",42.900002,43,42.720001,42.900002,5395400,42.900002
"2017-04-07",42.889999,43.174999,42.709999,43.040001,4861200,43.040001
"2017-04-10",43.07,43.549999,43.009998,43.049999,4579500,43.049999
"2017-04-11",42.990002,43.09,42.610001,42.689999,4856300,42.689999
"2017-04-12",42.099998,42.810001,42.060001,42.490002,5800100,42.490002
"2017-04-13",42.5,42.889999,42.32,42.549999,3631400,42.549999
"2017-04-17",42.599998,43.139999,42.599998,43.099998,3151600,43.099998
"2017-04-18",43.200001,43.200001,42.860001,43.09,3711600,43.09
"2017-04-19",43.029999,43.470001,42.900002,43.299999,4913900,43.299999
"2017-04-20",43.32,43.799999,43.259998,43.689999,4811200,43.689999
"2017-04-21",43.860001,44,43.599998,43.810001,5595700,43.810001
"2017-04-24",44.09,44.279999,43.950001,44.27,4643800,44.27
"2017-04-25",44.490002,45.009998,44.349998,44.709999,7827900,44.709999
"2017-04-26",45.040001,45.040001,44.25,44.41,9846900,44.41
"2017-04-27",47.25,48.099998,46.75,47.150002,34420200,47.150002
"2017-04-28",47.029999,47.755001,46.869999,47.720001,11642800,47.720001
"2017-05-01",47.389999,47.713001,47.32,47.540001,14537500,47.540001
"2017-05-02",47.41,49.07,47.400002,49.049999,16820800,49.049999
"2017-05-03",49.16,49.290001,48.625,49.02,11613100,49.02
"2017-05-04",48.93,49.380001,48.82,48.91,7148800,48.91
"2017-05-05",48.619999,49.439999,48.400002,49.299999,4876200,49.299999
"2017-05-08",49.43,49.450001,48.810001,49.169998,6641000,49.169998
"2017-05-09",49.060001,49.369999,48.900002,49.220001,4774000,49.220001
"2017-05-10",49.18,49.799999,49.014999,49.790001,6507700,49.790001
"2017-05-11",49.630001,49.709999,49.110001,49.700001,5547700,49.700001
"2017-05-12",49.580002,49.75,49.240002,49.369999,4933700,49.369999
"2017-05-15",49.310001,50,49.25,49.77,4705900,49.77
"2017-05-16",49.630001,50.349998,49.57,50.34,5347200,50.34
"2017-05-17",49.869999,50.099998,49.025002,49.049999,6598400,49.049999
"2017-05-18",49.029999,49.580002,48.889999,49.110001,9932100,49.110001
"2017-05-19",49.150002,49.709999,49.060001,49.389999,7813800,49.389999
"2017-05-22",49.450001,49.880001,49.349998,49.77,13144900,49.77
"2017-05-23",49.900002,50.18,49.77,50.130001,7134200,50.130001
"2017-05-24",50.23,51.080002,50.139999,51.049999,6274800,51.049999
"2017-05-25",50.77,51.130001,50.639999,50.93,4950500,50.93
"2017-05-26",51.040001,51.389999,50.889999,51.189999,4780800,51.189999
"2017-05-30",50.959999,51.279999,50.860001,51.060001,5550300,51.060001
"2017-05-31",51.130001,52.240002,50.880001,52.209999,11107200,52.209999
"2017-06-01",52.48,53.389999,52.474998,53.16,13898300,53.16
"2017-06-02",53.439999,53.639999,53.080002,53.52,9121800,53.52
"2017-06-05",53.77,54.07,53.59,53.799999,9656400,53.799999
"2017-06-06",53.75,53.799999,53.16,53.400002,6308000,53.400002
"2017-06-07",53.299999,53.939999,53.259998,53.849998,6368700,53.849998
"2017-06-08",54.029999,54.43,53.450001,54.389999,6369900,54.389999
"2017-06-09",54.650002,55.139999,52.849998,53.400002,11174100,53.400002
"2017-06-12",52.810001,52.900002,51.43,52.16,15765600,52.16
"2017-06-13",52.290001,52.485001,51.700001,52.060001,10411800,52.060001
"2017-06-14",52,52.505001,51.535,51.900002,7132500,51.900002
"2017-06-15",51.439999,52.380001,50.830002,52.290001,12401600,52.290001
"2017-06-16",52.040001,52.16,51.580002,51.84,10931000,51.84
"2017-06-19",52.279999,53,52.110001,52.93,5643900,52.93
"2017-06-20",52.84,53.23,52.43,52.52,4578700,52.52
"2017-06-21",52.990002,53.580002,52.610001,53.540001,8016500,53.540001
"2017-06-22",53.709999,53.951,52.860001,53.869999,9673000,53.869999
"2017-06-23",53.82,54.529999,53.689999,54.330002,6257300,54.330002
"2017-06-26",54.439999,55.099998,53.650002,53.740002,4890300,53.740002
"2017-06-27",53.599998,53.790001,52.639999,52.73,7706800,52.73
"2017-06-28",52.75,54.439999,52.650002,54.389999,7934300,54.389999
"2017-06-29",53.810001,54.099998,52.52,53.419998,11616200,53.419998
"2017-06-30",53.599998,54.25,53.290001,53.669998,8235000,53.669998
"2017-07-03",54.139999,54.330002,52.830002,52.869999,4831300,52.869999
"2017-07-05",53,54.75,52.939999,54.610001,9800600,54.610001
"2017-07-06",54.220001,54.351002,53.150002,53.470001,7447900,53.470001
"2017-07-07",53.700001,54.48,53.52,53.970001,4948100,53.970001
"2017-07-10",54.91,55.419998,54.700001,54.939999,10469600,54.939999
"2017-07-11",54.919998,55.200001,54.330002,54.759998,9011500,54.759998
"2017-07-12",56.599998,57.445,55.549999,56.549999,17490800,56.549999
"2017-07-13",57.299999,57.91,56.799999,57.900002,14795500,57.900002
"2017-07-14",58.139999,58.630001,56.915001,57.16,11777100,57.16
"2017-07-17",57.529999,57.599998,57.02,57.580002,5803300,57.580002
"2017-07-18",57.5,58.959999,57.310001,58.959999,9477500,58.959999
"2017-07-19",58.310001,58.619999,57.549999,58.349998,9706700,58.349998
"2017-07-20",58.75,59.380001,58.43,59.09,8057400,59.09
"2017-07-21",59,59.330002,58.59,58.669998,7545000,58.669998
"2017-07-24",58.900002,59.07,58.34,58.580002,6429300,58.580002
"2017-07-25",58.73,58.830002,58.189999,58.259998,8514000,58.259998
"2017-07-26",58.48,58.939999,57.900002,58.790001,13615600,58.790001
"2017-07-27",61,61.299999,57.692001,60.150002,22713400,60.150002
"2017-07-28",59.799999,60.709999,59.040001,59.200001,10800800,59.200001
"2017-07-31",59.369999,59.639999,58.52,58.549999,7400700,58.549999
"2017-08-01",59,59.389999,58.790001,59.34,9079100,59.34
"2017-08-02",59.669998,59.709999,58.439999,59.119999,6517300,59.119999
"2017-08-03",59.16,59.279999,58.360001,58.419998,6260000,58.419998
"2017-08-04",58.619999,58.93,58.32,58.860001,6174100,58.860001
"2017-08-07",59.18,59.639999,58.84,59.619999,5887600,59.619999
"2017-08-08",59.610001,59.880001,59.25,59.48,6001900,59.48
"2017-08-09",58.970001,59.73,58.59,59.669998,6023900,59.669998
"2017-08-10",59.240002,59.369999,57.810001,58.02,9571200,58.02
"2017-08-11",57.849998,58.25,57.580002,58.040001,6961800,58.040001
"2017-08-14",58.610001,59.276001,58.271,59.060001,7561800,59.060001
"2017-08-15",59.299999,59.98,59.23,59.689999,6483500,59.689999
"2017-08-16",59.950001,60.700001,59.599998,60.290001,5747000,60.290001
"2017-08-17",60.150002,60.279999,59.290001,59.290001,6744200,59.290001
"2017-08-18",59.360001,59.82,58.939999,59.439999,4653300,59.439999
"2017-08-21",59.330002,59.650002,58.755001,59.400002,4243200,59.400002
"2017-08-22",59.720001,61,59.439999,60.84,5835700,60.84
"2017-08-23",60.299999,60.509998,59.82,60.049999,4532000,60.049999
"2017-08-24",60.220001,60.43,59.110001,60,4045300,60
"2017-08-25",60.330002,60.580002,59.610001,59.970001,4087400,59.970001
"2017-08-28",60.310001,60.529999,59.810001,60.529999,4660600,60.529999
"2017-08-29",59.82,61.16,59.630001,61.009998,4359300,61.009998
"2017-08-30",61.049999,61.860001,60.889999,61.77,5696000,61.77
"2017-08-31",62,62.028999,61.169998,61.68,6145800,61.68
"2017-09-01",61.98,62.23,61.382999,61.459999,3440400,61.459999
"2017-09-05",61.259998,61.75,60.580002,61.27,5501200,61.27
"2017-09-06",61.740002,61.990002,60.900002,61.240002,5350900,61.240002
"2017-09-07",61.330002,62.130001,61.279999,62,5022700,62
"2017-09-08",61.939999,62,61.099998,61.130001,4942600,61.130001
"2017-09-11",61.73,63.259998,61.619999,62.639999,8266300,62.639999
"2017-09-12",62.950001,63.119999,62.150002,62.560001,6276600,62.560001
"2017-09-13",62.470001,62.75,61.580002,62.040001,6380900,62.040001
"2017-09-14",62.040001,62.369999,61.709999,62.240002,5697800,62.240002
"2017-09-15",62.27,62.799999,61.959999,62.5,9940900,62.5
"2017-09-18",62.619999,63.529999,62.52,62.919998,7688000,62.919998
"2017-09-19",63.009998,63.924999,62.959999,63.830002,7774000,63.830002
"2017-09-20",63.990002,64.870003,63.830002,64.739998,11903600,64.739998
"2017-09-21",64.669998,64.949997,63.904999,64.629997,6727300,64.629997
"2017-09-22",64.330002,65.239998,64.110001,65.080002,6743800,65.080002
"2017-09-25",65,65,62.365002,63.5,13156900,63.5
"2017-09-26",63.709999,63.762001,62.84,62.939999,8551900,62.939999
"2017-09-27",63.41,63.75,63.16,63.330002,7380700,63.330002
"2017-09-28",63.619999,64.055,63.110001,63.93,4148000,63.93
"2017-09-29",63.860001,64.169998,63.5,64.029999,6891300,64.029999
"2017-10-02",64.5,65.120003,64.099998,64.18,5163300,64.18
"2017-10-03",64.510002,64.510002,63.761002,64.220001,5633100,64.220001
"2017-10-04",64.300003,64.300003,63.689999,64.010002,4438800,64.010002
"2017-10-05",64.379997,66,64.220001,65.82,7445700,65.82
"2017-10-06",66,66.410004,65.790001,66.050003,6122000,66.050003
"2017-10-09",66.199997,66.550003,65.900002,66.230003,5517900,66.230003
"2017-10-10",66.599998,66.669998,65.790001,66.040001,5831800,66.040001
"2017-10-11",67.25,68.419998,66.980003,67.779999,12005600,67.779999
"2017-10-12",68.019997,68.980003,67.805,68.860001,8888300,68.860001
"2017-10-13",69.489998,69.610001,68,68.660004,8640700,68.660004
"2017-10-16",69.040001,69.199997,67.279999,67.309998,9581800,67.309998
"2017-10-17",67.650002,67.669998,66.349998,66.669998,10844000,66.669998
"2017-10-18",67.400002,67.5,67,67.260002,7994300,67.260002
"2017-10-19",67.300003,67.449997,66.160004,67.25,14546400,67.25
"2017-10-20",71.330002,71.730003,69.690002,70.970001,34282800,70.970001
"2017-10-23",71.019997,71.330002,69.550003,69.800003,12232500,69.800003
"2017-10-24",69.730003,70.565002,69.669998,70.209999,12280400,70.209999
"2017-10-25",69.940002,71.419998,69.849998,71.019997,12755800,71.019997
"2017-10-26",71.459999,72.07,71.040001,71.339996,8015100,71.339996
"2017-10-27",71.720001,71.790001,70.580002,71.059998,9256600,71.059998
"2017-10-30",71.449997,71.540001,70.529999,71.150002,7216000,71.150002
"2017-10-31",71.339996,72.739998,71.110001,72.559998,7555300,72.559998
"2017-11-01",72.779999,72.989998,71.690002,72.379997,6655600,72.379997
"2017-11-02",72.459999,72.776001,72.010002,72.25,4535600,72.25
"2017-11-03",72.370003,73.410004,71.940002,73.389999,6726400,73.389999
"2017-11-06",73.720001,74.760002,73.419998,74.739998,10156300,74.739998
"2017-11-07",75.169998,75.449997,74.190002,74.410004,7026600,74.410004
"2017-11-08",74,75,73.309998,74.769997,7593100,74.769997
"2017-11-09",74.019997,74.199997,72.410004,74.099998,8875500,74.099998
"2017-11-10",73.769997,74.139999,73.559998,73.989998,5714600,73.989998
"2017-11-13",73.610001,74.290001,73.339996,74.029999,5843600,74.029999
"2017-11-14",74.099998,74.82,73.620003,74.489998,6281500,74.489998
"2017-11-15",74.300003,74.400002,73.184998,73.43,6232500,73.43
"2017-11-16",75.5,77.940002,75.279999,77.699997,12856500,77.699997
"2017-11-17",78.010002,78.010002,75.800003,76.379997,11886700,76.379997
"2017-11-20",76.599998,77.32,75.879997,76.010002,6841800,76.010002
"2017-11-21",77.089996,78.43,76.849998,77.769997,10603100,77.769997
"2017-11-22",77.900002,77.989998,76.620003,77.57,8073500,77.57
"2017-11-24",77.809998,78.900002,77.699997,78.57,4306600,78.57
"2017-11-27",78.629997,79.385002,77.709999,77.839996,6780900,77.839996
"2017-11-28",77.949997,78.230003,77.244003,77.790001,8741500,77.790001
"2017-11-29",77.949997,77.980003,71.669998,73.25,25202100,73.25
"2017-11-30",73.769997,75.870003,73.540001,75.730003,15962000,75.730003
"2017-12-01",75.220001,76.440002,74.260002,75.300003,13387800,75.300003
"2017-12-04",75.589996,75.744003,68.610001,70.970001,26283600,70.970001
"2017-12-05",69.809998,72.75,69.610001,71.199997,16634000,71.199997
"2017-12-06",70.889999,73.199997,70.830002,73.139999,9331400,73.139999
"2017-12-07",73.25,74.069,73.25,73.690002,7937700,73.690002
"2017-12-08",74.709999,74.709999,72.599998,72.910004,8350400,72.910004
"2017-12-11",72.959999,73.68,72.559998,73.290001,6421900,73.290001
"2017-12-12",73.449997,74.309998,73,73.620003,6573500,73.620003
"2017-12-13",74.080002,75.419998,73.769997,74.089996,7196400,74.089996
"2017-12-14",74.5,75.529999,74.199997,74.260002,7519600,74.260002
"2017-12-15",74.82,75.870003,73.510002,75.650002,12543900,75.650002
"2017-12-18",76.300003,76.349998,75.199997,75.32,8361100,75.32
"2017-12-19",75.389999,75.389999,73.910004,74.5,7753100,74.5
"2017-12-20",74.639999,74.900002,73.760002,74,6121300,74
"2017-12-21",74.190002,74.470001,73.800003,74.019997,4763900,74.019997
"2017-12-22",73.800003,74.040001,72.900002,73.889999,3895000,73.889999
"2017-12-26",73.290001,74.339996,72.629997,74.269997,4919100,74.269997
"2017-12-27",74.25,74.93,74,74.589996,4461500,74.589996
"2017-12-28",74.959999,75,73.860001,74.169998,3810200,74.169998
"2017-12-29",73.919998,74.529999,73.580002,73.620003,4496600,73.620003
