"dates","SYF.Open","SYF.High","SYF.Low","SYF.Close","SYF.Volume","SYF.Adjusted"
"2014-07-31",23,24,22.6,23,56477500,20.452145
"2014-08-01",22.9,23,22.67,23,6458900,20.452145
"2014-08-04",23.1,23.129999,22.9,23,3455900,20.452145
"2014-08-05",22.99,23.01,22.67,23,4450200,20.452145
"2014-08-06",22.799999,22.98,22.67,22.98,6993400,20.434361
"2014-08-07",22.889999,23,22.799999,22.93,3186900,20.389904
"2014-08-08",22.93,23.030001,22.799999,22.950001,2855000,20.407688
"2014-08-11",22.9,22.93,22.799999,22.93,1767500,20.389904
"2014-08-12",22.889999,23,22.83,23,1549700,20.452145
"2014-08-13",23,23.23,22.879999,23.18,1659100,20.612209
"2014-08-14",23.200001,23.219999,22.950001,23.01,1391700,20.461042
"2014-08-15",23.02,23.08,23,23,1948100,20.452145
"2014-08-18",23.059999,23.17,23.02,23.17,1073700,20.603319
"2014-08-19",23.200001,24.434999,23.200001,24.41,2851800,21.705956
"2014-08-20",24.299999,25.59,24.26,25.190001,3544500,22.399549
"2014-08-21",25.469999,25.52,24.92,25.389999,2358000,22.577389
"2014-08-22",25.25,25.43,25.1,25.360001,891600,22.550716
"2014-08-25",25.370001,25.4,24.879999,25.120001,1185400,22.337303
"2014-08-26",25,25.1,24.940001,25.049999,951000,22.275055
"2014-08-27",25,25.540001,24.950001,25.469999,1230600,22.648527
"2014-08-28",25.4,25.84,25.309999,25.690001,981700,22.844158
"2014-08-29",25.809999,25.940001,25.450001,25.790001,981200,22.933083
"2014-09-02",25.700001,25.9,25.52,25.790001,1873200,22.933083
"2014-09-03",25.99,25.997,25.629999,25.790001,996500,22.933083
"2014-09-04",25.530001,25.75,25.51,25.700001,1117500,22.853052
"2014-09-05",25.700001,26.02,25.620001,25.77,1089800,22.915297
"2014-09-08",25.82,25.98,24.620001,24.84,2534800,22.088322
"2014-09-09",25.299999,25.6,24.700001,25.040001,3608600,22.266165
"2014-09-10",25.190001,25.305,24.690001,24.700001,1974600,21.963827
"2014-09-11",24.75,25.02,24.629999,24.65,2029100,21.919371
"2014-09-12",24.530001,24.75,24.440001,24.5,1106800,21.78598
"2014-09-15",24.35,24.379999,23.92,24.15,1125600,21.474756
"2014-09-16",24.24,24.360001,23.879999,24.309999,1512100,21.617033
"2014-09-17",24.450001,24.690001,24.360001,24.549999,940400,21.830446
"2014-09-18",24.57,24.84,24.559999,24.67,879100,21.937155
"2014-09-19",24.85,25.49,24.709999,25.41,5257900,22.595177
"2014-09-22",25.280001,25.360001,24.75,24.84,737000,22.088322
"2014-09-23",24.66,24.700001,24.18,24.58,940000,21.857121
"2014-09-24",24.73,25,24.674999,24.92,964600,22.159452
"2014-09-25",24.98,24.98,24.610001,24.629999,1350800,21.901583
"2014-09-26",24.610001,24.799999,24.34,24.77,1252800,22.026075
"2014-09-29",24.57,24.775,24.34,24.700001,1482000,21.963827
"2014-09-30",24.870001,25.120001,24.209999,24.549999,8795100,21.830446
"2014-10-01",24.440001,24.59,24.18,24.219999,1196600,21.536997
"2014-10-02",24.35,24.690001,23.76,24.58,1253000,21.857121
"2014-10-03",24.780001,25.09,24.41,24.83,1737500,22.079428
"2014-10-06",24.860001,25.105,24.75,25,1057100,22.230595
"2014-10-07",24.940001,24.966999,24.549999,24.85,803600,22.097214
"2014-10-08",24.809999,25.02,24.700001,25.02,1074500,22.248379
"2014-10-09",25.02,25.059999,24.43,24.549999,2536300,21.830446
"2014-10-10",24.5,24.719999,24.139999,24.200001,1561700,21.519218
"2014-10-13",24.26,24.77,24.200001,24.459999,1726100,21.750412
"2014-10-14",24.629999,24.950001,24.58,24.85,1036400,22.097214
"2014-10-15",24.74,24.969999,24.030001,24.52,1529300,21.803766
"2014-10-16",24.200001,24.799999,24.129999,24.6,1889000,21.874907
"2014-10-17",24.719999,25.1,24.65,24.780001,981700,22.034969
"2014-10-20",24.75,24.855,24.4,24.709999,938300,21.972723
"2014-10-21",24.77,25.26,24.709999,25.17,1699700,22.381762
"2014-10-22",25.25,25.450001,25.15,25.379999,1546100,22.568501
"2014-10-23",25.469999,25.91,25.440001,25.809999,970100,22.950863
"2014-10-24",25.75,26.360001,25.75,26.110001,1223100,23.217632
"2014-10-27",26.08,26.794001,26.02,26.530001,1011400,23.591105
"2014-10-28",26.73,27.103001,26.603001,26.85,1002300,23.875658
"2014-10-29",26.809999,27.08,26.67,27,730100,24.009045
"2014-10-30",27.08,27.448,26.51,26.790001,1039100,23.822304
"2014-10-31",27.049999,27.110001,26.85,27.02,934600,24.026829
"2014-11-03",27.08,27.76,26.85,27.34,983700,24.311377
"2014-11-04",27.299999,27.450001,26.25,27.01,999300,24.017937
"2014-11-05",27.190001,27.5,26.701,27.469999,587300,24.426977
"2014-11-06",27.51,27.77,27.27,27.58,993100,24.524797
"2014-11-07",27.719999,28.17,27.25,28.15,1165800,25.031652
"2014-11-10",28.23,28.870001,28,28.77,1474200,25.58297
"2014-11-11",28.799999,29.26,28.700001,29.110001,1643700,25.885305
"2014-11-12",29,29.16,28.641001,29.030001,1033700,25.814163
"2014-11-13",29.01,29.23,28.82,28.99,1656800,25.778597
"2014-11-14",28.92,29.559999,28.85,29.049999,1912000,25.831953
"2014-11-17",29.049999,29.25,28.83,29.129999,1010300,25.903086
"2014-11-18",29.209999,29.43,28.785,28.950001,948900,25.743031
"2014-11-19",28.99,29,28.65,28.940001,2141800,25.734144
"2014-11-20",28.959999,29.35,28.91,29.24,1300600,26.000904
"2014-11-21",29.299999,29.4,29.01,29.17,1003900,25.93866
"2014-11-24",29.27,29.41,28.85,28.969999,1177500,25.760813
"2014-11-25",28.93,29.32,28.030001,28.66,5938500,25.485155
"2014-11-26",28.83,29.08,28.74,28.799999,1327400,25.609644
"2014-11-28",28.75,29.030001,28.75,29.01,425200,25.796383
"2014-12-01",29,29.129999,28.73,28.879999,1020800,25.680786
"2014-12-02",28.940001,29.305,28.886999,29.049999,1091200,25.831953
"2014-12-03",29.120001,29.139999,28.9,29,730200,25.787491
"2014-12-04",29.01,29.34,28.91,29.15,829000,25.920872
"2014-12-05",29.280001,29.290001,28.93,29.25,818700,26.009794
"2014-12-08",29.290001,29.84,29.02,29.51,1644100,26.240995
"2014-12-09",29.530001,29.635,29.198,29.52,1085700,26.249893
"2014-12-10",29.549999,29.9,29.5,29.65,760000,26.365488
"2014-12-11",29.67,30,29.431999,29.52,1057900,26.249893
"2014-12-12",29.33,29.48,28.93,29,1632500,25.787491
"2014-12-15",29.15,29.209999,28.16,28.629999,1310500,25.458473
"2014-12-16",28.6,28.66,28.15,28.440001,2238500,25.289526
"2014-12-17",28.52,28.99,28.32,28.9,1311900,25.698568
"2014-12-18",29.379999,29.879999,28.940001,29.75,1015700,26.454411
"2014-12-19",29.82,30.049999,29.790001,30,1337500,26.676714
"2014-12-22",29.610001,29.969999,29.504999,29.85,770300,26.543329
"2014-12-23",30.040001,30.299999,29.719999,30,504100,26.676714
"2014-12-24",30.110001,30.17,29.969999,30.110001,78600,26.77453
"2014-12-26",30.17,30.620001,30.066,30.5,426500,27.121328
"2014-12-29",30.450001,30.639999,30.27,30.459999,296100,27.085758
"2014-12-30",30.49,30.5,29.889999,30,517800,26.676714
"2014-12-31",30.110001,30.129999,29.68,29.75,430000,26.454411
"2015-01-02",29.790001,29.799999,29.35,29.48,580000,26.214315
"2015-01-05",29.379999,29.620001,28.68,29.25,1593900,26.009794
"2015-01-06",29.4,29.43,28.450001,28.85,2198300,25.654104
"2015-01-07",29.52,29.68,28.91,29.200001,1365100,25.965332
"2015-01-08",29.530001,30.1,29.49,29.98,835000,26.658928
"2015-01-09",30.07,30.07,29.49,29.700001,477600,26.409948
"2015-01-12",29.76,29.799999,29.530001,29.530001,756800,26.258781
"2015-01-13",29.77,30,29.459999,29.709999,629700,26.418839
"2015-01-14",29.389999,29.6,29.07,29.15,866800,25.920872
"2015-01-15",29.190001,29.25,27.92,28.52,1093700,25.360664
"2015-01-16",28.34,29.049999,28.205999,28.99,425200,25.778597
"2015-01-20",28.99,29.195,28.610001,29.1,958200,25.876411
"2015-01-21",29.1,29.290001,28.969999,29.18,863700,25.947554
"2015-01-22",29.219999,29.5,28.43,29.049999,2514800,25.831953
"2015-01-23",30,32,29,30.969999,3170800,27.539259
"2015-01-26",30.799999,31.459999,30.719999,31.33,3123200,27.859381
"2015-01-27",31.190001,31.5,30.889999,31.32,1401800,27.850491
"2015-01-28",31.76,31.76,31.1,31.25,1038100,27.788244
"2015-01-29",31.219999,31.49,31,31.23,1383400,27.77046
"2015-01-30",31.110001,31.33,30.77,30.860001,1255100,27.441446
"2015-02-02",30.84,31.190001,30.690001,31.16,758800,27.708212
"2015-02-03",31.299999,31.5,30.959999,31.129999,919900,27.681538
"2015-02-04",31.110001,31.379999,30.98,31.25,1276200,27.788244
"2015-02-05",31.27,32.080002,31.129999,32,1114100,28.455162
"2015-02-06",32.07,32.68,31.965,32.139999,1115900,28.579653
"2015-02-09",32.119999,32.404999,32.009998,32.400002,1118100,28.810848
"2015-02-10",32.619999,33.130001,32.369999,33.110001,2354000,29.442202
"2015-02-11",33.25,33.610001,33.009998,33.549999,2110800,29.833462
"2015-02-12",33.740002,33.959999,33.529999,33.610001,2334600,29.886812
"2015-02-13",33.389999,33.57,32.619999,32.799999,1234700,29.16654
"2015-02-17",32.799999,32.810001,31.85,31.92,1728000,28.384024
"2015-02-18",31.799999,32.200001,31.75,31.91,1054500,28.375134
"2015-02-19",31.940001,32.080002,31.790001,31.879999,556200,28.34845
"2015-02-20",31.959999,32.77,31.674999,32.59,2082300,28.979803
"2015-02-23",32.560001,32.710999,32.25,32.619999,868700,29.006479
"2015-02-24",32.459999,33,31.91,32.360001,1028800,28.775282
"2015-02-25",32.330002,32.59,32.099998,32.290001,672500,28.71303
"2015-02-26",32.529999,32.709999,32.360001,32.450001,356800,28.855312
"2015-02-27",32.369999,32.549999,31.93,31.950001,553100,28.410698
"2015-03-02",31.950001,32.040001,31.221001,31.959999,785700,28.419586
"2015-03-03",32.16,32.25,31.85,32.139999,484600,28.579653
"2015-03-04",32.049999,32.049999,31.82,31.889999,439600,28.357346
"2015-03-05",31.98,32.470001,31.780001,31.959999,486000,28.419586
"2015-03-06",31.940001,32,31.190001,31.200001,694100,27.74378
"2015-03-09",31.34,32.154999,31.25,31.98,776300,28.437376
"2015-03-10",31.799999,31.93,31.084999,31.1,912300,27.654861
"2015-03-11",31.25,31.719999,31.110001,31.549999,588900,28.055008
"2015-03-12",31.780001,32.02,31.559999,31.889999,503200,28.357346
"2015-03-13",31.870001,31.940001,31.26,31.82,889900,28.295103
"2015-03-16",32,32,31.790001,31.950001,628200,28.410698
"2015-03-17",31.68,32.439999,31.58,32.23,818500,28.659681
"2015-03-18",32.209999,32.209999,31.629999,31.92,630600,28.384024
"2015-03-19",31.92,32.400002,31.84,32.369999,657000,28.784174
"2015-03-20",32.5,32.884998,32.209999,32.25,1497200,28.677467
"2015-03-23",32.189999,32.529999,31.77,31.780001,653900,28.259531
"2015-03-24",31.780001,31.92,31.5,31.65,723600,28.143932
"2015-03-25",31.379999,31.51,30.83,30.92,1175400,27.494802
"2015-03-26",31.01,31.030001,30.370001,30.610001,887900,27.219141
"2015-03-27",30.74,30.74,29.93,30.059999,960600,26.730068
"2015-03-30",30.16,30.41,30.059999,30.290001,577200,26.934591
"2015-03-31",30.24,30.49,29.969999,30.35,1384200,26.987942
"2015-04-01",30.129999,30.690001,29.91,30.41,1138700,27.041298
"2015-04-02",30.4,30.709999,30.24,30.610001,841400,27.219141
"2015-04-06",30.5,30.83,29.690001,29.84,1070800,26.534433
"2015-04-07",30.129999,30.719999,29.5,29.76,1467400,26.463301
"2015-04-08",29.799999,30.15,29.728001,29.969999,734300,26.650038
"2015-04-09",30.02,30.35,29.9,30.139999,839500,26.801205
"2015-04-10",30.24,30.75,30.15,30.59,1287800,27.201355
"2015-04-13",30.51,30.805,30.4,30.639999,1199500,27.245819
"2015-04-14",30.67,30.84,30.51,30.52,806500,27.139116
"2015-04-15",30.51,30.809999,30.48,30.68,389900,27.281385
"2015-04-16",30.700001,30.940001,30.299999,30.77,1208000,27.361418
"2015-04-17",31,31,30.219999,30.52,1362500,27.139116
"2015-04-20",31.1,31.280001,30.6,30.9,2179500,27.477013
"2015-04-21",30.98,31.35,30.9,31.200001,1879800,27.74378
"2015-04-22",31.799999,32.040001,31.02,31.040001,2040200,27.601507
"2015-04-23",31.52,31.549999,30.83,30.959999,1391300,27.530367
"2015-04-24",30.93,31.120001,30.629999,30.82,661700,27.40588
"2015-04-27",30.83,31.01,30.559999,30.620001,625500,27.228031
"2015-04-28",30.809999,30.879999,30.5,30.66,567400,27.263599
"2015-04-29",30.57,31.059999,30.27,30.74,1600200,27.334742
"2015-04-30",30.709999,31.4,30.639999,31.15,1228600,27.699322
"2015-05-01",31.389999,31.549999,31.245001,31.52,594800,28.028336
"2015-05-04",31.549999,31.719999,31.450001,31.709999,610000,28.197285
"2015-05-05",31.9,32.25,31.74,31.940001,1271600,28.401806
"2015-05-06",32.169998,32.23,31.780001,32.09,943300,28.535196
"2015-05-07",32.060001,32.66,31.809999,32.650002,1095500,29.033161
"2015-05-08",32.73,33.209999,32.639999,33.200001,935900,29.52223
"2015-05-11",33.169998,33.310001,32.785,32.889999,549200,29.246572
"2015-05-12",32.34,33.34,32.040001,33.119999,2022500,29.451088
"2015-05-13",33.119999,33.419998,32.740002,32.900002,1075800,29.255466
"2015-05-14",32.98,33.130001,32.369999,32.77,1449000,29.139862
"2015-05-15",32.860001,32.904999,31.764999,31.809999,1300100,28.286207
"2015-05-18",31.82,31.870001,31.5,31.84,796500,28.312887
"2015-05-19",31.84,32.060001,31.799999,32.060001,743100,28.508516
"2015-05-20",32.189999,32.759998,31.986,32.650002,634500,29.033161
"2015-05-21",32.59,32.779999,32.389999,32.470001,430400,28.873095
"2015-05-22",32.41,32.700001,32.169998,32.5,360600,28.899778
"2015-05-26",32.459999,32.5,31.870001,32.119999,565500,28.561869
"2015-05-27",32.130001,32.599998,32.099998,32.459999,346100,28.864208
"2015-05-28",32.330002,32.66,32.25,32.529999,355800,28.926453
"2015-05-29",32.560001,32.59,32.125,32.290001,850000,28.71303
"2015-06-01",32.360001,32.619999,31.9,32.41,483000,28.819742
"2015-06-02",32.279999,32.77,32.259998,32.650002,466700,29.033161
"2015-06-03",32.689999,33.619999,32.509998,33.18,1834900,29.504442
"2015-06-04",33.040001,33.110001,32.674999,32.75,793000,29.122078
"2015-06-05",32.849998,32.889999,32.509998,32.799999,319000,29.16654
"2015-06-08",32.790001,32.799999,32.584999,32.650002,482200,29.033161
"2015-06-09",32.619999,32.919998,32.5,32.860001,699900,29.219894
"2015-06-10",32.970001,33.34,32.82,33.299999,731200,29.611149
"2015-06-11",33.290001,33.880001,33.16,33.220001,1152200,29.540012
"2015-06-12",33.169998,33.400002,32.860001,33.119999,489000,29.451088
"2015-06-15",32.919998,33.139999,32.529999,32.970001,1670500,29.317713
"2015-06-16",33,33.16,32.445,32.5,632000,28.899778
"2015-06-17",32.599998,32.990002,32.439999,32.75,497600,29.122078
"2015-06-18",32.799999,33.139999,32.689999,32.82,590500,29.184322
"2015-06-19",32.91,32.970001,32.689999,32.919998,492100,29.273247
"2015-06-22",33.029999,33.25,32.77,32.91,459000,29.264351
"2015-06-23",32.990002,33.279999,32.91,32.990002,664600,29.335491
"2015-06-24",32.990002,33.205002,32.709999,32.759998,521700,29.130968
"2015-06-25",32.860001,32.860001,32.43,32.810001,705700,29.175432
"2015-06-26",32.880001,33.16,32.5,32.700001,2129400,29.077618
"2015-06-29",32.419998,32.560001,32.169998,32.23,738700,28.659681
"2015-06-30",32.560001,33.044998,32.374001,32.93,905600,29.282141
"2015-07-01",33.099998,33.330002,32.830002,33.32,570100,29.628939
"2015-07-02",33.369999,33.380001,32.950001,33.139999,490000,29.468872
"2015-07-06",32.91,32.91,32.32,32.5,1133400,28.899778
"2015-07-07",32.610001,32.790001,32.169998,32.5,1575200,28.899778
"2015-07-08",32.439999,32.459999,31.945,32.009998,621500,28.46405
"2015-07-09",32.560001,32.970001,32.380001,32.599998,811700,28.988697
"2015-07-10",32.900002,33.380001,32.720001,33.07,727200,29.40663
"2015-07-13",33.330002,33.5,32.939999,33.349998,1054600,29.655611
"2015-07-14",33.380001,33.93,33.25,33.77,999800,30.029078
"2015-07-15",33.900002,34.365002,33.630001,34.139999,831000,30.358099
"2015-07-16",34.259998,34.459999,34.07,34.130001,636200,30.349205
"2015-07-17",34.5,35.73,34.189999,35.080002,1234000,31.19397
"2015-07-20",35.299999,36.209999,35.299999,35.990002,1192800,32.00317
"2015-07-21",36.02,36.400002,35.566002,35.610001,822100,31.665264
"2015-07-22",35.580002,35.880001,35.07,35.68,784600,31.727501
"2015-07-23",35.84,36.07,35.43,35.630001,507300,31.683046
"2015-07-24",35.529999,35.669998,34.630001,34.68,831300,30.838284
"2015-07-27",34.619999,34.900002,34.27,34.619999,487500,30.784925
"2015-07-28",34.75,34.889999,33.98,34.23,1762100,30.438135
"2015-07-29",34.27,34.709999,34.195999,34.48,1141700,30.660437
"2015-07-30",34.580002,34.810001,34.200001,34.599998,989100,30.767138
"2015-07-31",34.610001,34.759998,34.349998,34.360001,941800,30.553728
"2015-08-03",34.43,34.540001,34.16,34.360001,569100,30.553728
"2015-08-04",34.369999,34.799999,34.299999,34.41,1227500,30.598192
"2015-08-05",34.599998,34.779999,34.25,34.560001,919700,30.731577
"2015-08-06",34.779999,34.82,34.029999,34.130001,631600,30.349205
"2015-08-07",34.060001,34.209999,33.435001,33.98,646500,30.215826
"2015-08-10",34.119999,34.639999,34.029999,34.619999,504500,30.784925
"2015-08-11",34.59,34.68,34.119999,34.669998,942900,30.829397
"2015-08-12",34.669998,35,34.259998,34.959999,1265500,31.087255
"2015-08-13",34.959999,35.349998,34.720001,35.16,796800,31.265108
"2015-08-14",35.5,35.5,34.790001,35.139999,529500,31.247326
"2015-08-17",34.860001,35.349998,34.5,35.32,505700,31.407385
"2015-08-18",35.27,35.459999,34.98,35.139999,567200,31.247326
"2015-08-19",34.880001,35.27,34.43,34.959999,669100,31.087255
"2015-08-20",34.619999,34.685001,34.16,34.360001,1342300,30.553728
"2015-08-21",33.900002,34.18,33.605,33.720001,2185400,29.984629
"2015-08-24",32.220001,33.66,30.27,33.150002,3017000,29.477777
"2015-08-25",33.73,33.970001,32.610001,32.990002,2338100,29.335491
"2015-08-26",33.450001,33.450001,32.23,32.669998,2290500,29.050943
"2015-08-27",32.990002,32.990002,31.82,32.330002,2728200,28.748606
"2015-08-28",32.110001,32.77,31.92,32.650002,1804000,29.033161
"2015-08-31",32.759998,33.259998,32.470001,32.950001,1573200,29.299932
"2015-09-01",32.540001,32.700001,31.59,31.709999,2032900,28.197285
"2015-09-02",31.889999,32.251999,31.33,31.790001,1138200,28.268425
"2015-09-03",32.09,32.348999,31.848,32.189999,920300,28.624113
"2015-09-04",31.73,32.099998,31.34,31.6,1590400,28.09947
"2015-09-08",32.009998,32.380001,31.82,32.279999,1969600,28.704144
"2015-09-09",32.59,32.830002,32.029999,32.130001,4099900,28.570763
"2015-09-10",31.68,32.240002,31.370001,32.09,2324200,28.535196
"2015-09-11",31.98,32.16,30.9,31.33,2728300,27.859381
"2015-09-14",31.25,31.629999,30.82,31.17,3086700,27.71711
"2015-09-15",31.09,31.280001,30.790001,31.120001,2380400,27.672642
"2015-09-16",30.77,31.084999,30.33,30.879999,2265400,27.459234
"2015-09-17",30.809999,31.33,30.67,30.77,1058900,27.361418
"2015-09-18",30.51,30.700001,30.120001,30.559999,2047500,27.174677
"2015-09-21",30.559999,31,30.25,30.870001,1573300,27.45034
"2015-09-22",30.719999,30.82,30.200001,30.58,1376900,27.192467
"2015-09-23",30.66,31.08,30.49,31.059999,996300,27.619291
"2015-09-24",30.700001,31.110001,30.540001,30.83,1002700,27.41477
"2015-09-25",31.059999,31.200001,30.860001,31.030001,552800,27.592613
"2015-09-28",31,31.34,30.42,31.16,1128800,27.708212
"2015-09-29",31.07,31.299999,30.790001,31.040001,890900,27.601507
"2015-09-30",31.370001,31.73,30.93,31.299999,2180200,27.832705
"2015-10-01",31.309999,31.58,31.120001,31.379999,858800,27.903845
"2015-10-02",31.23,31.92,30.969999,31.82,1125400,28.295103
"2015-10-05",31.879999,33.349998,31.73,33.310001,1210200,29.620047
"2015-10-06",33.869999,33.869999,32.529999,32.799999,1247700,29.16654
"2015-10-07",33,33.099998,31.790001,32.130001,1733800,28.570763
"2015-10-08",32.119999,32.59,31.780001,32.360001,763600,28.775282
"2015-10-09",32.310001,33,32.299999,32.389999,339200,28.80196
"2015-10-12",32.27,32.689999,32.119999,32.34,376000,28.7575
"2015-10-13",32.189999,32.365002,31.82,31.82,1163500,28.295103
"2015-10-14",31.76,31.82,31.450001,31.530001,1311900,28.037228
"2015-10-15",31.190001,32.130001,30.51,31.32,9633600,27.850491
"2015-10-16",31.370001,31.370001,29.75,30.15,11814800,26.810101
"2015-10-19",30.049999,31.465,28.91,31.34,18520900,27.868273
"2015-10-20",31.76,32.900002,31.34,32.34,11089000,28.7575
"2015-10-21",32.400002,32.900002,32.02,32.459999,7452600,28.864208
"2015-10-22",32.700001,32.812,31.290001,31.83,6705900,28.303993
"2015-10-23",32.029999,32.5,31.495001,31.690001,7348400,28.179504
"2015-10-26",31.83,31.870001,30.84,31.4,7209500,27.921627
"2015-10-27",31.23,31.76,31.040001,31.73,7722400,28.215071
"2015-10-28",31.719999,31.91,31.15,31.450001,7079900,27.966089
"2015-10-29",31.18,31.4,30.674999,30.92,7730800,27.494802
"2015-10-30",30.940001,31,30.66,30.76,8618300,27.35253
"2015-11-02",30.559999,31.41,30.559999,31.33,5771600,27.859381
"2015-11-03",31.1,32.580002,31.1,32.439999,16475700,28.846422
"2015-11-04",32.240002,33.169998,31.809999,32.080002,12612400,28.526302
"2015-11-05",32,32.710999,31.639999,32.610001,10719300,28.997591
"2015-11-06",32.990002,34.599998,32.810001,33.98,15380600,30.215826
"2015-11-09",33.919998,34.189999,32.150002,32.52,18958300,28.917557
"2015-11-10",31.799999,31.98,30.93,31.08,38506400,27.637074
"2015-11-11",31.110001,31.23,30.65,30.93,42150400,27.503693
"2015-11-12",30.85,31.74,30.65,30.790001,41436500,27.3792
"2015-11-13",30.75,31.49,30.440001,30.52,31691300,27.139116
"2015-11-16",30.23,30.389999,29.92,30.290001,25446400,26.934591
"2015-11-17",30.389999,31.360001,30.299999,30.58,128981900,27.192467
"2015-11-18",30.91,31.75,30.700001,31.59,28032000,28.090574
"2015-11-19",31.610001,32.029999,31.02,31.65,29435000,28.143932
"2015-11-20",31.889999,31.889999,31.15,31.35,19894000,27.877167
"2015-11-23",31.879999,32.25,31.33,31.549999,26616000,28.055008
"2015-11-24",31.209999,31.950001,31.190001,31.34,47529200,27.868273
"2015-11-25",31.459999,31.870001,31.25,31.530001,15495500,28.037228
"2015-11-27",31.700001,31.84,31.299999,31.35,8373700,27.877167
"2015-11-30",31.57,31.940001,31.43,31.83,20246500,28.303993
"2015-12-01",32.119999,32.439999,31.860001,32.41,11681600,28.819742
"2015-12-02",32.599998,32.599998,31.75,31.84,8992400,28.312887
"2015-12-03",31.889999,32.049999,30.889999,31.09,20610900,27.645962
"2015-12-04",31.24,32.029999,31.110001,32.029999,15782100,28.48184
"2015-12-07",31.950001,32.099998,31.120001,31.35,11885500,27.877167
"2015-12-08",31.18,31.405001,30.764999,31.360001,15178000,27.886061
"2015-12-09",31.34,31.584999,30.360001,30.610001,16063100,27.219141
"2015-12-10",30.719999,31.309999,30.66,31.049999,9437100,27.610397
"2015-12-11",30.67,30.780001,29.815001,29.969999,10431600,26.650038
"2015-12-14",30.139999,30.355,29.32,29.68,15773500,26.39216
"2015-12-15",30,30.245001,29.719999,30.08,9655600,26.747854
"2015-12-16",30.4,30.68,29.940001,30.530001,8651500,27.148003
"2015-12-17",30.639999,30.75,30,30.01,8002800,26.685604
"2015-12-18",29.879999,30,29.35,29.51,15187400,26.240995
"2015-12-21",29.66,30.059999,29.549999,29.73,5809900,26.436625
"2015-12-22",29.99,30.34,29.76,30.209999,6522400,26.863449
"2015-12-23",30.4,30.559999,29.940001,30.51,4824400,27.13022
"2015-12-24",30.48,30.723,30.309999,30.6,1499000,27.210249
"2015-12-28",30.42,30.49,30.1,30.17,3811600,26.827887
"2015-12-29",30.459999,30.709999,30.334999,30.690001,3436900,27.290277
"2015-12-30",30.68,30.700001,30.43,30.43,2640800,27.05908
"2015-12-31",30.209999,30.629999,30.1,30.41,3804900,27.041298
"2016-01-04",29.98,30.01,29.379999,29.940001,8771100,26.62336
"2016-01-05",29.85,30.280001,29.450001,30.110001,7438000,26.77453
"2016-01-06",29.83,30.030001,29.48,29.9,9158200,26.587791
"2016-01-07",29.469999,29.83,29,29.120001,11194100,25.894199
"2016-01-08",29.360001,29.525,28.780001,28.84,10400000,25.645218
"2016-01-11",29,29.030001,28.299999,28.700001,11826100,25.520725
"2016-01-12",29.059999,29.190001,28.5,28.9,8363300,25.698568
"2016-01-13",29.82,29.879999,27.52,27.57,15222300,24.5159
"2016-01-14",27.6,28.280001,26.280001,28.18,20004800,25.058327
"2016-01-15",27.440001,27.719999,26.99,27.639999,14396200,24.578146
"2016-01-19",27.799999,28.155001,27.559999,28.030001,9772000,24.92494
"2016-01-20",27.34,27.91,26.82,27.620001,9686700,24.560362
"2016-01-21",27.620001,28.25,27.299999,27.73,9065900,24.658176
"2016-01-22",29.299999,29.440001,28.75,29.059999,16868400,25.840845
"2016-01-25",29.08,29.25,28.389999,28.48,9094400,25.325092
"2016-01-26",28.51,28.92,28.32,28.66,7516300,25.485155
"2016-01-27",28.549999,29.02,28.280001,28.440001,8640000,25.289526
"2016-01-28",28.5,28.85,27.59,27.99,12522100,24.889378
"2016-01-29",28.129999,28.43,27.290001,28.42,15306500,25.27174
"2016-02-01",28.43,28.6,27.93,28.469999,6804500,25.3162
"2016-02-02",28.23,28.290001,26.969999,27.01,15173400,24.017937
"2016-02-03",27.040001,27.290001,25.34,26.34,24158300,23.422155
"2016-02-04",26.26,26.559999,26,26.309999,16964900,23.395479
"2016-02-05",26.34,26.540001,25,25.23,15336200,22.435118
"2016-02-08",24.98,25.09,24.094999,24.48,16427000,21.768196
"2016-02-09",24.280001,25.32,24.08,25.08,13511600,22.301733
"2016-02-10",25.190001,25.85,24.959999,25.01,7275500,22.239489
"2016-02-11",24.290001,24.85,23.74,24.5,12026000,21.78598
"2016-02-12",24.9,25.379999,24.799999,25.370001,6712000,22.559608
"2016-02-16",25.75,26.209999,25.469999,26.139999,9707100,23.244308
"2016-02-17",26.389999,26.91,26.15,26.27,10161400,23.359909
"2016-02-18",26.23,26.73,26.045,26.620001,8378400,23.671135
"2016-02-19",26.5,26.959999,26.27,26.77,7630600,23.804523
"2016-02-22",26.77,28,26.77,27.709999,10824900,24.640394
"2016-02-23",27.709999,27.77,27.049999,27.51,11508900,24.462547
"2016-02-24",27.17,27.77,26.68,27.73,8471500,24.658176
"2016-02-25",27.700001,27.889999,27.405001,27.780001,6595900,24.702633
"2016-02-26",27.959999,28.235001,27.35,27.93,8585900,24.836025
"2016-02-29",27.85,27.931999,26.9,26.950001,10730000,23.964582
"2016-03-01",27.25,27.530001,26.780001,27.530001,11207200,24.480328
"2016-03-02",27.700001,28.370001,27.6,28.25,10265600,25.120567
"2016-03-03",28.26,28.67,28.025,28.559999,8990300,25.396231
"2016-03-04",28.74,28.99,28.370001,28.6,6100900,25.431801
"2016-03-07",28.440001,28.565001,27.909,28.52,6311600,25.360664
"2016-03-08",28.290001,28.43,27.639999,27.700001,6172900,24.6315
"2016-03-09",27.84,28.059999,27.540001,27.68,6986500,24.613716
"2016-03-10",27.799999,28.219999,27.299999,27.809999,6062300,24.729315
"2016-03-11",28.139999,28.85,28.055,28.82,8137100,25.627434
"2016-03-14",28.629999,28.75,28.225,28.450001,3516300,25.298418
"2016-03-15",28.16,28.225,27.57,27.68,7092500,24.613716
"2016-03-16",27.65,27.825001,27.41,27.620001,9234000,24.560362
"2016-03-17",27.620001,28.25,27.209999,28.1,8940500,24.987192
"2016-03-18",28.27,28.639999,28.15,28.459999,10736400,25.307308
"2016-03-21",28.4,28.9,28.33,28.790001,6588800,25.600754
"2016-03-22",28.49,28.639999,28.25,28.610001,5258700,25.440693
"2016-03-23",28.58,28.75,28.254999,28.42,4987700,25.27174
"2016-03-24",28.200001,28.549999,28.066999,28.450001,4163800,25.298418
"2016-03-28",28.51,28.531,28.209999,28.379999,3162900,25.236174
"2016-03-29",28.26,28.43,27.9,28.4,5991200,25.253954
"2016-03-30",28.540001,28.745001,28.25,28.379999,4875900,25.236174
"2016-03-31",28.379999,28.76,28.08,28.66,5304900,25.485155
"2016-04-01",28.620001,29.5,28.51,29.33,8118500,26.080933
"2016-04-04",29.24,29.360001,28.860001,28.969999,3868200,25.760813
"2016-04-05",28.610001,28.790001,28.4,28.610001,5062000,25.440693
"2016-04-06",28.49,28.700001,28.120001,28.65,4227800,25.476263
"2016-04-07",28.42,28.51,27.799999,27.969999,6413400,24.87159
"2016-04-08",27.9,28.42,27.76,28.02,6296500,24.916054
"2016-04-11",28.059999,28.41,27.860001,27.870001,5655800,24.782669
"2016-04-12",27.969999,28.26,27.85,28.16,6152800,25.040539
"2016-04-13",28.379999,28.940001,28.290001,28.92,7194700,25.716351
"2016-04-14",28.799999,29.26,28.799999,29.08,4535400,25.858627
"2016-04-15",29.290001,29.4,28.780001,28.940001,3216300,25.734144
"2016-04-18",28.809999,29.18,28.76,29.129999,2620100,25.903086
"2016-04-19",29.200001,29.870001,29.17,29.82,7751600,26.516653
"2016-04-20",29.940001,30.76,29.940001,30.67,11727100,27.272495
"2016-04-21",30.58,30.74,30.280001,30.42,6627600,27.050188
"2016-04-22",30.030001,31.190001,30.030001,30.5,9138500,27.121328
"2016-04-25",30.469999,30.889999,30.190001,30.440001,5870200,27.067976
"2016-04-26",30.59,31.200001,30.450001,31.16,7473100,27.708212
"2016-04-27",31.139999,31.139999,30.57,30.879999,7985000,27.459234
"2016-04-28",30.620001,31.23,30.5,30.969999,5919300,27.539259
"2016-04-29",30.780001,31,30.285,30.57,4897800,27.183569
"2016-05-02",30.780001,31.450001,30.690001,31.33,6897400,27.859381
"2016-05-03",30.99,31.18,30.629999,31.08,5487300,27.637074
"2016-05-04",30.76,30.860001,30.129999,30.24,6945600,26.890125
"2016-05-05",30.280001,30.43,29.790001,29.83,5835800,26.525541
"2016-05-06",29.66,30.115,29.5,30.08,6064900,26.747854
"2016-05-09",30.129999,30.334999,29.879999,29.959999,2890900,26.641144
"2016-05-10",30.07,30.700001,30.040001,30.559999,3721300,27.174677
"2016-05-11",30.360001,30.459999,29.9,29.93,7770200,26.614471
"2016-05-12",30.209999,30.23,29.32,29.42,9348800,26.160961
"2016-05-13",29.290001,29.65,28.950001,29.040001,6895200,25.823059
"2016-05-16",29.040001,29.32,28.91,28.940001,7667200,25.734144
"2016-05-17",28.790001,29.698999,28.73,29.27,6261900,26.027576
"2016-05-18",29.27,30.125,29.209999,30.110001,7386000,26.77453
"2016-05-19",29.860001,30.25,29.58,29.940001,6118500,26.62336
"2016-05-20",30.040001,30.370001,29.74,29.879999,4904800,26.570005
"2016-05-23",29.780001,30.030001,29.469999,29.83,3360400,26.525541
"2016-05-24",30,30.440001,29.969999,30.299999,4699200,26.943478
"2016-05-25",30.43,30.975,30.4,30.66,6028900,27.263599
"2016-05-26",30.639999,30.98,30.4,30.889999,5692700,27.468122
"2016-05-27",31,31.24,30.766001,31.16,5267800,27.708212
"2016-05-31",31.379999,31.379999,31.02,31.200001,5877600,27.74378
"2016-06-01",31.15,31.33,30.76,31.290001,3105600,27.823814
"2016-06-02",31.25,31.290001,30.885,31.280001,6289500,27.814924
"2016-06-03",30.92,31.190001,30.25,30.719999,5753400,27.316954
"2016-06-06",30.73,31.09,30.700001,31.030001,6480600,27.592613
"2016-06-07",31.110001,31.84,30.73,31.610001,10576600,28.108366
"2016-06-08",31.59,31.969999,31.59,31.950001,7481400,28.410698
"2016-06-09",31.719999,31.719999,31.200001,31.41,5764600,27.930523
"2016-06-10",31.09,31.15,30.629999,30.799999,5913200,27.388094
"2016-06-13",30.66,30.889999,30.4,30.440001,5938200,27.067976
"2016-06-14",29.26,29.26,25.450001,26.450001,66008700,23.519968
"2016-06-15",26.49,27.17,25.93,26.5,26797600,23.564428
"2016-06-16",26.24,26.280001,25.6,26,21833200,23.119822
"2016-06-17",25.969999,26.01,25.58,25.77,18246400,22.915297
"2016-06-20",26.02,26.030001,25.32,25.549999,18357500,22.719667
"2016-06-21",25.68,26.25,25.5,25.85,12099400,22.986433
"2016-06-22",25.809999,26.23,25.465,25.5,14686600,22.675205
"2016-06-23",25.780001,26.040001,25.5,26,10441200,23.119822
"2016-06-24",24.950001,25.469999,24.549999,24.639999,16053500,21.910473
"2016-06-27",24.299999,24.32,23.25,23.360001,14954600,20.772268
"2016-06-28",23.709999,24.049999,23.6,23.93,12055200,21.279127
"2016-06-29",24.17,24.84,24.07,24.83,8153600,22.079428
"2016-06-30",24.98,25.280001,24.450001,25.280001,10654600,22.479578
"2016-07-01",25.24,25.469999,25.09,25.35,6368800,22.541824
"2016-07-05",25.379999,25.395,25.01,25.120001,7663900,22.337303
"2016-07-06",24.85,25.459999,24.83,25.309999,6206600,22.506252
"2016-07-07",25.35,26.08,25.309999,26.02,14372000,23.137604
"2016-07-08",27.290001,27.48,27,27.309999,12653100,24.284698
"2016-07-11",27.5,27.780001,27.355,27.67,6781600,24.604824
"2016-07-12",28,28.15,27.825001,27.92,7635200,24.827122
"2016-07-13",27.950001,28.18,27.629999,28.120001,5206400,25.004974
"2016-07-14",28.59,28.66,28.09,28.299999,5896100,25.165035
"2016-07-15",28.32,28.32,27.83,28.120001,7254200,25.004974
"2016-07-18",28.5,28.700001,28.08,28.290001,5102600,25.156143
"2016-07-19",28.25,28.415001,28.1,28.25,5232100,25.120567
"2016-07-20",28.49,28.58,28,28.139999,8941800,25.022755
"2016-07-21",28.059999,28.469999,27.57,28.26,7627400,25.129463
"2016-07-22",28.610001,28.889999,27.950001,28.4,11844000,25.253954
"2016-07-25",28.309999,28.389999,27.959999,28.09,7300000,24.978296
"2016-07-26",28.129999,28.5,28,28.110001,7762300,24.996084
"2016-07-27",27.98,28.23,27.865,28.139999,5206500,25.022755
"2016-07-28",28.049999,28.190001,27.875,27.91,7416700,24.818235
"2016-07-29",27.870001,28.09,27.75,27.879999,8307500,24.791561
"2016-08-01",27.9,28.27,27.879999,27.91,7053400,24.818235
"2016-08-02",27.879999,28.059999,27.32,27.35,8237400,24.320271
"2016-08-03",27.379999,28.040001,27.34,27.870001,6342500,24.782669
"2016-08-04",27.9,28.08,27.75,27.92,4274600,24.827122
"2016-08-05",28.290001,28.43,28.145,28.219999,5337600,25.093897
"2016-08-08",28.33,28.440001,27.985001,28.040001,3884200,24.933836
"2016-08-09",28.049999,28.09,27.790001,27.879999,7132600,24.791561
"2016-08-10",27.809999,27.91,27.459999,27.65,6786400,24.702225
"2016-08-11",27.700001,27.870001,27.530001,27.610001,5082500,24.666483
"2016-08-12",27.450001,27.879999,27.280001,27.68,6822900,24.729023
"2016-08-15",27.860001,27.969999,27.705,27.74,4782100,24.782627
"2016-08-16",27.639999,27.780001,27.299999,27.299999,5086400,24.38953
"2016-08-17",27.309999,27.469999,27.225,27.379999,5611000,24.461004
"2016-08-18",27.389999,27.4,27.16,27.290001,5091300,24.380606
"2016-08-19",27.17,27.49,27.1,27.379999,4949300,24.461004
"2016-08-22",27.370001,27.379999,27.129999,27.27,3294400,24.36273
"2016-08-23",27.43,27.5,27.27,27.280001,3644700,24.371664
"2016-08-24",27.33,27.49,27.07,27.120001,4352000,24.228727
"2016-08-25",27.1,27.209999,26.91,27.01,3224400,24.130453
"2016-08-26",27.1,27.15,26.6,26.860001,7739100,23.996445
"2016-08-29",26.950001,27.290001,26.860001,27.17,3761600,24.273392
"2016-08-30",27.25,27.370001,27.055,27.299999,3362700,24.38953
"2016-08-31",27.309999,27.84,27.219999,27.83,7819300,24.863029
"2016-09-01",27.83,28.01,27.395,27.76,5099200,24.800493
"2016-09-02",27.860001,27.905001,27.58,27.799999,3544500,24.836227
"2016-09-06",27.77,27.83,27.545,27.610001,4833400,24.666483
"2016-09-07",27.48,27.84,27.35,27.809999,2803100,24.845163
"2016-09-08",27.6,27.690001,27.280001,27.34,9421800,24.425266
"2016-09-09",27.309999,27.68,26.93,26.93,6698300,24.058981
"2016-09-12",26.780001,27.49,26.68,27.41,6655000,24.487804
"2016-09-13",27.08,27.17,26.530001,26.719999,8611500,23.871367
"2016-09-14",26.719999,26.98,26.549999,26.83,6645300,23.969641
"2016-09-15",26.76,27.17,26.620001,27.049999,5053300,24.166187
"2016-09-16",26.85,26.969999,26.67,26.91,13467200,24.041115
"2016-09-19",27.030001,27.16,26.889999,27.040001,5030900,24.157251
"2016-09-20",27.209999,27.209999,26.790001,26.799999,3696300,23.942837
"2016-09-21",26.950001,27.23,26.75,27.059999,6989700,24.175123
"2016-09-22",27.16,27.559999,26.950001,27.48,6321900,24.550346
"2016-09-23",27.33,27.75,27.299999,27.389999,5886600,24.469942
"2016-09-26",27.15,27.615,27,27.299999,7150600,24.38953
"2016-09-27",27.26,27.855,27.18,27.809999,5904000,24.845163
"2016-09-28",27.809999,27.950001,27.584999,27.82,4815400,24.854095
"2016-09-29",27.77,27.889999,27.02,27.370001,5794200,24.45207
"2016-09-30",27.629999,28.115,27.49,28,7039800,25.014906
"2016-10-03",27.84,28.129999,27.51,27.58,7193600,24.639685
"2016-10-04",27.700001,27.92,27.290001,27.33,9736500,24.416332
"2016-10-05",27.4,28.02,27.290001,27.940001,8118600,24.961306
"2016-10-06",27.85,27.91,26.934999,26.99,11432300,24.112583
"2016-10-07",27.1,27.42,26.49,26.67,11058200,23.826698
"2016-10-10",26.93,26.99,26.450001,26.73,14337400,23.880302
"2016-10-11",26.73,26.860001,26.475,26.540001,7960300,23.71056
"2016-10-12",26.49,26.629999,26.42,26.51,5161800,23.68376
"2016-10-13",26.299999,26.530001,26.09,26.370001,5588500,23.558683
"2016-10-14",26.639999,26.940001,26.525,26.700001,6678400,23.853502
"2016-10-17",26.66,26.82,26.389999,26.42,5834100,23.603352
"2016-10-18",26.74,26.809999,26.549999,26.639999,6983700,23.799898
"2016-10-19",26.530001,27.110001,26.530001,27,4252100,24.121515
"2016-10-20",27.049999,27.370001,26.940001,27.129999,10757400,24.237654
"2016-10-21",27.870001,28.379999,27.639999,28.23,13331900,25.220388
"2016-10-24",28.41,29.02,28.41,28.790001,9113400,25.720682
"2016-10-25",28.73,28.889999,28.450001,28.58,5785600,25.533075
"2016-10-26",28.389999,28.865,28.295,28.700001,5130800,25.640282
"2016-10-27",28.85,29.125,28.77,28.940001,5431600,25.854694
"2016-10-28",29.030001,29.325001,28.76,29.1,7759600,25.997633
"2016-10-31",29.290001,29.290001,28.57,28.59,6857200,25.542007
"2016-11-01",28.77,29.02,28.34,28.559999,7629200,25.515202
"2016-11-02",28.549999,28.809999,28.379999,28.42,6112400,25.390129
"2016-11-03",28.48,28.48,28.08,28.129999,4990500,25.246531
"2016-11-04",28.26,28.6,28,28.219999,5915100,25.327309
"2016-11-07",28.82,29.115,28.629999,29.110001,6653400,26.126076
"2016-11-08",28.889999,29,28.4,28.700001,5314700,25.758104
"2016-11-09",28.950001,30.299999,28.84,30.219999,11493400,27.122292
"2016-11-10",30.559999,31.74,30.51,31.610001,11400100,28.369812
"2016-11-11",31.450001,32.610001,31.4,32.48,16845100,29.150631
"2016-11-14",32.77,33.810001,32.75,33.720001,12338700,30.263529
"2016-11-15",33.630001,33.630001,32.639999,33.34,10573000,29.922474
"2016-11-16",33.080002,33.240002,32.560001,32.610001,9114600,29.267305
"2016-11-17",32.830002,33.470001,32.43,33.43,10709700,30.003252
"2016-11-18",33.490002,33.689999,33.16,33.619999,7069500,30.173777
"2016-11-21",33.720001,33.849998,33.290001,33.619999,7134600,30.173777
"2016-11-22",33.84,34.330002,33.75,33.970001,8149800,30.487902
"2016-11-23",34,35.02,33.93,34.959999,11393300,31.376417
"2016-11-25",34.990002,35.02,34.650002,34.700001,3022500,31.143074
"2016-11-28",34.48,34.48,33.790001,33.900002,6247700,30.425074
"2016-11-29",34.049999,34.16,33.799999,33.799999,4282500,30.335325
"2016-11-30",34.189999,34.669998,33.98,34.560001,8560700,31.017426
"2016-12-01",34.68,35.450001,34.57,35.07,9961900,31.475136
"2016-12-02",35.049999,35.099998,34.455002,34.490002,7112600,30.954599
"2016-12-05",34.849998,35.52,34.810001,35.110001,5922700,31.511045
"2016-12-06",35.27,35.700001,34.915001,35.66,5031200,32.004665
"2016-12-07",35.23,36.27,34.98,36.18,6103300,32.471359
"2016-12-08",36.279999,36.77,36.084,36.650002,6651600,32.893188
"2016-12-09",36.540001,36.77,36.220001,36.529999,5659600,32.785492
"2016-12-12",36.450001,36.68,35.799999,35.939999,6647500,32.255966
"2016-12-13",36.130001,36.389999,35.580002,36.27,7663400,32.552132
"2016-12-14",35.970001,36.419998,35.57,35.939999,9938400,32.255966
"2016-12-15",36.259998,37.130001,35.939999,36.93,11704400,33.144485
"2016-12-16",37.09,37.099998,36.514999,36.630001,7620700,32.875237
"2016-12-19",36.57,36.959999,36.509998,36.900002,5526600,33.117558
"2016-12-20",37.060001,37.259998,36.849998,37.259998,5100600,33.440659
"2016-12-21",37.310001,37.310001,36.950001,37.099998,2778300,33.29705
"2016-12-22",37.099998,37.099998,36.669998,36.880001,3958900,33.099613
"2016-12-23",36.810001,36.970001,36.669998,36.970001,2970500,33.180386
"2016-12-27",37.130001,37.18,36.919998,37,2208400,33.207306
"2016-12-28",37.07,37.099998,36.200001,36.240002,4830700,32.525215
"2016-12-29",36.389999,36.66,35.919998,36.09,3529800,32.390594
"2016-12-30",36.130001,36.459999,36.080002,36.27,3452600,32.552132
"2017-01-03",36.75,37.169998,36.59,37.060001,6058100,33.261162
"2017-01-04",37.299999,38.055,37.145,37.93,6040100,34.041969
"2017-01-05",37.66,37.740002,36.400002,36.91,6850800,33.126534
"2017-01-06",37.09,37.48,36.880001,37.130001,5110200,33.323986
"2017-01-09",36.91,37.075001,36.52,36.900002,3955400,33.117558
"2017-01-10",37.029999,37.490002,36.724998,36.959999,5033200,33.171406
"2017-01-11",36.810001,36.810001,35.66,36.360001,11639100,32.632915
"2017-01-12",36.16,36.195,35.599998,36.130001,6484300,32.426495
"2017-01-13",36.34,36.830002,36.064999,36.32,4401200,32.597019
"2017-01-17",36.099998,36.23,35.369999,35.509998,4701300,31.870037
"2017-01-18",35.790001,35.919998,35.169998,35.900002,3943600,32.220058
"2017-01-19",35.959999,36.139999,35.560001,35.610001,6150000,31.959793
"2017-01-20",35.98,36.849998,35.849998,36.240002,8954500,32.525215
"2017-01-23",36.029999,36.490002,35.610001,35.77,6846600,32.10339
"2017-01-24",35.970001,36.369999,35.880001,36.080002,4117800,32.381615
"2017-01-25",36.389999,36.494999,35.75,35.91,6387200,32.229038
"2017-01-26",36.02,36.700001,35.880001,36.689999,7572200,32.929085
"2017-01-27",36.689999,36.790001,36.349998,36.630001,5956700,32.875237
"2017-01-30",36.450001,36.529999,36,36.470001,4665100,32.731636
"2017-01-31",36.299999,36.535,35.560001,35.82,5993100,32.148266
"2017-02-01",36.060001,36.580002,35.884998,36,5258000,32.309803
"2017-02-02",35.639999,35.810001,35.189999,35.34,5636500,31.832418
"2017-02-03",35.950001,36.735001,35.650002,36.509998,7493400,32.886295
"2017-02-06",36.25,36.549999,36.16,36.450001,4385600,32.832249
"2017-02-07",36.639999,36.779999,35.959999,36.049999,5583400,32.471947
"2017-02-08",35.880001,35.880001,35.380001,35.77,4228700,32.219738
"2017-02-09",35.77,36.595001,35.68,36.490002,4838600,32.868279
"2017-02-10",36.73,36.799999,36.150002,36.220001,5527100,32.625072
"2017-02-13",36.43,36.790001,36.32,36.650002,7151700,33.012402
"2017-02-14",36.630001,37.400002,36.540001,37.32,4626200,33.615894
"2017-02-15",37.330002,37.75,37.169998,37.279999,4296900,33.579872
"2017-02-16",37.189999,37.290001,36.549999,36.849998,3616200,33.192543
"2017-02-17",36.580002,36.759998,36.055,36.68,5917000,33.039425
"2017-02-21",37.110001,37.34,36.860001,36.860001,3842900,33.20155
"2017-02-22",36.59,37.029999,36.540001,36.779999,2658500,33.129494
"2017-02-23",36.860001,36.919998,36.279999,36.630001,3122300,32.994373
"2017-02-24",36.25,36.48,36.110001,36.48,4575000,32.859276
"2017-02-27",36.5,36.959999,35.950001,36.939999,4195900,33.273609
"2017-02-28",36.77,36.853001,35.75,36.240002,7566900,32.643097
"2017-03-01",37.18,37.415001,36.710999,36.889999,5994500,33.228577
"2017-03-02",36.880001,36.98,35.919998,35.970001,6618900,32.399895
"2017-03-03",35.900002,36.169998,35.689999,36.049999,5091900,32.471947
"2017-03-06",35.799999,35.810001,35.32,35.580002,5115900,32.048599
"2017-03-07",35.57,35.939999,35.360001,35.599998,4149400,32.066616
"2017-03-08",35.900002,36.099998,35.639999,35.709999,3679900,32.165691
"2017-03-09",35.919998,36.150002,35.68,35.849998,3208000,32.291801
"2017-03-10",36.080002,36.200001,35.779999,36.009998,4307300,32.435917
"2017-03-13",35.990002,36.169998,35.720001,36.029999,3894100,32.453934
"2017-03-14",35.75,35.98,35.645,35.919998,3579900,32.354851
"2017-03-15",36.029999,36.18,35.68,35.799999,6428700,32.246758
"2017-03-16",36.009998,36.084999,35.705002,35.830002,4818400,32.273785
"2017-03-17",35.73,35.73,34.860001,35.119999,10581400,31.634251
"2017-03-20",35.080002,35.200001,34.189999,34.200001,9393700,30.805565
"2017-03-21",34.389999,34.5,32.939999,33.02,11893000,29.742685
"2017-03-22",32.900002,33.529999,32.48,33.080002,8907100,29.796726
"2017-03-23",33.07,33.82,32.93,33.43,6455500,30.11199
"2017-03-24",33.560001,33.689999,33.029999,33.310001,4682500,30.003899
"2017-03-27",32.59,32.970001,32.240002,32.740002,8790100,29.490473
"2017-03-28",32.810001,33.900002,32.599998,33.66,6438000,30.319166
"2017-03-29",33.639999,33.93,33.549999,33.779999,4487100,30.42725
"2017-03-30",33.82,34.584999,33.779999,34.43,5122200,31.012737
"2017-03-31",34.27,34.529999,34.125,34.299999,5031400,30.895639
"2017-04-03",34.450001,34.540001,33.275002,33.759998,6171300,30.409237
"2017-04-04",33.580002,33.91,33.580002,33.73,2556000,30.382212
"2017-04-05",34.240002,34.360001,33.139999,33.259998,5021000,29.958868
"2017-04-06",33.23,33.59,32.945,33.23,10510500,29.931837
"2017-04-07",32.959999,33.419998,32.869999,33.16,3734700,29.86879
"2017-04-10",33.189999,33.465,32.814999,32.869999,6846200,29.607574
"2017-04-11",32.549999,33.118,32.25,33.049999,6759700,29.769709
"2017-04-12",32.82,33.23,32.709999,32.810001,4596100,29.553534
"2017-04-13",32.669998,32.990002,32.369999,32.369999,5266500,29.157198
"2017-04-17",32.41,33.040001,32.279999,33.02,4183900,29.742685
"2017-04-18",32.810001,33.064999,32.560001,32.849998,4971700,29.589554
"2017-04-19",33.060001,33.23,32.869999,33,3358600,29.724674
"2017-04-20",33.32,34.009998,33.27,33.849998,5408300,30.490305
"2017-04-21",33.779999,33.880001,33.259998,33.380001,4729700,30.066954
"2017-04-24",34.299999,34.349998,33.68,33.900002,4231800,30.535337
"2017-04-25",34.189999,34.330002,33.630001,33.82,6164900,30.463282
"2017-04-26",33.73,33.799999,32.650002,33.23,11545900,29.931837
"2017-04-27",33.439999,33.439999,33,33.049999,7139800,29.769709
"2017-04-28",27.5,29.08,27.24,27.799999,46376200,25.040779
"2017-05-01",27.98,28.620001,27.200001,27.940001,22971500,25.166887
"2017-05-02",27.959999,28.93,27.68,28.870001,25490600,26.004583
"2017-05-03",28.620001,29.18,28.52,28.77,14287700,25.914507
"2017-05-04",28.790001,28.98,28.540001,28.67,9812900,25.941652
"2017-05-05",28.84,29.25,28.42,28.610001,10945300,25.88736
"2017-05-08",28.58,28.700001,28.35,28.379999,8054600,25.679251
"2017-05-09",28.440001,28.530001,28.02,28.1,8665700,25.425896
"2017-05-10",28.01,28.120001,27.68,27.76,11018200,25.118252
"2017-05-11",27.67,27.68,26.6,26.93,14155000,24.367235
"2017-05-12",26.809999,26.825001,26.01,26.59,23145000,24.059593
"2017-05-15",26.77,27.395,26.52,27.110001,14541200,24.530109
"2017-05-16",27.219999,27.24,26.790001,26.84,11191800,24.285803
"2017-05-17",26.84,26.84,26.145,26.5,11761900,23.978157
"2017-05-18",26.43,26.775,26.41,26.5,7949500,23.978157
"2017-05-19",27.76,27.82,26.805,26.84,13465100,24.285803
"2017-05-22",27.01,27.030001,26.66,26.91,9221600,24.34914
"2017-05-23",27.01,27.01,26.68,26.84,6534500,24.285803
"2017-05-24",26.82,27.01,26.700001,26.799999,9157300,24.249605
"2017-05-25",26.969999,27.41,26.719999,27.23,12800800,24.638689
"2017-05-26",27.15,27.65,27.07,27.370001,11451700,24.765368
"2017-05-30",27.309999,27.459999,27.004999,27.1,9631400,24.521059
"2017-05-31",27.1,27.200001,26.34,26.85,9204200,24.294849
"2017-06-01",26.99,27.469999,26.84,27.219999,8658400,24.629639
"2017-06-02",26.98,27.67,26.98,27.4,12368500,24.792511
"2017-06-05",27.35,28.066,27.1,27.959999,10972400,25.299213
"2017-06-06",27.719999,28.445,27.51,28.290001,14205500,25.597815
"2017-06-07",28.459999,29.184999,28.415001,28.870001,16055500,26.122618
"2017-06-08",28.870001,29.24,28.629999,28.67,8540400,25.941652
"2017-06-09",28.93,28.98,28.52,28.700001,7848000,25.9688
"2017-06-12",28.709999,28.98,28.68,28.76,5666100,26.023087
"2017-06-13",28.83,29.084999,28.43,28.99,5308200,26.231199
"2017-06-14",28.799999,29.32,28.620001,29.23,10163500,26.448359
"2017-06-15",28.98,29.66,28.969999,29.469999,8638100,26.665522
"2017-06-16",29.459999,29.459999,29.07,29.33,6828300,26.538843
"2017-06-19",29.469999,29.469999,29.124001,29.42,6875200,26.620275
"2017-06-20",29.4,29.775,29.33,29.440001,5691900,26.638376
"2017-06-21",29.450001,29.790001,29.201,29.700001,7815300,26.873634
"2017-06-22",29.57,29.76,29.16,29.299999,6380500,26.511702
"2017-06-23",29.49,29.52,28.84,28.969999,7561500,26.2131
"2017-06-26",29.040001,29.719999,29.040001,29.68,7016700,26.855536
"2017-06-27",29.75,29.799999,29.42,29.440001,6395700,26.638376
"2017-06-28",29.67,30.1,29.59,29.799999,10205800,26.964117
"2017-06-29",30.25,30.540001,29.315001,29.549999,10081600,26.737904
"2017-06-30",29.780001,29.959999,29.469999,29.82,4782900,26.98221
"2017-07-03",30.059999,30.370001,29.950001,30.059999,2315300,27.199371
"2017-07-05",30.17,30.26,29.74,29.780001,4380600,26.946022
"2017-07-06",29.799999,29.799999,29.290001,29.379999,4040200,26.584082
"2017-07-07",29.540001,29.84,29.4,29.700001,3595800,26.873634
"2017-07-10",29.67,29.700001,29.084999,29.129999,5717600,26.357872
"2017-07-11",29.16,29.16,28.799999,29.1,7745400,26.330734
"2017-07-12",29.1,29.35,28.889999,29.33,3924900,26.538843
"2017-07-13",29.209999,29.705,29.209999,29.360001,4742300,26.565989
"2017-07-14",29.15,29.635,29.059999,29.48,4252700,26.674562
"2017-07-17",29.48,29.844999,29.219999,29.65,3948400,26.828386
"2017-07-18",29.43,29.565001,29.17,29.33,4653400,26.538843
"2017-07-19",29.450001,29.610001,29.24,29.51,5228500,26.701715
"2017-07-20",29.42,29.74,29.190001,29.530001,5707000,26.71981
"2017-07-21",31.49,31.9,30.120001,30.870001,11172300,27.932291
"2017-07-24",30.799999,31.120001,30.530001,30.74,5999800,27.814663
"2017-07-25",30.98,31.200001,30.709999,30.889999,5911600,27.950386
"2017-07-26",31.07,31.09,30.530001,30.57,6270400,27.660841
"2017-07-27",30.59,30.629999,30.125,30.34,6599700,27.452726
"2017-07-28",30.190001,30.27,29.84,29.940001,8419200,27.090794
"2017-07-31",30.059999,30.48,30.059999,30.32,12946000,27.434629
"2017-08-01",30.52,30.579,29.83,29.879999,8219200,27.036501
"2017-08-02",29.93,30.184999,29.780001,30.059999,6297900,27.199371
"2017-08-03",29.9,30.4,29.790001,29.91,6989300,27.199371
"2017-08-04",30.17,30.32,29.799999,29.870001,7284100,27.163002
"2017-08-07",29.879999,30.514999,29.77,30.4,5164200,27.644968
"2017-08-08",30.34,31.41,30.34,30.719999,8043200,27.935968
"2017-08-09",30.48,30.559999,30.129999,30.25,5204200,27.508558
"2017-08-10",30.07,30.09,28.93,29.32,9816200,26.662846
"2017-08-11",29.34,29.395,28.959999,29.200001,6668000,26.553717
"2017-08-14",29.5,30.200001,29.4,29.639999,5917600,26.953844
"2017-08-15",30.91,31.129999,30.379999,30.99,13489300,28.181498
"2017-08-16",31.67,31.68,30.82,30.870001,7408500,28.072376
"2017-08-17",30.870001,30.91,30.049999,30.1,7398500,27.372158
"2017-08-18",30.190001,30.360001,29.879999,30.07,5534200,27.344875
"2017-08-21",30.1,30.299999,29.950001,30.26,4640200,27.517656
"2017-08-22",30.34,30.465,30,30.34,6259800,27.590405
"2017-08-23",30.200001,30.57,30.129999,30.309999,4292300,27.563128
"2017-08-24",30.49,30.700001,30.299999,30.459999,3220900,27.699528
"2017-08-25",30.530001,30.85,30.440001,30.540001,2908000,27.772282
"2017-08-28",30.74,30.75,30.17,30.290001,3713400,27.544937
"2017-08-29",30.040001,30.200001,29.790001,30.120001,5722700,27.390345
"2017-08-30",30.1,30.76,30.049999,30.66,5629800,27.881407
"2017-08-31",30.719999,30.92,30.620001,30.790001,5132600,27.99962
"2017-09-01",30.780001,31.035,30.700001,30.92,3076500,28.117844
"2017-09-05",30.700001,30.75,29.75,29.870001,6260200,27.163002
"2017-09-06",30.049999,30.275,29.93,29.959999,5911900,27.244839
"2017-09-07",30,30,28.955,29.059999,5625200,26.426405
"2017-09-08",28.629999,28.860001,28.329,28.549999,8560000,25.962626
"2017-09-11",28.82,29.35,28.65,29.15,6050400,26.508247
"2017-09-12",29.35,29.57,29.110001,29.190001,5179800,26.544626
"2017-09-13",29.25,29.57,29.200001,29.32,7166700,26.662846
"2017-09-14",29.27,29.43,28.67,28.700001,7550300,26.099031
"2017-09-15",28.57,29.209999,28.459999,29.02,11003600,26.39003
"2017-09-18",29.110001,29.299999,28.950001,29.26,5682900,26.60828
"2017-09-19",29.290001,29.48,29.049999,29.09,5754300,26.45369
"2017-09-20",29.200001,29.266001,28.9,29,6347400,26.371845
"2017-09-21",29,29.09,28.704,28.889999,5281800,26.271809
"2017-09-22",28.860001,29.5,28.85,29.469999,6320700,26.799253
"2017-09-25",29.35,29.879999,29.309999,29.559999,6827300,26.881094
"2017-09-26",29.610001,30.040001,29.51,29.940001,3918600,27.226656
"2017-09-27",30.24,31.184999,30.18,30.940001,11194700,28.136032
"2017-09-28",30.9,31.43,30.879999,31.190001,7666600,28.363371
"2017-09-29",31.190001,31.379999,30.92,31.049999,5255600,28.236061
"2017-10-02",31.17,31.49,30.92,31.48,4478600,28.627087
"2017-10-03",31.459999,31.885,31.42,31.719999,5916600,28.845339
"2017-10-04",31.76,31.790001,31.26,31.309999,4750400,28.472492
"2017-10-05",31.32,31.665001,31.16,31.66,4838900,28.790775
"2017-10-06",31.459999,31.575001,31.190001,31.309999,4695000,28.472492
"2017-10-09",31.469999,31.690001,31.26,31.440001,2616800,28.590714
"2017-10-10",31.5,31.9,31.5,31.75,4867300,28.872625
"2017-10-11",31.719999,31.83,31.370001,31.42,3444200,28.572527
"2017-10-12",31.33,31.33,30.48,30.639999,6771800,27.863216
"2017-10-13",30.450001,31.24,30.379999,30.82,7889900,28.026907
"2017-10-16",30.99,31.620001,30.91,31.5,10557400,28.645275
"2017-10-17",31.59,31.594999,30.85,30.98,4723600,28.172405
"2017-10-18",31.120001,31.549999,30.99,31.51,6903800,28.654373
"2017-10-19",31.200001,31.870001,30.860001,31.709999,7787700,28.836245
"2017-10-20",33.41,34.080002,32.845001,33.040001,15400900,30.045713
"2017-10-23",33.259998,33.330002,32.630001,32.68,6188200,29.71834
"2017-10-24",32.759998,32.860001,32.27,32.650002,4908900,29.691063
"2017-10-25",32.380001,32.630001,32,32.380001,8934100,29.445526
"2017-10-26",32.66,32.970001,32.599998,32.869999,5219800,29.891123
"2017-10-27",32.610001,32.970001,32.43,32.939999,4059300,29.954773
"2017-10-30",32.779999,33.099998,32.509998,32.599998,3998100,29.64559
"2017-10-31",32.540001,32.82,32.43,32.619999,4589300,29.663776
"2017-11-01",32.709999,32.950001,32.544998,32.830002,2934100,29.854744
"2017-11-02",32.799999,33.240002,32.465,33.220001,6214600,30.2094
"2017-11-03",33.119999,33.369999,32.900002,33.110001,4242500,30.245939
"2017-11-06",33,33.080002,32.77,32.77,4144800,29.935354
"2017-11-07",32.82,33.02,32.27,32.360001,4561500,29.560818
"2017-11-08",32.279999,32.389999,31.790001,32.07,4130100,29.295906
"2017-11-09",31.92,32.209999,31.549999,32.09,4140300,29.314177
"2017-11-10",32.130001,32.380001,32.044998,32.07,2669700,29.295906
"2017-11-13",32.18,32.630001,32.110001,32.59,5185300,29.770924
"2017-11-14",32.369999,32.66,32.259998,32.560001,3936400,29.743517
"2017-11-15",32.080002,32.740002,31.85,32.529999,6556700,29.716114
"2017-11-16",33.52,33.860001,33.189999,33.380001,11362700,30.492592
"2017-11-17",33.400002,34.040001,33.34,33.860001,8665800,30.931065
"2017-11-20",33.860001,34.32,33.82,33.860001,8232800,30.931065
"2017-11-21",33.91,33.990002,33.310001,33.77,6838200,30.848852
"2017-11-22",33.900002,33.98,33.5,33.669998,4177300,30.757496
"2017-11-24",33.73,33.755001,33.419998,33.490002,2372300,30.593075
"2017-11-27",33.48,33.5,32.919998,33.209999,6196300,30.33729
"2017-11-28",33.220001,34.610001,33.075001,34.490002,8612100,31.506571
"2017-11-29",34.939999,35.68,34.884998,35.349998,11568600,32.292179
"2017-11-30",35.5,36.450001,35.435001,35.889999,12016600,32.785473
"2017-12-01",35.790001,36.064999,34.66,35.939999,7336500,32.831139
"2017-12-04",36.57,38.040001,36.57,37.450001,14112000,34.210522
"2017-12-05",37.599998,37.93,37.189999,37.310001,8227500,34.082634
"2017-12-06",37.099998,37.599998,37.040001,37.389999,5706000,34.155712
"2017-12-07",37.16,37.73,37.09,37.34,8103400,34.110043
"2017-12-08",37.849998,37.849998,37.165001,37.5,7833900,34.256199
"2017-12-11",37.439999,37.700001,37.290001,37.59,5916800,34.338417
"2017-12-12",37.619999,37.860001,37.360001,37.360001,7197800,34.128307
"2017-12-13",37.400002,37.540001,36.599998,36.639999,8078700,33.470589
"2017-12-14",36.860001,37.330002,36.84,36.990002,5601700,33.790318
"2017-12-15",37.27,37.599998,36.880001,37.189999,8883500,33.973015
"2017-12-18",37.790001,38.965,37.73,38.509998,8723500,35.178829
"2017-12-19",38.799999,38.849998,38.16,38.18,7137000,34.87738
"2017-12-20",38.639999,38.650002,37.919998,37.959999,3489700,34.676418
"2017-12-21",38.18,38.77,38.07,38.599998,4162700,35.261051
"2017-12-22",38.860001,38.860001,38.27,38.77,4260000,35.416348
"2017-12-26",38.700001,38.959999,38.549999,38.709999,3130500,35.361534
"2017-12-27",38.709999,38.82,38.41,38.599998,2607200,35.261051
"2017-12-28",38.799999,39.110001,38.740002,38.970001,3472700,35.599045
"2017-12-29",39.130001,39.169998,38.599998,38.610001,3506500,35.27018
