"dates","UA.Open","UA.High","UA.Low","UA.Close","UA.Volume","UA.Adjusted"
"2016-03-23",41.406097,41.406097,41.207508,41.207508,201,41.207508
"2016-03-24",40.581947,40.581947,40.581947,40.581947,100,40.581947
"2016-03-28",40.581947,40.581947,40.581947,40.581947,0,40.581947
"2016-03-29",40.581947,40.581947,40.581947,40.581947,0,40.581947
"2016-03-30",41.187649,41.703983,41.177719,41.703983,3751,41.703983
"2016-03-31",41.703983,41.703983,41.425957,41.425957,604,41.425957
"2016-04-01",40.8004,40.8004,40.8004,40.8004,100,40.8004
"2016-04-04",40.482655,41.862858,40.462795,40.462795,956,40.462795
"2016-04-05",40.214558,41.733772,40.214558,40.8004,1712,40.8004
"2016-04-06",41.058567,41.703983,40.770611,41.505394,721,41.505394
"2016-04-07",41.79335,41.833069,41.267086,41.267086,5958,41.267086
"2016-04-08",41.316734,44.037422,41.030167,43.709747,3627837,43.709747
"2016-04-11",43.332424,43.372143,40.681244,41.167789,4123776,41.167789
"2016-04-12",40.95927,41.366383,39.946461,41.356449,3638832,41.356449
"2016-04-13",41.038708,42.379192,41.038708,41.505394,4456798,41.505394
"2016-04-14",41.694054,42.557922,41.61462,41.932365,2543924,41.932365
"2016-04-15",41.525253,41.753632,40.899792,41.703983,2360721,41.703983
"2016-04-18",41.098286,42.240177,41.098286,42.121025,2559765,42.121025
"2016-04-19",42.250107,43.054398,41.952225,42.696938,1656225,42.696938
"2016-04-20",42.557922,43.26292,42.4487,42.45863,2283437,42.45863
"2016-04-21",46.023327,46.202057,43.679958,45.407696,3294175,45.407696
"2016-04-22",45.159458,45.854523,43.779255,44.742416,2415549,44.742416
"2016-04-25",44.573616,44.583546,43.799114,43.948055,2122494,43.948055
"2016-04-26",43.898411,44.573616,43.540947,43.64024,2196556,43.64024
"2016-04-27",43.878551,43.898411,41.455746,41.862858,1289967,41.862858
"2016-04-28",41.81321,42.786301,41.545113,41.594761,1456095,41.594761
"2016-04-29",41.416031,41.594761,40.184769,40.512444,1978337,40.512444
"2016-05-02",40.284061,40.532303,39.598927,39.986179,1464117,39.986179
"2016-05-03",39.142166,40.184769,39.142166,39.837234,1550133,39.837234
"2016-05-04",38.576187,38.625832,36.778942,37.126476,4548211,37.126476
"2016-05-05",37.136406,37.900978,36.81876,37.225773,1129592,37.225773
"2016-05-06",36.739223,37.086758,36.01437,36.123592,1356498,36.123592
"2016-05-09",36.054089,36.461197,35.711323,36.054089,1717732,36.054089
"2016-05-10",36.332115,37.01725,36.143452,36.292397,1291895,36.292397
"2016-05-11",35.746273,35.864334,34.559696,34.981701,1955208,34.981701
"2016-05-12",35.319302,35.408669,34.564659,34.941982,1646057,34.941982
"2016-05-13",34.723534,34.981701,34.236984,34.465363,1921686,34.465363
"2016-05-16",34.336281,34.658989,34.207195,34.296562,1707830,34.296562
"2016-05-17",34.207195,34.495152,33.854698,34.227055,1908909,34.227055
"2016-05-18",34.088043,34.157551,33.462482,33.978817,987918,33.978817
"2016-05-19",33.54192,34.753319,33.54192,34.604378,1064906,34.604378
"2016-05-20",34.644096,35.398739,34.485222,35.329231,1060326,35.329231
"2016-05-23",35.279587,35.746273,34.505081,34.584518,688688,34.584518
"2016-05-24",34.763248,35.835636,34.743389,35.329231,1151210,35.329231
"2016-05-25",35.656906,35.746273,35.100853,35.229939,1332346,35.229939
"2016-05-26",35.259727,35.259727,34.663956,34.673885,881217,34.673885
"2016-05-27",34.723534,34.961842,34.594448,34.812897,1113360,34.812897
"2016-05-31",34.991631,35.150501,34.405788,34.723534,6356162,34.723534
"2016-06-01",33.154667,33.517094,32.395954,33.482342,3102853,33.482342
"2016-06-02",33.432693,34.078114,33.422764,33.978817,2805181,33.978817
"2016-06-03",33.54192,34.078114,33.54192,33.919243,974731,33.919243
"2016-06-06",33.929169,34.326351,33.879524,34.157551,1970351,34.157551
"2016-06-07",34.554729,35.031345,33.968887,34.951912,1451375,34.951912
"2016-06-08",35.418598,36.292397,35.031445,36.18317,1296498,36.18317
"2016-06-09",35.974651,36.059052,35.587399,35.885284,1233659,35.885284
"2016-06-10",35.498035,36.153381,35.448387,35.537754,621265,35.537754
"2016-06-13",35.619999,35.740002,34.619999,34.68,1254294,34.68
"2016-06-14",34.66,34.75,34,34.400002,1086008,34.400002
"2016-06-15",34.450001,35.470001,34.450001,34.77,1062818,34.77
"2016-06-16",34.220001,34.27,33.16,33.48,1215871,33.48
"2016-06-17",33.720001,34.25,33.599998,34.139999,1302234,34.139999
"2016-06-20",34.709999,35.169998,34.650002,34.77,845879,34.77
"2016-06-21",34.91,35.48,34.75,34.919998,585531,34.919998
"2016-06-22",34.950001,35.009899,34.259998,34.32,635385,34.32
"2016-06-23",34.549999,34.775002,34.400002,34.669998,1260783,34.669998
"2016-06-24",32.849998,33.9132,32.849998,33.5,1992297,33.5
"2016-06-27",32.959999,33.075001,31.309999,31.9,1417621,31.9
"2016-06-28",32.25,33.970001,32.115002,33.900002,1570613,33.900002
"2016-06-29",34.595001,36.110001,34.580002,35.91,1750614,35.91
"2016-06-30",35.91,36.419998,35.2201,36.400002,853283,36.400002
"2016-07-01",36.264999,36.9799,36.261101,36.84,922536,36.84
"2016-07-05",36.5,36.619999,35.119999,35.509998,613245,35.509998
"2016-07-06",35.345001,36.27,35.259998,36.259998,558256,36.259998
"2016-07-07",36.200001,36.880001,36.139999,36.880001,592469,36.880001
"2016-07-08",36.82,37.099998,36.373001,36.779999,700295,36.779999
"2016-07-11",36.869999,36.955002,36.389999,36.57,547215,36.57
"2016-07-12",36.619999,38.07,36.619999,37.869999,1145476,37.869999
"2016-07-13",37.610001,38,36.932999,37.220001,956793,37.220001
"2016-07-14",37.380001,37.66,36.860001,37.02,862302,37.02
"2016-07-15",37.130001,37.395,36.98,37.23,872239,37.23
"2016-07-18",37.220001,37.5,37.145,37.200001,472422,37.200001
"2016-07-19",36.91,37.318401,36.810001,36.950001,752065,36.950001
"2016-07-20",37.169998,37.27,36.700001,36.790001,1092535,36.790001
"2016-07-21",36.540001,37.439999,36.540001,37.27,621696,37.27
"2016-07-22",37.02,37.669998,36.799999,37.48,564229,37.48
"2016-07-25",37.400002,38.779999,36.919998,38.779999,1865516,38.779999
"2016-07-26",38.43,39.419998,36.509998,37.5,3664292,37.5
"2016-07-27",37.5,37.52,35.43,35.93,1135565,35.93
"2016-07-28",35.73,36.049999,35.180099,35.75,577543,35.75
"2016-07-29",35.389999,35.889999,35.139999,35.700001,1040839,35.700001
"2016-08-01",35.66,36.130001,35.360001,35.5,614412,35.5
"2016-08-02",35.360001,35.41,34.139999,34.389999,882696,34.389999
"2016-08-03",33.700001,35.450001,33.66,35.27,795669,35.27
"2016-08-04",35.099998,35.639999,34.98,35.139999,629520,35.139999
"2016-08-05",35.299999,36.395,35.299999,36.169998,646783,36.169998
"2016-08-08",36.220001,36.873001,35.689999,35.93,514122,35.93
"2016-08-09",35.75,36.259998,35.470001,35.57,568616,35.57
"2016-08-10",35.889999,36.389999,35.380001,35.43,491077,35.43
"2016-08-11",35.709999,37.380001,35.709999,37.02,925013,37.02
"2016-08-12",36.950001,37.5,36.730999,37.099998,900174,37.099998
"2016-08-15",37.200001,38.470001,37.139999,38.040001,681308,38.040001
"2016-08-16",38.330002,38.779999,38.150002,38.650002,1134121,38.650002
"2016-08-17",38.5,38.610001,37.720001,37.919998,688512,37.919998
"2016-08-18",37.75,38.25,37.73,37.950001,468424,37.950001
"2016-08-19",38.119999,39.080002,37.970001,38.759998,736540,38.759998
"2016-08-22",38.689999,42.943501,38.369999,38.799999,745420,38.799999
"2016-08-23",38.799999,39.450001,38.759998,39.279999,793594,39.279999
"2016-08-24",39.150002,39.5,38.66,38.880001,790866,38.880001
"2016-08-25",38.900002,39.139999,38.029999,38.259998,652949,38.259998
"2016-08-26",38.41,38.529999,37.759998,38,585499,38
"2016-08-29",38.02,38.4613,37.700001,37.900002,520620,37.900002
"2016-08-30",37.740002,37.82,37.139999,37.360001,633191,37.360001
"2016-08-31",36.849998,36.950001,35.560001,35.650002,1211708,35.650002
"2016-09-01",35.540001,35.810001,35.23,35.700001,640605,35.700001
"2016-09-02",35.75,35.75,34.509998,34.580002,904905,34.580002
"2016-09-06",34.689999,35.09,34.43,34.759998,751348,34.759998
"2016-09-07",34.860001,35.709999,34.647598,35.580002,1029920,35.580002
"2016-09-08",35.23,35.7799,34.890301,35.049999,480753,35.049999
"2016-09-09",34.689999,34.990002,34.005001,34.009998,731750,34.009998
"2016-09-12",33.860001,34.860001,33.761299,34.799999,1058864,34.799999
"2016-09-13",34.34,34.630001,33.540001,33.889999,663327,33.889999
"2016-09-14",33.790001,34.369999,33.560001,33.790001,557953,33.790001
"2016-09-15",33.560001,33.970001,33.360001,33.860001,817903,33.860001
"2016-09-16",33.84,34.376999,33.529999,34.209999,1048059,34.209999
"2016-09-19",34.299999,34.419998,33.75,33.830002,834715,33.830002
"2016-09-20",33.900002,34.029999,33.400002,33.459999,755835,33.459999
"2016-09-21",33.610001,34.439999,33.400002,34.299999,560546,34.299999
"2016-09-22",34.490002,34.759998,34.330002,34.700001,500236,34.700001
"2016-09-23",34.759998,34.935001,34.259201,34.279999,454105,34.279999
"2016-09-26",34,34.049198,33.450001,33.580002,462474,33.580002
"2016-09-27",33.450001,34.009998,33.16,33.970001,832673,33.970001
"2016-09-28",34.049999,34.630001,33.860001,34.369999,977311,34.369999
"2016-09-29",34.23,34.68,33.669998,33.68,457026,33.68
"2016-09-30",33.990002,34.16,33.641399,33.860001,814210,33.860001
"2016-10-03",33.630001,34.139999,33.48,34.049999,814176,34.049999
"2016-10-04",33.91,34.290001,33.490002,33.700001,957626,33.700001
"2016-10-05",33.709999,33.990002,33.34,33.380001,1140184,33.380001
"2016-10-06",33.240002,33.259998,32.627998,32.900002,587518,32.900002
"2016-10-07",33.009998,33.09,32.669998,32.849998,485301,32.849998
"2016-10-10",33.400002,33.488998,33.169998,33.27,626684,33.27
"2016-10-11",33.310001,33.849998,33.040001,33.209999,615770,33.209999
"2016-10-12",33.169998,33.990002,33.099998,33.759998,720596,33.759998
"2016-10-13",33.23,33.459999,32.779999,33.389999,588463,33.389999
"2016-10-14",33.990002,34.200001,33.509998,33.619999,543863,33.619999
"2016-10-17",33.5,33.619999,32.689999,32.759998,387916,32.759998
"2016-10-18",33.169998,33.450001,32.990002,33.310001,516782,33.310001
"2016-10-19",33.34,34.16,33.34,34.02,598530,34.02
"2016-10-20",33.830002,33.880001,33.290001,33.419998,925543,33.419998
"2016-10-21",33.150002,33.23,32.779999,32.959999,870825,32.959999
"2016-10-24",33.119999,33.400002,32.745201,32.900002,726299,32.900002
"2016-10-25",28.09,28.74,27.579901,28.370001,6816045,28.370001
"2016-10-26",28.280001,28.370001,27.42,27.459999,6654762,27.459999
"2016-10-27",27.639999,27.690001,25.959999,26.49,3365416,26.49
"2016-10-28",26.639999,26.719999,25.91,25.91,2192129,25.91
"2016-10-31",25.889999,26.139999,25.530001,25.860001,1483557,25.860001
"2016-11-01",26.01,26.0984,25.02,25.51,1917801,25.51
"2016-11-02",25.360001,26.09,25.180099,25.35,1637801,25.35
"2016-11-03",25.309999,25.700001,24.93,25.299999,1557421,25.299999
"2016-11-04",25.219999,25.65,25.219999,25.610001,1293341,25.610001
"2016-11-07",25.98,26.15,25.82,25.940001,1151279,25.940001
"2016-11-08",25.98,26.120001,25.690001,26.09,764567,26.09
"2016-11-09",25.110001,26.15,24.629999,25.9,1353072,25.9
"2016-11-10",26.08,26.73,25.610001,25.610001,860885,25.610001
"2016-11-11",25.639999,26.129999,25.450001,25.610001,938829,25.610001
"2016-11-14",25.73,25.85,24.83,24.879999,1067024,24.879999
"2016-11-15",25.01,25.57,24.799999,25.360001,1148414,25.360001
"2016-11-16",25.280001,25.42,24.98,25.32,1324180,25.32
"2016-11-17",25.48,25.49,24.83,25.27,803381,25.27
"2016-11-18",25.23,25.23,23.565001,23.75,1805063,23.75
"2016-11-21",23.84,24.179001,23.799999,23.799999,1138437,23.799999
"2016-11-22",23.93,24.09,23.51,24.01,1845647,24.01
"2016-11-23",24.190001,24.23,23.721201,23.93,1308133,23.93
"2016-11-25",24.1,24.24,23.809999,24.139999,479124,24.139999
"2016-11-28",25.040001,26.629999,24.76,26.290001,7457436,26.290001
"2016-11-29",26.77,26.940001,25.639999,25.860001,3222311,25.860001
"2016-11-30",25.82,26.219999,25.66,25.780001,2199829,25.780001
"2016-12-01",25.98,26.52,25.139999,25.200001,1568197,25.200001
"2016-12-02",25.299999,25.32,24.58,24.77,1736134,24.77
"2016-12-05",24.969999,25.370001,24.900101,25.059999,1712967,25.059999
"2016-12-06",25.450001,25.52,25.01,25.41,1202357,25.41
"2016-12-07",26.65,27.280001,26.02,27.030001,6521858,27.030001
"2016-12-08",28.1,28.85,27.440001,28.82,6932595,28.82
"2016-12-09",29.41,29.530001,28.280001,28.809999,4014148,28.809999
"2016-12-12",28.9,29.059999,27.5,27.610001,3196994,27.610001
"2016-12-13",27.700001,27.98,27.17,27.34,2908443,27.34
"2016-12-14",27.370001,27.4,26.440001,26.57,2829072,26.57
"2016-12-15",26.790001,26.790001,25.5,25.799999,3918687,25.799999
"2016-12-16",25.889999,26.16,25.450001,25.48,2964252,25.48
"2016-12-19",25.74,25.799999,25.26,25.370001,2732523,25.370001
"2016-12-20",25.48,25.92,25.469999,25.690001,3067687,25.690001
"2016-12-21",25.959999,26.110001,25.48,26.049999,3754031,26.049999
"2016-12-22",26.07,26.16,25.360001,25.48,2436328,25.48
"2016-12-23",25.629999,25.733299,25.16,25.23,1443579,25.23
"2016-12-27",25.23,25.5,25.110001,25.18,1686047,25.18
"2016-12-28",25.219999,25.344999,24.860001,25.23,1636145,25.23
"2016-12-29",25.280001,25.360001,25.07,25.120001,1784289,25.120001
"2016-12-30",25.17,25.33,24.92,25.17,3574647,25.17
"2017-01-03",25.49,25.85,25.25,25.76,1996889,25.76
"2017-01-04",26,26.719999,25.93,26.57,2626138,26.57
"2017-01-05",26.450001,26.469999,26.030001,26.209999,2523095,26.209999
"2017-01-06",26.459999,27.07,26.41,27.040001,3766342,27.040001
"2017-01-09",27.469999,27.530001,26.844101,27.02,2815278,27.02
"2017-01-10",27.120001,27.635201,27.059999,27.32,1711064,27.32
"2017-01-11",27.450001,27.48,26.75,26.98,1777648,26.98
"2017-01-12",26.91,26.99,26.57,26.84,1295228,26.84
"2017-01-13",26.790001,26.92,26.118999,26.5,3140155,26.5
"2017-01-17",26.440001,26.469999,25.969999,26.200001,2421022,26.200001
"2017-01-18",26.23,26.25,25.25,25.35,2692101,25.35
"2017-01-19",25.6,25.74,24.9,25.26,3873137,25.26
"2017-01-20",25.48,25.540001,24.9,25.16,3215910,25.16
"2017-01-23",25.190001,25.190001,24.5,24.959999,3061834,24.959999
"2017-01-24",25,25.209999,24.91,25.120001,2384133,25.120001
"2017-01-25",25.440001,25.780001,25.4,25.690001,2130101,25.690001
"2017-01-26",25.780001,26.25,25.360001,25.5,1402339,25.5
"2017-01-27",25.5,25.639999,25.1,25.52,1902504,25.52
"2017-01-30",25.559999,25.59,24.824699,25.09,3272822,25.09
"2017-01-31",18.780001,20.08,18.52,19.219999,56995152,19.219999
"2017-02-01",19.5,19.559999,18.76,18.799999,14794788,18.799999
"2017-02-02",18.809999,18.809999,18.049999,18.120001,12619956,18.120001
"2017-02-03",18.25,18.299999,18.02,18.190001,6405819,18.190001
"2017-02-06",18.309999,18.4,18.1,18.139999,5215603,18.139999
"2017-02-07",18.139999,18.280001,17.77,17.790001,7798742,17.790001
"2017-02-08",17.799999,18.440001,17.799999,18.299999,6757277,18.299999
"2017-02-09",18.35,19.33,18.33,19.299999,9276109,19.299999
"2017-02-10",19.559999,19.559999,18.860001,19.040001,6248292,19.040001
"2017-02-13",19.25,19.262199,18.530001,18.65,4709131,18.65
"2017-02-14",18.860001,19.48,18.85,19.41,6272411,19.41
"2017-02-15",19.35,19.91,19.16,19.860001,7105346,19.860001
"2017-02-16",19.940001,19.98,19.450001,19.629999,4232236,19.629999
"2017-02-17",19.6,19.895,19.5,19.75,4778500,19.75
"2017-02-21",19.809999,19.91,19.6,19.690001,2712461,19.690001
"2017-02-22",19.77,20.23,19.57,19.780001,3964341,19.780001
"2017-02-23",19.870001,19.870001,19.57,19.639999,3442002,19.639999
"2017-02-24",19.549999,19.879999,19.295,19.83,3527261,19.83
"2017-02-27",19.450001,19.52,19.18,19.280001,4606649,19.280001
"2017-02-28",19.280001,19.35,18.5,18.559999,4603656,18.559999
"2017-03-01",18.75,18.799999,18.42,18.58,3991225,18.58
"2017-03-02",18.58,19.030001,18.540001,18.959999,2784994,18.959999
"2017-03-03",18.98,19.024099,18.528999,18.639999,2660460,18.639999
"2017-03-06",18.620001,18.639999,18.200001,18.309999,3002323,18.309999
"2017-03-07",18.25,18.27,17.82,18.110001,4527291,18.110001
"2017-03-08",18.1,18.15,17.735001,17.75,3671815,17.75
"2017-03-09",17.75,17.76,17.370001,17.690001,4011954,17.690001
"2017-03-10",17.75,18.2383,17.6947,17.75,3194253,17.75
"2017-03-13",17.809999,17.879999,17.51,17.559999,3275631,17.559999
"2017-03-14",17.5,17.705,17.4,17.620001,2771116,17.620001
"2017-03-15",17.67,17.959999,17.52,17.83,2212946,17.83
"2017-03-16",17.83,18.339899,17.67,18.17,2747985,18.17
"2017-03-17",18.27,18.290001,17.91,18.08,3867386,18.08
"2017-03-20",18.08,18.280001,17.879999,18.26,2101693,18.26
"2017-03-21",18.16,18.209999,17.27,17.52,4760830,17.52
"2017-03-22",17.24,17.530001,17.049999,17.51,3975465,17.51
"2017-03-23",17.469999,17.75,17.35,17.440001,2245096,17.440001
"2017-03-24",18.129999,18.525,17.979799,18.16,6698222,18.16
"2017-03-27",18.059999,18.52,17.945,18.299999,3656977,18.299999
"2017-03-28",18.360001,18.57,18.25,18.49,2665144,18.49
"2017-03-29",18.43,19.049999,18.305,18.84,4788240,18.84
"2017-03-30",18.629999,18.74,18.34,18.370001,3347198,18.370001
"2017-03-31",18.4,18.559999,18.23,18.299999,2765895,18.299999
"2017-04-03",18.610001,18.629999,18.01,18.35,6416068,18.35
"2017-04-04",18.219999,18.25,17.879999,18.02,4668607,18.02
"2017-04-05",18.08,19.08,18.02,18.559999,7405641,18.559999
"2017-04-06",18.719999,19.379999,18.6,19.040001,5056812,19.040001
"2017-04-07",18.9,18.940001,18.33,18.43,4060566,18.43
"2017-04-10",18.42,18.450001,17.959999,18.190001,3624359,18.190001
"2017-04-11",18.190001,18.219999,17.77,18.040001,2568013,18.040001
"2017-04-12",17.99,18.094999,17.799999,17.860001,1984711,17.860001
"2017-04-13",17.860001,17.92,17.690001,17.76,1943448,17.76
"2017-04-17",17.809999,17.83,17.530001,17.790001,2744410,17.790001
"2017-04-18",17.73,17.799999,17.620001,17.76,1405236,17.76
"2017-04-19",17.809999,18.1,17.690001,17.93,1906277,17.93
"2017-04-20",17.969999,18.174999,17.799999,18.110001,2519747,18.110001
"2017-04-21",18.1,18.120001,17.52,17.530001,4005865,17.530001
"2017-04-24",17.76,17.959999,17.459999,17.93,4068314,17.93
"2017-04-25",17.959999,18.139999,17.83,17.969999,2877427,17.969999
"2017-04-26",18.049999,18.385,17.969999,18.139999,5077131,18.139999
"2017-04-27",19.120001,20,19,19.82,15164886,19.82
"2017-04-28",19.700001,19.75,19.35,19.41,4129637,19.41
"2017-05-01",19.389999,19.4,18.889999,19.02,4012458,19.02
"2017-05-02",19.23,19.23,18.58,18.73,4382863,18.73
"2017-05-03",18.799999,18.799999,18.42,18.690001,3461832,18.690001
"2017-05-04",18.58,18.885,18.42,18.809999,3109859,18.809999
"2017-05-05",18.92,19.1,18.780001,19.09,3038879,19.09
"2017-05-08",19.09,19.280001,18.860001,19.120001,3728443,19.120001
"2017-05-09",19.110001,19.959999,19.105,19.809999,3111784,19.809999
"2017-05-10",19.860001,19.940001,19.610001,19.65,2324568,19.65
"2017-05-11",19.75,19.799999,19,19.450001,3582521,19.450001
"2017-05-12",19.26,19.379999,18.82,18.9,3019314,18.9
"2017-05-15",18.9,19.190001,18.6,18.65,4379473,18.65
"2017-05-16",18.5,18.52,17.93,17.969999,6211298,17.969999
"2017-05-17",17.889999,18.02,17.610001,17.700001,4447781,17.700001
"2017-05-18",17.700001,17.870001,17.41,17.629999,3021928,17.629999
"2017-05-19",17.58,17.92,17.2127,17.860001,4110457,17.860001
"2017-05-22",17.860001,18.1761,17.77,17.92,2183795,17.92
"2017-05-23",18,18.209999,17.93,18.040001,2155384,18.040001
"2017-05-24",18.040001,18.18,17.98,18.110001,2311145,18.110001
"2017-05-25",18.200001,18.51,17.950001,18.01,2372574,18.01
"2017-05-26",18.049999,18.219999,17.860001,18.07,1572225,18.07
"2017-05-30",18.1,18.370001,17.91,18.01,2484138,18.01
"2017-05-31",18.02,18.030001,17.469999,17.83,3680752,17.83
"2017-06-01",17.9,18.48,17.790001,18.389999,3322805,18.389999
"2017-06-02",18.549999,18.934999,18.469999,18.719999,3450548,18.719999
"2017-06-05",18.709999,19.040001,18.441,18.950001,2386667,18.950001
"2017-06-06",18.870001,19.057501,18.540001,18.969999,2713091,18.969999
"2017-06-07",19.02,19.549999,19,19.219999,4888619,19.219999
"2017-06-08",19.309999,19.940001,19.280001,19.6,3489996,19.6
"2017-06-09",19.639999,20.299999,19.6,20.209999,3640805,20.209999
"2017-06-12",20.18,21.35,20.16,21.200001,5922895,21.200001
"2017-06-13",21.459999,21.805,20.870001,21.25,6620420,21.25
"2017-06-14",21.25,21.25,20.74,21.09,4181360,21.09
"2017-06-15",20.49,20.76,20.15,20.33,3978883,20.33
"2017-06-16",20.27,20.290001,19.24,19.68,4406657,19.68
"2017-06-19",19.690001,19.83,19.43,19.67,2350943,19.67
"2017-06-20",19.66,19.67,19,19.01,3297307,19.01
"2017-06-21",19.059999,19.09,18.52,18.75,4383982,18.75
"2017-06-22",18.799999,19.780001,18.688,19.24,2745463,19.24
"2017-06-23",19.24,19.684999,19.02,19.65,3008146,19.65
"2017-06-26",19.65,20.075001,19.59,19.92,2193109,19.92
"2017-06-27",19.969999,20.26,19.742001,19.9,2378884,19.9
"2017-06-28",20.01,20.48,19.959999,20,2460930,20
"2017-06-29",20.110001,20.4,19.65,19.799999,2721067,19.799999
"2017-06-30",20.030001,20.33,19.889999,20.16,2481299,20.16
"2017-07-03",20.24,20.6,20.200001,20.52,2086423,20.52
"2017-07-05",20.5,20.5301,20.219999,20.4,1931975,20.4
"2017-07-06",20.219999,20.25,19.02,19.1,3785134,19.1
"2017-07-07",19.1,19.41,18.879999,19.219999,2165292,19.219999
"2017-07-10",19.200001,19.2258,18.709999,19.129999,2320078,19.129999
"2017-07-11",19.07,19.07,18.540001,18.92,2684819,18.92
"2017-07-12",19.030001,19.177999,18.549999,18.58,2674134,18.58
"2017-07-13",18.639999,18.959999,18.6,18.629999,2203052,18.629999
"2017-07-14",18.65,19.049999,18.629999,18.93,2970504,18.93
"2017-07-17",19,19.200001,18.719999,18.82,3057294,18.82
"2017-07-18",18.75,18.989,18.41,18.68,3522868,18.68
"2017-07-19",18.66,19.014999,18.66,18.91,1795799,18.91
"2017-07-20",19,19.3922,18.986401,19.049999,1883694,19.049999
"2017-07-21",18.98,19.200001,18.575001,18.84,3767734,18.84
"2017-07-24",18.6,18.76,18.23,18.26,8229995,18.26
"2017-07-25",18.07,18.4,18.049999,18.120001,4282915,18.120001
"2017-07-26",18.17,18.26,17.459999,17.549999,5816471,17.549999
"2017-07-27",17.620001,17.700001,17.17,17.370001,5227021,17.370001
"2017-07-28",17.360001,17.473801,17.209999,17.360001,2997104,17.360001
"2017-07-31",17.379999,18.5,17.379999,18.110001,6834743,18.110001
"2017-08-01",17.01,17.190001,16.15,16.23,23217686,16.23
"2017-08-02",16.190001,16.476601,16.02,16.469999,6116906,16.469999
"2017-08-03",16.469999,16.639999,16.26,16.34,5188554,16.34
"2017-08-04",16.459999,16.75,16.43,16.610001,4049052,16.610001
"2017-08-07",16.6,16.700001,16.43,16.629999,2948004,16.629999
"2017-08-08",16.709999,17.290001,16.709,17.209999,4376508,17.209999
"2017-08-09",17.02,17.42,17.02,17.17,2379727,17.17
"2017-08-10",16.959999,17,16.65,16.82,3543586,16.82
"2017-08-11",16.709999,17,16.690001,16.799999,1951039,16.799999
"2017-08-14",16.860001,17.129999,16.84,17.110001,2569540,17.110001
"2017-08-15",16.700001,16.855,16.35,16.66,6951169,16.66
"2017-08-16",16.719999,16.895,16.66,16.68,2562487,16.68
"2017-08-17",16.6,16.698999,16.280001,16.280001,3775028,16.280001
"2017-08-18",16.030001,16.1,15.54,15.64,5382048,15.64
"2017-08-21",15.6,15.615,15.1,15.15,5896412,15.15
"2017-08-22",15.2,15.4848,15.12,15.42,2868456,15.42
"2017-08-23",15.34,15.64,15.34,15.55,1857176,15.55
"2017-08-24",15.66,15.93,15.561,15.73,2352759,15.73
"2017-08-25",15.83,15.96,15.74,15.94,2344912,15.94
"2017-08-28",15.9,15.94,15.71,15.78,2056065,15.78
"2017-08-29",15.5,15.6,15.05,15.34,4402129,15.34
"2017-08-30",15.35,15.45,15.15,15.18,3783934,15.18
"2017-08-31",15.21,15.32,15.085,15.1,3602210,15.1
"2017-09-01",15.23,15.51,14.98,15.39,0,15.39
"2017-09-05",15.26,15.81,15.21,15.62,2707232,15.62
"2017-09-06",15.68,15.96,15.68,15.8,2413618,15.8
"2017-09-07",15.86,16.02,15.8301,15.98,2819302,15.98
"2017-09-08",15.98,16.299999,15.915,16.120001,2234235,16.120001
"2017-09-11",16.27,16.49,16.15,16.34,2825140,16.34
"2017-09-12",16.190001,16.26,15.815,16.25,3149171,16.25
"2017-09-13",16.290001,16.889999,16.139999,16.870001,3903776,16.870001
"2017-09-14",16.85,16.879999,16.290001,16.52,3727761,16.52
"2017-09-15",16.48,16.549999,16.325001,16.459999,3216932,16.459999
"2017-09-18",16.48,16.58,16.059999,16.139999,2505788,16.139999
"2017-09-19",15.87,15.93,15.58,15.7,4988164,15.7
"2017-09-20",15.7,15.7,15.095,15.24,4557487,15.24
"2017-09-21",15.27,15.27,15.08,15.13,2583645,15.13
"2017-09-22",15.06,15.2799,15.031,15.04,2378142,15.04
"2017-09-25",15.17,15.65,15.17,15.39,3478162,15.39
"2017-09-26",15.45,15.52,15.1,15.14,3561380,15.14
"2017-09-27",15.12,15.14,14.8,15.06,5093464,15.06
"2017-09-28",15.03,15.15,14.95,15.07,2509797,15.07
"2017-09-29",15.09,15.17,14.96,15.02,4255817,15.02
"2017-10-02",15.07,15.09,14.83,15.08,3161560,15.08
"2017-10-03",15.1,15.34,15.03,15.26,2527489,15.26
"2017-10-04",15.25,15.375,15.02,15.03,2798281,15.03
"2017-10-05",15.05,15.19,14.84,15.03,3146738,15.03
"2017-10-06",15,15.6,15,15.46,4305124,15.46
"2017-10-09",15.45,15.48,15.07,15.3,2691869,15.3
"2017-10-10",15.38,15.69,15.31,15.51,2340288,15.51
"2017-10-11",15.45,15.45,15.1,15.15,2485328,15.15
"2017-10-12",15.05,15.255,14.88,15.22,2797286,15.22
"2017-10-13",15.22,15.345,14.85,14.95,3972222,14.95
"2017-10-16",14.85,15.11,14.8462,14.98,2416536,14.98
"2017-10-17",14.97,15.18,14.85,15.11,2169173,15.11
"2017-10-18",15.13,15.21,14.94,14.98,2482887,14.98
"2017-10-19",14.92,15.15,14.9,15.02,2141529,15.02
"2017-10-20",15.12,16.02,15.11,15.91,6757945,15.91
"2017-10-23",15.81,15.94,15.19,15.22,5164705,15.22
"2017-10-24",15.27,15.27,14.77,14.83,5480882,14.83
"2017-10-25",14.79,14.84,14.29,14.65,5815250,14.65
"2017-10-26",14.6,14.825,14.42,14.65,5011956,14.65
"2017-10-27",14.61,14.68,14.3,14.4,5450573,14.4
"2017-10-30",14.17,14.87,14.11,14.74,8795611,14.74
"2017-10-31",13.02,13.36,11.4,11.53,36954006,11.53
"2017-11-01",11.46,11.82,10.91,11.29,21617457,11.29
"2017-11-02",11.23,11.42,10.42,10.84,18830932,10.84
"2017-11-03",10.93,10.95,10.54,10.59,8896391,10.59
"2017-11-06",10.5,11.03,10.36,10.97,8861715,10.97
"2017-11-07",11.1,11.22,10.67,10.74,7914227,10.74
"2017-11-08",10.73,10.87,10.525,10.83,5559942,10.83
"2017-11-09",10.86,11.24,10.73,10.99,8036493,10.99
"2017-11-10",11.01,11.4,10.95,11.37,7664588,11.37
"2017-11-13",11.35,11.52,10.91,10.95,7020187,10.95
"2017-11-14",10.95,11.06,10.74,10.92,3580082,10.92
"2017-11-15",10.8,11.34,10.7,11.11,4807233,11.11
"2017-11-16",11.11,11.3,10.89,11.28,3843718,11.28
"2017-11-17",11.5,11.88,11.38,11.73,7986386,11.73
"2017-11-20",11.75,12.08,11.72,12.07,6060219,12.07
"2017-11-21",12.1,12.17,11.31,11.36,10578514,11.36
"2017-11-22",11.34,11.775,11.245,11.67,3864491,11.67
"2017-11-24",11.71,11.75,11.53,11.59,2187890,11.59
"2017-11-27",11.62,11.72,11.27,11.35,3453577,11.35
"2017-11-28",11.35,11.56,11.25,11.51,2703977,11.51
"2017-11-29",11.57,12.25,11.56,12.18,5618725,12.18
"2017-11-30",12.18,12.42,11.84,11.93,4329924,11.93
"2017-12-01",11.9,11.905,11.53,11.73,4208102,11.73
"2017-12-04",11.85,12.09,11.84,11.98,3458177,11.98
"2017-12-05",12.02,12.08,11.6625,11.72,3007107,11.72
"2017-12-06",11.65,11.71,11.368,11.55,3520601,11.55
"2017-12-07",11.57,12,11.56,11.93,3205451,11.93
"2017-12-08",11.95,12.29,11.78,12.19,3885305,12.19
"2017-12-11",12.2,12.2277,11.93,12.18,3250706,12.18
"2017-12-12",12.18,12.42,12.08,12.38,3510211,12.38
"2017-12-13",12.44,12.48,12.2,12.36,2793215,12.36
"2017-12-14",12.38,12.545,12.21,12.45,2654281,12.45
"2017-12-15",12.83,13.93,12.8,13.62,18509445,13.62
"2017-12-18",13.91,14.33,13.41,14.24,10300791,14.24
"2017-12-19",14.3,14.36,14,14.1,4616945,14.1
"2017-12-20",14.04,14.14,13.585,13.72,5351996,13.72
"2017-12-21",13.77,13.97,13.59,13.95,6676904,13.95
"2017-12-22",13.81,13.92,13.4653,13.8,6300618,13.8
"2017-12-26",13.73,14.1,13.66,14.07,3032604,14.07
"2017-12-27",14.1,14.561,14.05,14.23,5030027,14.23
"2017-12-28",14.22,14.27,14,14.14,4597333,14.14
"2017-12-29",14.07,14.14,13.2946,13.32,6684072,13.32
