"dates","ZTS.Open","ZTS.High","ZTS.Low","ZTS.Close","ZTS.Volume","ZTS.Adjusted"
"2013-02-01",31.5,31.74,30.469999,31.01,66789100,29.280724
"2013-02-04",31.09,31.99,30.76,31.02,7695400,29.290171
"2013-02-05",31.25,31.98,30.85,31.040001,5013200,29.309055
"2013-02-06",30.98,31.43,30.75,31.030001,2126100,29.299612
"2013-02-07",31,32.73,31,32,3800800,30.215521
"2013-02-08",32.310001,33.48,32.299999,33.049999,2599300,31.206964
"2013-02-11",33.060001,33.5,32.880001,33.259998,1487200,31.405252
"2013-02-12",33.400002,34,33.150002,33.740002,1637300,31.858484
"2013-02-13",33.799999,33.799999,33,33.549999,1269700,31.679075
"2013-02-14",33.389999,33.450001,32.77,33.27,2954500,31.414701
"2013-02-15",33.310001,34.09,33,33.98,5415400,32.085114
"2013-02-19",34.02,34.07,33.57,33.84,1206900,31.952921
"2013-02-20",33.84,33.880001,32.599998,32.720001,1842900,30.895369
"2013-02-21",32.5,32.799999,31.860001,32.560001,3242300,30.744289
"2013-02-22",32.779999,32.93,32.5,32.59,954500,30.772615
"2013-02-25",32.68,32.689999,32,32.07,818900,30.281618
"2013-02-26",32.049999,32.400002,31.99,32.040001,1048700,30.253294
"2013-02-27",32,33.049999,32,32.32,1343600,30.517679
"2013-02-28",32.560001,33.549999,32.560001,33.450001,2991400,31.584658
"2013-03-01",33.360001,34.700001,33.150002,34.599998,2334000,32.670521
"2013-03-04",34.799999,34.889999,34.240002,34.349998,865400,32.434475
"2013-03-05",34.41,34.48,33.75,34.290001,1413400,32.377823
"2013-03-06",34.34,34.380001,33.849998,33.849998,802000,31.962351
"2013-03-07",33.950001,34.68,33.560001,34.560001,1320000,32.632759
"2013-03-08",34.029999,34.689999,33.799999,34.09,1541100,32.188969
"2013-03-11",33.970001,34.259998,33.25,34.18,1729400,32.273952
"2013-03-12",34.119999,34.240002,33.599998,33.82,1557600,31.934021
"2013-03-13",33.900002,34.060001,33.080002,34,2240800,32.103989
"2013-03-14",34.330002,35.419998,34.299999,34.639999,1865200,32.708309
"2013-03-15",34.700001,34.84,33.310001,33.439999,2692100,31.575218
"2013-03-18",32.75,32.939999,32.639999,32.84,2372000,31.008677
"2013-03-19",32.799999,33.419998,32.330002,32.799999,1336200,30.970909
"2013-03-20",32.900002,33.540001,32.5,33.509998,1944000,31.641315
"2013-03-21",33.900002,34,33.290001,33.470001,514500,31.603548
"2013-03-22",33.549999,33.75,32.740002,33.119999,763300,31.273062
"2013-03-25",33.48,33.48,32.25,32.459999,1324600,30.649872
"2013-03-26",32.73,32.790001,32,32.509998,1396500,30.697075
"2013-03-27",32.380001,32.889999,32.060001,32.740002,1896800,30.914249
"2013-03-28",32.849998,33.5,32.630001,33.400002,7434900,31.537464
"2013-04-01",33.419998,33.59,32.43,32.59,1466300,30.772615
"2013-04-02",32.66,33.130001,32.459999,32.549999,712200,30.734852
"2013-04-03",32.669998,32.98,32.360001,32.529999,1409700,30.715956
"2013-04-04",32.41,32.5,31.709999,31.84,1946400,30.064444
"2013-04-05",31.73,32.07,30.57,31.959999,3963500,30.17775
"2013-04-08",31.950001,32.98,31.77,32.919998,1965200,31.084221
"2013-04-09",33.049999,33.59,32.560001,33.439999,2004400,31.575218
"2013-04-10",33.759998,33.759998,32.98,33.150002,969500,31.301407
"2013-04-11",33.220001,33.240002,32.869999,33.16,1826600,31.310837
"2013-04-12",32.970001,33.349998,32.599998,33.23,723500,31.376926
"2013-04-15",33.07,33.23,32.169998,32.240002,839500,30.442135
"2013-04-16",32.360001,33.369999,32.290001,33.209999,2271200,31.358047
"2013-04-17",32.98,33.23,32.169998,32.889999,3140500,31.055897
"2013-04-18",33.099998,33.099998,32.380001,32.470001,799900,30.659311
"2013-04-19",32.709999,32.790001,31.809999,32.709999,2159300,30.885929
"2013-04-22",32.900002,32.900002,32.220001,32.66,922100,30.838724
"2013-04-23",32.779999,32.959999,31.5,31.700001,2731700,29.932253
"2013-04-24",31.629999,31.690001,30.42,30.620001,4149300,28.912472
"2013-04-25",30.93,31.99,30.75,31.549999,1520600,29.790609
"2013-04-26",31.610001,32.68,31.610001,32.639999,1421800,30.81983
"2013-04-29",32.950001,32.950001,32.169998,32.66,1711600,30.900259
"2013-04-30",33.68,34.740002,32.93,33.02,3390300,31.24085
"2013-05-01",32.970001,33.509998,32.66,33.389999,1393100,31.590914
"2013-05-02",33.380001,33.869999,33.110001,33.279999,696300,31.486845
"2013-05-03",33.619999,33.639999,33,33.209999,998400,31.42062
"2013-05-06",33.349998,33.490002,32.75,32.939999,503700,31.165161
"2013-05-07",33.080002,33.080002,32.290001,32.880001,700700,31.108404
"2013-05-08",33,33.439999,32.720001,33.259998,1034100,31.467918
"2013-05-09",33.310001,33.669998,33.279999,33.549999,977200,31.742289
"2013-05-10",33.540001,33.610001,32.970001,33.18,534100,31.392237
"2013-05-13",33.060001,33.490002,32.75,33.040001,438700,31.259789
"2013-05-14",33.130001,33.75,32.849998,33.080002,872300,31.297626
"2013-05-15",32.939999,33.060001,32.560001,32.790001,563200,31.023243
"2013-05-16",33.48,33.799999,33.16,33.389999,1278700,31.590914
"2013-05-17",33.349998,33.900002,33.189999,33.900002,962200,32.073433
"2013-05-20",33.900002,34,33.599998,33.709999,735700,31.893671
"2013-05-21",33.57,33.740002,32.990002,33.040001,1692400,31.259789
"2013-05-22",32.549999,33.990002,31.75,33.549999,26006000,31.742289
"2013-05-23",33.25,33.799999,32.709999,32.84,9008500,31.070553
"2013-05-24",33.200001,33.619999,32.529999,33.459999,5911600,31.65715
"2013-05-28",33.799999,34.279999,33.59,34.259998,4960300,32.41404
"2013-05-29",34.25,34.25,32.880001,32.950001,3095700,31.174629
"2013-05-30",32.77,33.099998,32.099998,32.240002,3934100,30.502882
"2013-05-31",32.299999,32.34,31.799999,32,6512400,30.275814
"2013-06-03",32.009998,32.84,31.309999,32.75,3398000,30.985397
"2013-06-04",32.830002,32.990002,31.84,32.400002,4513400,30.654261
"2013-06-05",32.419998,32.419998,31.75,32.169998,3522300,30.436647
"2013-06-06",32.169998,32.310001,31.540001,32.080002,2918200,30.351505
"2013-06-07",32.259998,32.34,31.209999,31.5,5134200,29.802746
"2013-06-10",31.83,32.110001,31.469999,32.009998,4992100,30.285269
"2013-06-11",31.700001,32.02,31.4,31.700001,6367500,29.99198
"2013-06-12",31.950001,32.029999,31.4,31.530001,7648500,29.831137
"2013-06-13",31.469999,31.549999,30.870001,31.17,5849800,29.490532
"2013-06-14",31,31.26,30.610001,30.799999,10665000,29.140467
"2013-06-17",31.4,31.76,30.709999,30.959999,26785600,29.291849
"2013-06-18",31.33,31.389999,30.950001,31.18,24286200,29.499996
"2013-06-19",31.059999,31.24,30.82,31,23483400,29.329691
"2013-06-20",30.889999,31.040001,30.049999,30.190001,14938500,28.563339
"2013-06-21",30.549999,31.09,30.34,30.6,33694200,28.951246
"2013-06-24",30.15,30.5,29.4,30.379999,40766000,28.743099
"2013-06-25",30.799999,31.620001,30.5,31.49,13511100,29.793295
"2013-06-26",31.799999,31.9,30.92,30.969999,23779700,29.301311
"2013-06-27",31.459999,31.51,30.790001,30.870001,16734600,29.206696
"2013-06-28",30.9,31.389999,30.540001,30.889999,19415100,29.225618
"2013-07-01",31.02,31.059999,30.129999,30.610001,17601000,28.960707
"2013-07-02",30.219999,30.83,29.620001,29.700001,11157300,28.099737
"2013-07-03",29.67,29.74,28.969999,29.280001,12930000,27.702364
"2013-07-05",29.809999,30.18,29.780001,30.17,10819200,28.544413
"2013-07-08",30.450001,30.969999,30.219999,30.940001,15675100,29.272921
"2013-07-09",31.120001,31.4,30.940001,30.98,8704800,29.310774
"2013-07-10",31.08,31.24,30.469999,31.040001,6506200,29.367538
"2013-07-11",31.43,31.450001,30.84,30.92,4486900,29.254002
"2013-07-12",31.02,31.379999,31.01,31.35,5429400,29.660835
"2013-07-15",31.309999,31.65,31.1,31.58,4201900,29.878435
"2013-07-16",31.559999,31.65,31.1,31.16,4301200,29.48107
"2013-07-17",31.23,31.23,30.85,30.99,3545800,29.320227
"2013-07-18",31.110001,31.200001,30.77,30.82,4053700,29.159388
"2013-07-19",30.790001,30.799999,30.120001,30.24,8946200,28.610645
"2013-07-22",30.360001,30.59,30.16,30.27,4255800,28.639023
"2013-07-23",30.41,30.440001,29.76,30.059999,5091800,28.440338
"2013-07-24",30.129999,30.549999,29.66,29.9,4890100,28.288958
"2013-07-25",29.879999,30.549999,29.709999,30.52,5472900,28.875555
"2013-07-26",30.4,30.530001,30,30.43,5051600,28.790405
"2013-07-29",30.27,30.540001,29.98,30.09,4123600,28.468727
"2013-07-30",30.15,30.32,29.889999,30.040001,4630100,28.482944
"2013-07-31",30,30.190001,29.799999,29.809999,5375100,28.264862
"2013-08-01",29.969999,30.209999,29.459999,30.16,8105500,28.596729
"2013-08-02",30.120001,30.959999,29.91,30.940001,5187500,29.336294
"2013-08-05",30.469999,31.389999,30.469999,31.25,7283300,29.630228
"2013-08-06",31.68,32.5,31.09,31.129999,12471200,29.516447
"2013-08-07",31.1,31.4,30.65,31.24,5920100,29.620745
"2013-08-08",31.4,31.83,31.18,31.24,7161900,29.620745
"2013-08-09",31.139999,31.24,30.780001,30.91,2784100,29.307859
"2013-08-12",30.68,30.99,30.040001,30.33,5793700,28.757914
"2013-08-13",30.5,30.75,30.200001,30.450001,3116200,28.871696
"2013-08-14",30.5,30.629999,30.08,30.139999,3858200,28.577759
"2013-08-15",29.940001,30.16,29.790001,30.02,5818900,28.463982
"2013-08-16",29.940001,30.200001,29.75,30,3678800,28.445019
"2013-08-19",29.91,30.299999,29.84,29.870001,2480600,28.321758
"2013-08-20",29.860001,30.41,29.709999,30.23,3804100,28.663099
"2013-08-21",30.07,30.190001,29.6,29.85,3531400,28.302795
"2013-08-22",29.83,30.01,29.57,29.870001,3030800,28.321758
"2013-08-23",29.879999,30.23,29.639999,30.200001,2531600,28.634665
"2013-08-26",30.16,30.16,29.65,29.799999,7179000,28.25539
"2013-08-27",29.530001,29.67,29,29.200001,8103500,27.686483
"2013-08-28",29.07,29.83,28.809999,29.57,7067300,28.03731
"2013-08-29",29.43,29.610001,29.219999,29.469999,1590600,27.942493
"2013-08-30",29.450001,29.5,29.040001,29.15,2296300,27.639072
"2013-09-03",29.459999,29.77,29.190001,29.43,2052100,27.904566
"2013-09-04",29.450001,29.709999,29.35,29.690001,3187200,28.151091
"2013-09-05",29.719999,30.49,29.66,30.33,5688100,28.757914
"2013-09-06",30.450001,30.950001,29.969999,30.610001,5245900,29.023405
"2013-09-09",30.639999,31,30.360001,30.59,2723800,29.004438
"2013-09-10",31.33,31.82,30.860001,30.950001,5024400,29.345778
"2013-09-11",31.360001,31.459999,30.889999,31.33,6367900,29.706085
"2013-09-12",31.360001,31.389999,30.82,31.08,2881300,29.469036
"2013-09-13",31.07,31.299999,30.91,31.049999,3087300,29.440596
"2013-09-16",31.440001,32.18,31.389999,31.85,7069200,30.199125
"2013-09-17",32.009998,32.52,31.98,32.380001,4616300,30.70166
"2013-09-18",32.279999,32.73,31.959999,32.720001,3913200,31.024033
"2013-09-19",32.799999,32.900002,32.16,32.509998,4128700,30.824915
"2013-09-20",32.68,32.75,31.870001,32.189999,11372300,30.521505
"2013-09-23",32.189999,32.189999,31.35,31.58,3322100,29.943119
"2013-09-24",31.620001,31.66,31.209999,31.48,2212100,29.848305
"2013-09-25",31.48,31.59,31.030001,31.059999,3165800,29.450075
"2013-09-26",31.219999,31.639999,31.200001,31.58,2289100,29.943119
"2013-09-27",31.559999,31.6,31.049999,31.15,2391000,29.535412
"2013-09-30",31.1,31.32,30.93,31.120001,2890400,29.506969
"2013-10-01",31.120001,32.040001,31.01,31.780001,3263200,30.132757
"2013-10-02",31.67,32.130001,31.43,32,3071500,30.341358
"2013-10-03",31.790001,31.82,31.34,31.48,2520500,29.848305
"2013-10-04",32.290001,32.560001,31.639999,32.049999,5795500,30.388763
"2013-10-07",31.700001,32.380001,31.59,31.93,4420200,30.274984
"2013-10-08",31.860001,32.09,31.459999,31.530001,4152500,29.895714
"2013-10-09",31.73,31.73,31.08,31.43,3379900,29.800901
"2013-10-10",31.780001,32.360001,31.469999,32.360001,4397600,30.682692
"2013-10-11",32.439999,32.77,32.029999,32.400002,6164800,30.720619
"2013-10-14",32.029999,32.459999,31.860001,32.290001,2527800,30.616325
"2013-10-15",32.220001,32.419998,32,32.07,2326600,30.407728
"2013-10-16",32.259998,32.970001,32.259998,32.889999,3625900,31.185232
"2013-10-17",32.830002,33.189999,32.77,33.029999,2891500,31.317966
"2013-10-18",33.16,33.299999,32.849998,33.220001,3979400,31.498117
"2013-10-21",33.16,33.34,32.619999,32.77,2677800,31.071442
"2013-10-22",32.919998,33,32.259998,32.509998,3084600,30.824915
"2013-10-23",32.48,32.900002,32.48,32.599998,2817700,30.910255
"2013-10-24",32.75,32.889999,32.5,32.740002,2351500,31.042995
"2013-10-25",32.799999,32.799999,32.349998,32.470001,1480800,30.786993
"2013-10-28",32.529999,32.529999,31.940001,31.98,3636400,30.322395
"2013-10-29",31.99,32.299999,31.92,32.029999,2912000,30.369799
"2013-10-30",32.169998,32.610001,31.950001,32.060001,4398600,30.460064
"2013-10-31",32,32.279999,31.66,31.66,4241700,30.080021
"2013-11-01",31.77,31.93,31.379999,31.84,5890500,30.251041
"2013-11-04",31.84,31.99,31.52,31.93,3838900,30.336544
"2013-11-05",31.9,31.969999,31.26,31.690001,6642200,30.108524
"2013-11-06",32.080002,32.18,30.889999,31.27,6722800,29.709478
"2013-11-07",31.379999,31.530001,30.860001,31.040001,5204600,29.490963
"2013-11-08",31.17,31.629999,30.959999,31.59,4664000,30.013508
"2013-11-11",31.700001,32,31.620001,31.77,3078700,30.18453
"2013-11-12",31.75,31.98,31.450001,31.84,3204200,30.251041
"2013-11-13",31.65,31.809999,31.280001,31.719999,4179800,30.137032
"2013-11-14",31.93,32.18,31.48,31.68,2945000,30.09902
"2013-11-15",31.690001,31.870001,31.41,31.809999,3601700,30.222534
"2013-11-18",31.84,31.959999,31.459999,31.620001,2927500,30.042011
"2013-11-19",31.66,31.950001,31.200001,31.42,2571200,29.852001
"2013-11-20",31.42,31.82,31.209999,31.370001,2374400,29.804493
"2013-11-21",31.49,31.719999,31.32,31.58,4425000,30.004011
"2013-11-22",31.639999,31.73,31.25,31.360001,3850500,29.794992
"2013-11-25",31.41,31.42,31.059999,31.290001,4719800,29.728487
"2013-11-26",31.459999,31.92,31.389999,31.42,4398400,29.852001
"2013-11-27",31.450001,31.549999,31.1,31.280001,1783200,29.718988
"2013-11-29",31.290001,31.450001,31.08,31.15,1058600,29.595472
"2013-12-02",31.309999,31.6,31.09,31.15,4065200,29.595472
"2013-12-03",31.129999,31.24,30.889999,31.09,5514800,29.538464
"2013-12-04",31.07,31.34,30.959999,31.209999,3196400,29.652473
"2013-12-05",31.200001,31.709999,31,31.440001,6498000,29.871002
"2013-12-06",31.620001,31.690001,31.299999,31.540001,3263700,29.966009
"2013-12-09",31.559999,31.940001,31.389999,31.75,3073800,30.165529
"2013-12-10",31.620001,31.620001,31.200001,31.360001,2941900,29.794992
"2013-12-11",31.43,31.540001,30.76,31.09,4436300,29.538464
"2013-12-12",30.98,31.41,30.98,31.17,3603500,29.614475
"2013-12-13",31.309999,31.889999,31.23,31.58,3286500,30.004011
"2013-12-16",31.67,32,31.549999,32,2635600,30.403049
"2013-12-17",31.91,31.969999,31.32,31.639999,2629700,30.061018
"2013-12-18",31.610001,32.200001,31.299999,32.169998,3684400,30.564568
"2013-12-19",32.139999,32.369999,31.66,32.310001,3447300,30.69759
"2013-12-20",32.330002,32.689999,32.259998,32.380001,3681000,30.764088
"2013-12-23",32.610001,32.639999,32.16,32.369999,2219800,30.754589
"2013-12-24",32.299999,32.48,32.07,32.369999,624300,30.754589
"2013-12-26",32.5,32.779999,32.400002,32.59,1504700,30.963606
"2013-12-27",32.689999,32.77,32.470001,32.669998,1322400,31.03961
"2013-12-30",32.740002,32.84,32.540001,32.669998,1803600,31.03961
"2013-12-31",32.799999,32.810001,32.459999,32.689999,2270400,31.058619
"2014-01-02",32.529999,32.66,32.110001,32.360001,2576100,30.745085
"2014-01-03",32.34,32.5,32.02,32.049999,2524900,30.45056
"2014-01-06",32.299999,32.73,31.85,31.98,2763200,30.384054
"2014-01-07",32.189999,32.450001,31.950001,32.099998,2338200,30.49806
"2014-01-08",31.709999,32.09,31.51,31.74,3965900,30.156033
"2014-01-09",31.83,31.969999,31.530001,31.959999,2303300,30.365049
"2014-01-10",31.9,32.560001,31.860001,32.540001,2999900,30.916111
"2014-01-13",32.389999,32.419998,31.690001,31.780001,4042800,30.194033
"2014-01-14",31.940001,31.99,31.65,31.85,2334500,30.260538
"2014-01-15",31.889999,31.959999,31.68,31.809999,2916300,30.222534
"2014-01-16",31.85,32.080002,31.709999,32,1960400,30.403049
"2014-01-17",31.91,32.09,31.629999,31.73,2502500,30.146528
"2014-01-21",31.98,32.09,31.26,31.27,5681900,29.709478
"2014-01-22",31.42,31.67,31.26,31.459999,5693600,29.889997
"2014-01-23",31.459999,31.83,31.4,31.74,3263800,30.156033
"2014-01-24",31.51,31.67,31.299999,31.459999,4520900,29.889997
"2014-01-27",31.530001,31.620001,31.26,31.360001,6934000,29.794992
"2014-01-28",31.32,31.620001,31.190001,31.440001,4203400,29.939739
"2014-01-29",31.27,31.450001,30.719999,30.780001,3152000,29.31123
"2014-01-30",31.07,31.33,30.59,30.67,4700400,29.206482
"2014-01-31",30.389999,30.540001,30.07,30.360001,5302200,28.911274
"2014-02-03",30.4,30.549999,30.139999,30.370001,6569400,28.920803
"2014-02-04",30.559999,30.75,30.139999,30.23,3657300,28.787483
"2014-02-05",30.1,30.43,29.950001,30.129999,3758700,28.692245
"2014-02-06",30.09,30.24,30,30.049999,3327100,28.61607
"2014-02-07",30.110001,30.799999,30.110001,30.700001,4130100,29.235056
"2014-02-10",30.780001,31.530001,30.780001,31.139999,6339700,29.654057
"2014-02-11",29.629999,29.75,28.77,29.129999,29137200,27.739965
"2014-02-12",29.200001,30.129999,29.129999,30,14394200,28.568449
"2014-02-13",29.93,30.17,29.559999,29.67,7891600,28.2542
"2014-02-14",29.620001,30,29.549999,29.879999,5571100,28.454176
"2014-02-18",29.91,30.59,29.879999,30.27,6087800,28.825567
"2014-02-19",30.040001,30.16,29.629999,29.75,6169900,28.330381
"2014-02-20",29.74,30.17,29.639999,29.969999,4699300,28.539885
"2014-02-21",29.99,30.030001,29.530001,29.610001,3235700,28.197063
"2014-02-24",29.780001,30.07,29.620001,29.700001,3105500,28.282768
"2014-02-25",29.559999,30.379999,29.549999,30.129999,4412600,28.692245
"2014-02-26",30.040001,30.450001,30,30.4,3647400,28.949369
"2014-02-27",30.4,30.74,30.35,30.719999,3778000,29.254097
"2014-02-28",30.75,31.02,30.629999,31.02,5186800,29.539782
"2014-03-03",30.879999,31.18,30.790001,30.99,3534700,29.511211
"2014-03-04",31.23,31.299999,30.799999,30.889999,5501800,29.415981
"2014-03-05",31,31.139999,30.59,30.719999,4399200,29.254097
"2014-03-06",30.82,31.049999,30.67,30.780001,3617500,29.31123
"2014-03-07",30.879999,30.99,30.469999,30.58,4421500,29.120777
"2014-03-10",30.620001,30.639999,30.200001,30.35,3902900,28.901752
"2014-03-11",30.469999,30.629999,30.08,30.280001,2641400,28.835094
"2014-03-12",30.07,30.24,29.65,29.700001,4363300,28.282768
"2014-03-13",29.719999,29.780001,29.059999,29.25,4090900,27.854246
"2014-03-14",29.25,29.82,29.23,29.42,4021900,28.016127
"2014-03-17",29.48,29.610001,29.32,29.379999,3837100,27.978041
"2014-03-18",29.42,29.48,29.25,29.280001,5453400,27.882807
"2014-03-19",29.309999,30.110001,29.27,29.91,5692400,28.482752
"2014-03-20",29.809999,30.110001,29.67,30.09,3672400,28.654161
"2014-03-21",30.370001,30.43,29.190001,29.26,9668600,27.863766
"2014-03-24",29.32,29.379999,28.969999,29.139999,4632800,27.749493
"2014-03-25",29.27,29.379999,29.110001,29.26,3182000,27.863766
"2014-03-26",29.41,29.450001,29.16,29.209999,3914800,27.816149
"2014-03-27",29.209999,29.4,29.08,29.299999,2984200,27.901855
"2014-03-28",29.459999,29.51,28.91,29.01,6398900,27.62569
"2014-03-31",29.07,29.139999,28.66,28.940001,8689200,27.559031
"2014-04-01",28.969999,29.389999,28.969999,29.35,3658000,27.949474
"2014-04-02",29.280001,29.700001,29.139999,29.620001,2341200,28.206587
"2014-04-03",29.709999,29.709999,29.389999,29.620001,2896500,28.206587
"2014-04-04",29.639999,30.01,29.209999,29.32,4963400,27.920898
"2014-04-07",29.25,29.32,28.85,29,4073700,27.616173
"2014-04-08",28.9,29.219999,28.68,29.15,4744600,27.75901
"2014-04-09",29.219999,29.219999,28.77,29.059999,3631300,27.673309
"2014-04-10",28.99,29.219999,28.799999,28.860001,5372600,27.482855
"2014-04-11",28.76,28.870001,28.280001,28.4,3185500,27.0448
"2014-04-14",28.48,28.780001,28.26,28.48,2559900,27.120987
"2014-04-15",28.57,28.57,28.139999,28.549999,3231600,27.187645
"2014-04-16",28.549999,28.700001,28.4,28.530001,4220000,27.168596
"2014-04-17",28.51,28.709999,28.459999,28.6,3425800,27.235256
"2014-04-21",28.700001,29.059999,28.530001,29.030001,4437500,27.644743
"2014-04-22",29.52,30.02,29.190001,29.889999,8353800,28.463701
"2014-04-23",29.75,29.889999,29.299999,29.389999,3803300,27.987564
"2014-04-24",29.299999,30.02,29.25,29.889999,4412100,28.533607
"2014-04-25",29.809999,30.290001,29.620001,30.16,4857700,28.791353
"2014-04-28",30.52,30.67,30.040001,30.4,3704400,29.020464
"2014-04-29",30.43,30.530001,30.200001,30.530001,2531700,29.144567
"2014-04-30",30.360001,30.459999,29.959999,30.26,4116100,28.886818
"2014-05-01",30.309999,30.530001,30.18,30.309999,3207000,28.934544
"2014-05-02",30.32,30.75,30.299999,30.639999,3042100,29.249571
"2014-05-05",30.42,30.629999,30.110001,30.530001,4425200,29.144567
"2014-05-06",29.85,31.389999,29.559999,30.889999,6532400,29.48822
"2014-05-07",30.1,30.74,30,30.65,6810600,29.259119
"2014-05-08",30.549999,30.809999,30.41,30.48,2687200,29.09683
"2014-05-09",30.469999,30.57,30.049999,30.540001,3339700,29.154104
"2014-05-12",30.58,30.860001,30.549999,30.809999,1971000,29.411858
"2014-05-13",30.799999,30.860001,30.6,30.73,1932200,29.335482
"2014-05-14",30.639999,30.809999,30.48,30.639999,2253600,29.249571
"2014-05-15",30.530001,30.639999,30.35,30.459999,3104500,29.077736
"2014-05-16",30.43,30.610001,30.32,30.6,3058700,29.211388
"2014-05-19",30.6,30.629999,30.280001,30.459999,3671100,29.077736
"2014-05-20",30.51,30.59,30.27,30.280001,2538700,28.905907
"2014-05-21",30.379999,30.5,30.24,30.42,2421900,29.039557
"2014-05-22",30.35,30.549999,30.26,30.33,4522700,28.953638
"2014-05-23",30.34,30.58,30.299999,30.530001,4085500,29.144567
"2014-05-27",30.74,30.77,30.540001,30.700001,2395700,29.306852
"2014-05-28",30.73,30.73,30.43,30.48,5791000,29.09683
"2014-05-29",30.6,30.77,30.5,30.719999,2610800,29.325939
"2014-05-30",30.790001,30.93,30.67,30.700001,3076700,29.306852
"2014-06-02",30.799999,30.959999,30.65,30.92,3561300,29.516863
"2014-06-03",30.889999,31.26,30.790001,31.25,3323000,29.831886
"2014-06-04",31.18,31.450001,31.129999,31.370001,3349900,29.946444
"2014-06-05",31.41,31.65,31.219999,31.610001,2784700,30.17555
"2014-06-06",31.620001,31.799999,31.610001,31.74,2524200,30.299656
"2014-06-09",31.780001,32.009998,31.65,32.009998,3189400,30.557398
"2014-06-10",31.940001,32.509998,31.91,32.5,4639800,31.025167
"2014-06-11",32.5,32.529999,32.099998,32.130001,3600700,30.671957
"2014-06-12",32.080002,32.130001,31.82,31.99,4298500,30.538305
"2014-06-13",31.959999,32.139999,31.83,32.119999,1904500,30.662405
"2014-06-16",32.080002,32.209999,31.99,32.130001,2197200,30.671957
"2014-06-17",32.060001,32.849998,32.060001,32.810001,4407200,31.321096
"2014-06-18",32.720001,32.889999,32.459999,32.889999,2482800,31.39747
"2014-06-19",32.970001,33.049999,32.529999,32.549999,4062900,31.072897
"2014-06-20",32.400002,32.580002,32.049999,32.459999,7836200,30.986982
"2014-06-23",32.540001,32.73,32.43,32.639999,2513600,31.158812
"2014-06-24",32.669998,32.700001,32.349998,32.369999,1772500,30.90106
"2014-06-25",32.41,32.57,32.290001,32.369999,2751400,30.90106
"2014-06-26",32.349998,32.43,32.080002,32.240002,2240100,30.776962
"2014-06-27",32.209999,32.41,32.16,32.380001,1435000,30.91061
"2014-06-30",32.450001,32.73,32.119999,32.27,1847300,30.805603
"2014-07-01",32.459999,32.610001,32.310001,32.509998,2263500,31.034704
"2014-07-02",32.5,32.759998,32.5,32.740002,1850700,31.254269
"2014-07-03",32.759998,32.919998,32.650002,32.91,1370200,31.416555
"2014-07-07",32.880001,32.889999,32.560001,32.560001,2087600,31.082443
"2014-07-08",32.400002,32.509998,32.169998,32.48,1846200,31.006075
"2014-07-09",32.470001,32.639999,32.290001,32.459999,1339900,30.986982
"2014-07-10",32.220001,32.689999,32.02,32.52,2003800,31.044256
"2014-07-11",32.439999,32.560001,32.299999,32.369999,1422900,30.90106
"2014-07-14",32.560001,32.849998,32.400002,32.73,1900200,31.24473
"2014-07-15",32.630001,32.709999,32.259998,32.389999,2496200,30.920153
"2014-07-16",32.43,32.700001,32.349998,32.630001,1768100,31.149267
"2014-07-17",32.43,32.509998,32.150002,32.209999,2154100,30.748323
"2014-07-18",32.150002,32.740002,32.07,32.689999,3261000,31.206539
"2014-07-21",32.610001,32.880001,32.599998,32.849998,2513300,31.359282
"2014-07-22",32.959999,33.23,32.830002,32.869999,2590600,31.378374
"2014-07-23",32.849998,32.939999,32.779999,32.84,2078600,31.349733
"2014-07-24",32.900002,32.970001,32.759998,32.889999,2007900,31.39747
"2014-07-25",32.77,32.900002,32.68,32.82,1579600,31.33065
"2014-07-28",32.77,32.970001,32.669998,32.860001,1627800,31.368828
"2014-07-29",32.799999,33.220001,32.700001,33.029999,2994400,31.531115
"2014-07-30",33.150002,33.25,32.919998,33.139999,1800600,31.636114
"2014-07-31",32.91,33.130001,32.869999,32.91,3002700,31.416555
"2014-08-01",32.77,33.040001,32.59,32.740002,5381100,31.254269
"2014-08-04",32.720001,33.349998,32.580002,33.240002,4676100,31.731585
"2014-08-05",32.57,32.880001,31.98,32.209999,5933100,30.748323
"2014-08-06",32.029999,32.369999,32.009998,32.299999,3163800,30.834236
"2014-08-07",32.369999,32.48,31.67,31.790001,3747800,30.347382
"2014-08-08",31.799999,32.34,31.799999,32.32,2191500,30.853338
"2014-08-11",32.459999,32.650002,32.380001,32.599998,2282500,31.120626
"2014-08-12",32.48,32.689999,32.349998,32.450001,2837900,30.97743
"2014-08-13",32.709999,33.040001,32.689999,32.869999,3729200,31.378374
"2014-08-14",32.93,33.099998,32.869999,33.07,2562500,31.569296
"2014-08-15",33.130001,33.700001,33.130001,33.689999,3843000,32.161163
"2014-08-18",33.75,34.009998,33.700001,33.93,3459500,32.459644
"2014-08-19",33.950001,34.57,33.889999,34.52,2922500,33.024078
"2014-08-20",34.52,34.849998,34.450001,34.790001,2720500,33.282375
"2014-08-21",34.77,34.98,34.689999,34.889999,2041800,33.378036
"2014-08-22",34.82,34.939999,34.73,34.889999,2300500,33.378036
"2014-08-25",35,35.029999,34.810001,34.900002,2417200,33.387611
"2014-08-26",34.98,35.209999,34.84,35.130001,2956600,33.607635
"2014-08-27",35.18,35.48,35.07,35.34,2746100,33.80854
"2014-08-28",35.169998,35.380001,35.07,35.330002,3760400,33.798981
"2014-08-29",35.330002,35.439999,35.009998,35.439999,1190900,33.904205
"2014-09-02",35.439999,35.59,35.32,35.48,1654000,33.942474
"2014-09-03",36.630001,36.650002,35.529999,35.759998,4220600,34.210331
"2014-09-04",35.77,35.889999,35.389999,35.509998,2383100,33.971169
"2014-09-05",35.610001,36.049999,35.450001,36.040001,1602900,34.47821
"2014-09-08",36,36.310001,35.950001,36.279999,1913500,34.707802
"2014-09-09",36.25,36.299999,36.009998,36.18,2832500,34.612137
"2014-09-10",36.310001,36.34,35.880001,36.240002,2287400,34.66954
"2014-09-11",36.150002,36.290001,36.09,36.27,1768900,34.698242
"2014-09-12",36.209999,36.240002,36.09,36.18,1920000,34.612137
"2014-09-15",36.25,36.32,36.130001,36.27,2164600,34.698242
"2014-09-16",36.279999,36.549999,36.200001,36.490002,2253000,34.908703
"2014-09-17",36.540001,36.68,36.34,36.650002,2525600,35.06176
"2014-09-18",36.740002,37.080002,36.630001,36.700001,2336300,35.109612
"2014-09-19",36.84,37.310001,36.84,37.200001,6105100,35.587929
"2014-09-22",37.220001,37.299999,36.5,36.619999,4951100,35.03307
"2014-09-23",36.310001,36.490002,35.849998,35.880001,4421800,34.325127
"2014-09-24",35.990002,36.630001,35.950001,36.580002,4714100,34.994804
"2014-09-25",36.57,36.59,36.119999,36.299999,2062000,34.726936
"2014-09-26",36.360001,36.75,36.189999,36.630001,2124800,35.042637
"2014-09-29",36.299999,36.810001,36.169998,36.790001,2075600,35.195709
"2014-09-30",37.049999,37.110001,36.77,36.950001,3412900,35.34877
"2014-10-01",36.869999,37.009998,36.23,36.450001,5508300,34.870441
"2014-10-02",36.580002,36.970001,36.459999,36.91,3670200,35.310505
"2014-10-03",36.869999,37.73,36.869999,37.669998,5948500,36.037563
"2014-10-06",37.810001,37.970001,37.599998,37.66,2693400,36.028015
"2014-10-07",37.400002,37.560001,36.619999,36.709999,8116900,35.119171
"2014-10-08",36.799999,37.57,36.630001,37.549999,3565700,35.92276
"2014-10-09",37.490002,37.630001,36.900002,37.02,4336700,35.415741
"2014-10-10",37.02,37.299999,36.639999,36.68,3689300,35.090473
"2014-10-13",36.669998,36.669998,35.529999,35.57,6676400,34.028568
"2014-10-14",35.830002,36.16,35.459999,35.869999,3078700,34.315559
"2014-10-15",35.360001,35.389999,34.16,35.259998,7155800,33.732002
"2014-10-16",34.740002,35.52,34.18,35.07,4181300,33.55024
"2014-10-17",35.400002,35.599998,34.950001,35.369999,3438500,33.837234
"2014-10-20",35.369999,35.689999,35.310001,35.41,2543800,33.875511
"2014-10-21",35.57,36.18,35.540001,36.09,4772800,34.526035
"2014-10-22",36.060001,36.34,35.880001,35.889999,2263500,34.334705
"2014-10-23",35.799999,36.450001,35.470001,36.110001,2925800,34.545166
"2014-10-24",36.200001,36.599998,36.099998,36.580002,1419000,34.994804
"2014-10-27",36.599998,36.779999,36.490002,36.57,2511400,34.985233
"2014-10-28",36.66,37.02,36.509998,37.009998,1533400,35.406166
"2014-10-29",36.880001,36.939999,36.310001,36.619999,2269900,35.03307
"2014-10-30",36.630001,37.400002,36.549999,37.32,2137900,35.70274
"2014-10-31",37.740002,37.91,37.049999,37.16,2589500,35.549664
"2014-11-03",37.080002,37.82,37.02,37.720001,4071300,36.155464
"2014-11-04",38.009998,39.119999,38.009998,39.119999,9723700,37.497395
"2014-11-05",39.290001,39.41,38.759998,39.27,11878900,37.641155
"2014-11-06",39.349998,39.720001,39.27,39.709999,4457100,38.062901
"2014-11-07",39.650002,40.299999,39.619999,40.23,6819000,38.561344
"2014-11-10",40.299999,40.34,40.029999,40.16,7530100,38.494255
"2014-11-11",40.16,44.130001,39.919998,43.720001,20228500,41.906593
"2014-11-12",43.900002,43.959999,42.57,42.639999,21414900,40.871376
"2014-11-13",42.66,43.290001,42.610001,43.240002,6151300,41.446499
"2014-11-14",43.189999,43.450001,42.860001,43.139999,2689500,41.350639
"2014-11-17",43.860001,44.43,42.98,44.23,9537400,42.395443
"2014-11-18",44.880001,44.939999,43.029999,44.189999,12180600,42.35709
"2014-11-19",44.330002,44.380001,43.209999,43.400002,7031100,41.599861
"2014-11-20",42.91,43.25,42.709999,43.150002,5091100,41.360233
"2014-11-21",43.48,43.869999,42.849998,43.869999,5192500,42.050365
"2014-11-24",44.09,44.93,43.830002,44.580002,4179400,42.730923
"2014-11-25",44.580002,44.720001,43.869999,43.91,3589000,42.088711
"2014-11-26",44.27,44.700001,43.869999,44.669998,2131400,42.817192
"2014-11-28",44.75,45.09,44.75,44.93,1332200,43.066399
"2014-12-01",45.200001,45.240002,44.259998,44.369999,3153000,42.529625
"2014-12-02",44.369999,44.950001,44.279999,44.740002,2500600,42.884281
"2014-12-03",44.740002,45.009998,44.389999,44.880001,2003600,43.018475
"2014-12-04",44.790001,44.900002,43.849998,44,4294300,42.174973
"2014-12-05",43.970001,44.459999,43.830002,43.98,3314000,42.1558
"2014-12-08",44.200001,44.389999,43.869999,44.099998,5889300,42.270821
"2014-12-09",43.18,44.490002,42.740002,43.82,5515000,42.002434
"2014-12-10",43.849998,44.200001,42.700001,42.77,4393500,40.995998
"2014-12-11",42.970001,43.5,42.759998,42.880001,4942200,41.101429
"2014-12-12",42.720001,43.09,41.740002,41.77,4050300,40.03746
"2014-12-15",42.25,42.490002,41.34,41.740002,5943600,40.00872
"2014-12-16",41.650002,42.009998,40.830002,40.849998,4606400,39.155628
"2014-12-17",41.080002,41.43,40.830002,41.130001,7627700,39.424023
"2014-12-18",41.84,43.150002,41.790001,43.150002,6578100,41.360233
"2014-12-19",43.029999,43.73,42.630001,43.509998,5601600,41.705307
"2014-12-22",43.57,43.779999,42.950001,43.41,1913800,41.609444
"2014-12-23",43.599998,43.73,42.759998,42.970001,2612500,41.187691
"2014-12-24",43.060001,43.990002,43,43.84,1300600,42.02161
"2014-12-26",43.799999,44.290001,43.799999,44.200001,1518000,42.36668
"2014-12-29",44.02,44.23,43.849998,44.009998,2006700,42.184563
"2014-12-30",43.98,44.099998,43.09,43.349998,2251100,41.551926
"2014-12-31",43.459999,43.880001,43,43.029999,2131900,41.245205
"2015-01-02",43.459999,43.700001,43.07,43.310001,1784200,41.513596
"2015-01-05",43.25,43.630001,42.970001,43.049999,3112100,41.264381
"2015-01-06",43.150002,43.360001,42.299999,42.630001,3977200,40.861805
"2015-01-07",43,43.560001,42.98,43.509998,2481800,41.705307
"2015-01-08",44.75,44.869999,44,44.18,3121300,42.347507
"2015-01-09",44.060001,44.439999,43.68,44.25,2999100,42.414597
"2015-01-12",44.34,44.34,43.290001,43.419998,2168300,41.61903
"2015-01-13",43.889999,44.220001,42.57,42.810001,3668600,41.034332
"2015-01-14",42.5,43.23,42.290001,43.029999,2481300,41.245205
"2015-01-15",43.27,43.77,42.900002,42.939999,2719300,41.158939
"2015-01-16",42.799999,44.290001,42.77,44.220001,2761600,42.385853
"2015-01-20",44.200001,44.200001,43.220001,43.560001,3471000,41.831745
"2015-01-21",43.57,44.630001,43.439999,44.25,1991900,42.494362
"2015-01-22",44.349998,44.82,43.650002,44.509998,2914700,42.744049
"2015-01-23",44.52,44.799999,43.970001,44.119999,2885500,42.369518
"2015-01-26",44.040001,44.310001,43.849998,44.09,1926800,42.340714
"2015-01-27",43.599998,43.900002,43.209999,43.299999,3008300,41.582058
"2015-01-28",43.73,44.290001,43.07,43.110001,2425100,41.399601
"2015-01-29",43.049999,43.68,42.560001,43.32,4927300,41.601254
"2015-01-30",43.18,43.560001,42.639999,42.73,3146000,41.034672
"2015-02-02",43.029999,43.380001,42.369999,43.380001,2136700,41.65889
"2015-02-03",43.509998,43.810001,43.200001,43.5,4910800,41.774117
"2015-02-04",43.860001,44.040001,43.220001,43.459999,5102900,41.735703
"2015-02-05",43.549999,44.080002,43.119999,43.400002,3470900,41.678089
"2015-02-06",43.439999,44.240002,43.279999,43.66,5408000,41.927784
"2015-02-09",43.5,43.66,42.66,42.869999,4467100,41.169121
"2015-02-10",43.130001,44.009998,42.810001,43.91,4111200,42.167862
"2015-02-11",44.880001,46.119999,44.880001,45.77,7071100,43.954056
"2015-02-12",47.240002,47.400002,45.259998,45.790001,6989600,43.973259
"2015-02-13",44.740002,45.5,44.360001,45.459999,6413300,43.656349
"2015-02-17",45.549999,46.240002,45.450001,46.200001,4055800,44.366997
"2015-02-18",46.110001,46.43,45.82,45.849998,3276900,44.030876
"2015-02-19",45.830002,46,45.490002,45.650002,2928800,43.838821
"2015-02-20",45.700001,45.889999,45.110001,45.599998,3713000,43.790798
"2015-02-23",45.709999,45.93,45.209999,45.580002,2664500,43.771591
"2015-02-24",45.650002,45.790001,45.279999,45.400002,1869800,43.598743
"2015-02-25",45.549999,45.970001,45.389999,45.720001,2958800,43.906036
"2015-02-26",45.830002,46.700001,45.799999,46.619999,4903000,44.770332
"2015-02-27",46.540001,46.880001,46.040001,46.09,5555500,44.261375
"2015-03-02",46.09,47.610001,46.09,47.310001,5261700,45.432957
"2015-03-03",47.279999,47.34,46.34,46.540001,2256200,44.693504
"2015-03-04",46.400002,46.490002,45.860001,46.23,3293000,44.395802
"2015-03-05",46.689999,46.830002,45.990002,46.459999,2327600,44.61668
"2015-03-06",46.299999,46.529999,45.669998,45.779999,3486500,43.963657
"2015-03-09",45.869999,46.959999,45.48,46.290001,3757800,44.453419
"2015-03-10",46.130001,46.279999,45.68,45.700001,2189500,43.886833
"2015-03-11",45.880001,46.580002,45.73,46.009998,3245000,44.18454
"2015-03-12",46.310001,46.869999,46.139999,46.84,2276500,44.981613
"2015-03-13",46.860001,46.860001,46.02,46.450001,2487100,44.607082
"2015-03-16",46.709999,47.029999,46.549999,46.98,2519800,45.116047
"2015-03-17",46.619999,47.34,46.41,47.150002,2906900,45.279312
"2015-03-18",46.98,47.759998,46.669998,47.509998,3056000,45.625019
"2015-03-19",47.459999,47.740002,47.099998,47.41,2000700,45.528988
"2015-03-20",47.490002,47.919998,47.099998,47.34,4542700,45.461769
"2015-03-23",47.549999,47.700001,47.040001,47.150002,4820100,45.279312
"2015-03-24",47.240002,47.610001,46.759998,47.02,1938100,45.154465
"2015-03-25",47.169998,47.380001,46.220001,46.27,4148400,44.434227
"2015-03-26",46.02,46.389999,45.689999,46.110001,3550800,44.28056
"2015-03-27",46.139999,46.529999,46,46.220001,2801700,44.386204
"2015-03-30",46.470001,46.959999,46.419998,46.919998,2206900,45.058434
"2015-03-31",46.759998,46.93,46.290001,46.290001,2768400,44.453419
"2015-04-01",46.299999,46.560001,45.959999,46.27,4751300,44.434227
"2015-04-02",46.450001,46.66,46.200001,46.5,3084000,44.65509
"2015-04-06",46.150002,46.669998,46.009998,46.330002,2385300,44.491837
"2015-04-07",46.400002,46.860001,46.330002,46.360001,2367100,44.600548
"2015-04-08",46.369999,46.610001,46.119999,46.209999,2565400,44.456245
"2015-04-09",46.299999,46.740002,46.16,46.549999,2720800,44.783337
"2015-04-10",46.599998,47.290001,46.299999,47.169998,2278300,45.379803
"2015-04-13",47.25,47.439999,46.639999,46.66,2009300,44.889156
"2015-04-14",46.66,46.990002,46.02,46.900002,2672500,45.12006
"2015-04-15",47.049999,47.220001,46.91,47,1578500,45.216267
"2015-04-16",46.799999,47.169998,46.639999,47.139999,1585500,45.350941
"2015-04-17",46.900002,47.029999,46.459999,46.77,2885100,44.994991
"2015-04-20",46.889999,47.130001,46.709999,47.040001,2890200,45.254745
"2015-04-21",47.279999,47.580002,47.099998,47.540001,3139000,45.735767
"2015-04-22",47.450001,47.52,46.93,47.029999,2075700,45.245117
"2015-04-23",46.939999,47.099998,46.57,47.049999,2113300,45.264359
"2015-04-24",46.889999,47.990002,46.73,47.91,3449500,46.091724
"2015-04-27",47.98,47.990002,46.740002,46.830002,2684100,45.052723
"2015-04-28",46.720001,46.82,45.639999,45.73,4492400,43.994457
"2015-04-29",45.5,45.939999,45.099998,45.220001,3997600,43.503811
"2015-04-30",45.080002,45.450001,44.310001,44.419998,4330200,42.734184
"2015-05-01",44.73,44.91,44.389999,44.610001,5835100,42.916962
"2015-05-04",44.75,45.560001,44.709999,45.400002,4782900,43.676991
"2015-05-05",47.130001,47.439999,45.130001,45.68,7681200,43.946362
"2015-05-06",45.93,45.939999,45.189999,45.290001,4441400,43.571163
"2015-05-07",45.330002,45.75,45.029999,45.560001,2427000,43.83091
"2015-05-08",45.990002,46.09,45.57,45.900002,2548200,44.158009
"2015-05-11",45.91,46.349998,45.669998,46.09,3405100,44.340801
"2015-05-12",45.720001,45.860001,45.34,45.580002,2230400,43.850159
"2015-05-13",45.619999,46,45.419998,45.619999,2159800,43.88863
"2015-05-14",45.869999,46.32,45.48,46.279999,1959600,44.523586
"2015-05-15",46.52,46.91,46.43,46.490002,2831500,44.72562
"2015-05-18",46.450001,46.77,46.32,46.73,2890600,44.956505
"2015-05-19",46.880001,47.689999,46.740002,47.450001,3845700,45.649181
"2015-05-20",47.470001,47.810001,46.990002,47.279999,2206600,45.48563
"2015-05-21",47.330002,47.889999,47.049999,47.799999,3599300,45.985893
"2015-05-22",47.709999,47.84,47.5,47.630001,1832300,45.822346
"2015-05-26",47.52,48.049999,47.509998,47.950001,3999500,46.130211
"2015-05-27",47.98,49.48,47.669998,49.450001,5447800,47.573292
"2015-05-28",49.290001,49.549999,48.400002,49.110001,4934000,47.246189
"2015-05-29",49.439999,49.959999,49.130001,49.77,5617100,47.881142
"2015-06-01",49.919998,50.369999,49.369999,49.779999,4496100,47.890751
"2015-06-02",49.720001,49.970001,48.900002,49.580002,2680500,47.698353
"2015-06-03",49.880001,49.900002,49.34,49.549999,1976000,47.669479
"2015-06-04",49.049999,49.59,48.849998,48.900002,2080700,47.044147
"2015-06-05",48.700001,49.169998,48.41,49.009998,2412000,47.149982
"2015-06-08",48.75,49.220001,48.740002,48.799999,1906400,46.947941
"2015-06-09",48.669998,49.369999,48.52,49.240002,2675500,47.371246
"2015-06-10",49.41,49.900002,49,49.689999,2012100,47.80418
"2015-06-11",49.799999,50.040001,49.599998,49.869999,2055700,47.977341
"2015-06-12",49.630001,49.860001,49.009998,49.080002,2033300,47.217323
"2015-06-15",48.84,49.349998,48.709999,49.27,3015000,47.400097
"2015-06-16",49.299999,49.73,48.900002,49.709999,1817900,47.823429
"2015-06-17",49.75,50.369999,49.709999,50.169998,2804400,48.265953
"2015-06-18",50.290001,50.599998,50.16,50.5,3696100,48.583431
"2015-06-19",50.360001,50.619999,50.200001,50.240002,2906800,48.333298
"2015-06-22",50.599998,50.700001,50.07,50.220001,2040400,48.314056
"2015-06-23",50.41,50.849998,50.240002,50.470001,2104100,48.554577
"2015-06-24",50.25,50.299999,49.709999,49.709999,2561900,47.823429
"2015-06-25",49.84,55.380001,49.57,55.380001,3228100,53.278221
"2015-06-26",53.93,54,48.259998,48.619999,20823300,46.77478
"2015-06-29",48.509998,48.689999,47.040001,47.07,5149400,45.2836
"2015-06-30",47.669998,48.610001,47.209999,48.220001,4268800,46.389957
"2015-07-01",48.75,49.040001,47.830002,48.43,5532100,46.591984
"2015-07-02",48.599998,48.66,47.889999,48.310001,2070900,46.476551
"2015-07-06",48.040001,48.400002,47.77,48.400002,3088100,46.563129
"2015-07-07",48.540001,48.779999,47.099998,47.880001,5656200,46.062859
"2015-07-08",47.349998,47.43,46.459999,46.48,3452800,44.716003
"2015-07-09",47.110001,47.369999,46.560001,46.57,3417400,44.802586
"2015-07-10",47,47.189999,46.82,46.959999,2917500,45.17778
"2015-07-13",47.099998,47.439999,46.84,47.040001,3050000,45.254745
"2015-07-14",47.040001,47.560001,46.279999,47.459999,5636300,45.658806
"2015-07-15",47.5,47.630001,47.009998,47.110001,2099400,45.322079
"2015-07-16",47.389999,48.220001,47.389999,48,3423500,46.17831
"2015-07-17",48,48.299999,47.720001,47.799999,2324000,45.985893
"2015-07-20",48.099998,49.029999,48.02,48.98,3364200,47.121124
"2015-07-21",49.700001,49.75,48.93,49.119999,4412700,47.255802
"2015-07-22",49.049999,50.060001,49.02,50.02,2937300,48.121651
"2015-07-23",49.959999,50.389999,49.509998,49.849998,2457900,47.958092
"2015-07-24",49.900002,50.299999,49.330002,49.490002,2081000,47.611763
"2015-07-27",49.389999,49.57,48.77,49.48,1683500,47.602142
"2015-07-28",49.52,49.57,48.169998,48.849998,4846300,46.996048
"2015-07-29",49.099998,49.16,47.869999,48.400002,3629900,46.563129
"2015-07-30",47.959999,48.720001,47.959999,48.549999,1576800,46.707436
"2015-07-31",48.82,49.450001,48.740002,48.98,2539800,47.121124
"2015-08-03",49.16,49.490002,47.990002,48.48,3559500,46.640087
"2015-08-04",49.110001,50,48.279999,48.849998,4867300,46.996048
"2015-08-05",48.950001,49.119999,48.52,48.610001,4118200,46.76516
"2015-08-06",49.560001,50.25,47.970001,48.279999,3223400,46.447685
"2015-08-07",48.119999,48.470001,47.439999,48.310001,3466000,46.476551
"2015-08-10",48.5,49.09,48.279999,48.389999,3064500,46.553509
"2015-08-11",48.07,48.540001,47.84,48.209999,1946700,46.460018
"2015-08-12",47.900002,48.080002,46.880001,47.860001,3520300,46.122726
"2015-08-13",47.82,48.380001,47.599998,47.66,2574800,45.929989
"2015-08-14",47.650002,47.650002,46.939999,47.470001,2594500,45.746891
"2015-08-17",47.299999,48.709999,47.259998,48.689999,1849600,46.922604
"2015-08-18",48.59,48.779999,47.689999,47.73,2847800,45.997456
"2015-08-19",47.450001,48.18,47.220001,47.91,2153500,46.170921
"2015-08-20",47.360001,47.68,46.279999,46.380001,2515600,44.696457
"2015-08-21",45.849998,46.32,45.009998,45.02,3775200,43.385818
"2015-08-24",42.509998,44.970001,37.73,43.529999,5725500,41.949913
"2015-08-25",44.59,44.84,42.560001,42.560001,3814300,41.015118
"2015-08-26",43.549999,44.330002,41.990002,44.25,5873300,42.643772
"2015-08-27",44.709999,46.150002,44.110001,45.860001,4602100,44.195335
"2015-08-28",46.009998,46.130001,45.060001,45.779999,2711400,44.118233
"2015-08-31",45.740002,45.91,44.77,44.869999,2580000,43.241264
"2015-09-01",43.950001,44.889999,43.779999,43.98,4346100,42.383579
"2015-09-02",44.52,45.16,43.900002,45.119999,2699700,43.482197
"2015-09-03",45.32,45.619999,44.32,44.529999,2932500,42.913605
"2015-09-04",43.970001,44.73,43.529999,44.009998,4195500,42.412483
"2015-09-08",44.720001,44.939999,43.82,44.889999,4134900,43.260536
"2015-09-09",45.18,45.259998,43.849998,43.950001,2964700,42.354668
"2015-09-10",43.93,44.93,43.799999,44.34,2871200,42.730507
"2015-09-11",44.599998,45.130001,44.119999,45,2476200,43.36655
"2015-09-14",44.869999,45,44.189999,44.470001,2182200,42.855789
"2015-09-15",44.700001,45.130001,44.48,45.060001,1999900,43.424374
"2015-09-16",44.790001,44.849998,43.700001,44.509998,4242600,42.894341
"2015-09-17",44.75,46.630001,44.75,46.009998,5470500,44.339882
"2015-09-18",45.310001,45.700001,44.900002,45.119999,8078600,43.482197
"2015-09-21",45.279999,45.57,44.110001,44.5,2502700,42.884701
"2015-09-22",44.009998,44.52,43.740002,44.23,2368400,42.624504
"2015-09-23",44.200001,44.66,43.990002,44.32,1802500,42.711231
"2015-09-24",44.130001,44.200001,43.009998,43.59,3202000,42.007736
"2015-09-25",44.110001,44.139999,41.880001,42.509998,3498000,40.966927
"2015-09-28",42.27,42.299999,39.380001,39.959999,8954900,38.509491
"2015-09-29",40.299999,40.77,38.98,39.650002,7328400,38.210751
"2015-09-30",40.630001,41.220001,40.349998,41.18,4954100,39.685215
"2015-10-01",41.07,41.34,40.369999,41.290001,4131800,39.791218
"2015-10-02",40.630001,43.040001,40.490002,43.02,4036800,41.458416
"2015-10-05",43.150002,43.389999,42.349998,42.849998,5467700,41.294601
"2015-10-06",42.779999,43.099998,41.189999,41.389999,4622200,39.887589
"2015-10-07",41.59,42.709999,41.23,42.669998,4157200,41.121124
"2015-10-08",42.560001,43.400002,41.98,43.220001,4434600,41.651161
"2015-10-09",43.110001,43.310001,42.77,42.799999,2863000,41.246399
"2015-10-12",42.880001,43.07,42.43,42.709999,2848100,41.159668
"2015-10-13",42.540001,43.119999,42.189999,42.32,3285500,40.783829
"2015-10-14",42.34,42.959999,42.130001,42.380001,2940800,40.84166
"2015-10-15",41.689999,43.119999,41.580002,43,2481500,41.439148
"2015-10-16",43.209999,44.139999,43.189999,43.93,4120400,42.335388
"2015-10-19",43.810001,44.009998,43.23,43.779999,1924800,42.19083
"2015-10-20",43.66,43.779999,42.830002,43.09,2890400,41.525887
"2015-10-21",43.380001,43.560001,39.529999,41.66,9647400,40.147789
"2015-10-22",41.689999,41.900002,39.98,40.799999,8908000,39.318996
"2015-10-23",41.16,43.18,41.049999,42.540001,7391500,40.99585
"2015-10-26",42.439999,42.959999,41.990002,42.349998,2929300,40.812744
"2015-10-27",42.509998,43.360001,42.290001,42.740002,4570300,41.188583
"2015-10-28",42.689999,43.790001,42.310001,43.34,3219100,41.766804
"2015-10-29",43.310001,43.91,43.240002,43.549999,3019000,41.969185
"2015-10-30",43.380001,43.689999,42.889999,43.009998,3774400,41.448792
"2015-11-02",43.540001,44.52,43.169998,44.240002,4298800,42.634136
"2015-11-03",46.470001,46.900002,45.400002,46.630001,8007200,45.021851
"2015-11-04",46.650002,47.139999,46.23,46.549999,7718100,44.944603
"2015-11-05",46.560001,46.779999,44.919998,45.459999,5177500,43.892197
"2015-11-06",45.400002,46.279999,44.830002,45.970001,3496200,44.384609
"2015-11-09",45.779999,46.040001,44.959999,45.799999,3707900,44.22047
"2015-11-10",45.849998,46.040001,45.259998,45.880001,2963200,44.297714
"2015-11-11",45.919998,45.919998,45.060001,45.080002,2118900,43.525307
"2015-11-12",45.009998,45.189999,44.459999,44.529999,2858600,42.994267
"2015-11-13",44.369999,45.080002,44.200001,44.849998,3283700,43.30323
"2015-11-16",45,45.419998,44.73,45.299999,3532300,43.737713
"2015-11-17",45.029999,46.110001,44.73,45.77,3638700,44.191509
"2015-11-18",45.810001,47.200001,45.360001,47.18,3378000,45.552876
"2015-11-19",47.049999,47.209999,46.57,46.900002,2928500,45.282543
"2015-11-20",47,47.57,46.860001,47.32,3679400,45.688049
"2015-11-23",47.23,47.43,46.610001,46.959999,3265300,45.340466
"2015-11-24",46.560001,46.990002,46.299999,46.93,1713500,45.311497
"2015-11-25",46.799999,47.23,46.66,46.970001,2196800,45.350124
"2015-11-27",47.139999,47.23,46.91,47.080002,1155100,45.456326
"2015-11-30",47.080002,47.25,46.459999,46.700001,3481900,45.089432
"2015-12-01",46.810001,47.130001,46.209999,47.009998,2956900,45.388737
"2015-12-02",47.07,47.18,46.07,46.369999,2335100,44.770817
"2015-12-03",46.48,46.540001,44.939999,45.200001,2465300,43.641167
"2015-12-04",45.360001,46.5,45.169998,46.459999,2237600,44.857704
"2015-12-07",46.470001,46.830002,45.349998,45.91,2108700,44.326687
"2015-12-08",45.450001,46.200001,45.400002,45.939999,1335200,44.355648
"2015-12-09",45.610001,46.18,44.970001,45.209999,1768000,43.650818
"2015-12-10",45.16,46.490002,45.150002,46.099998,2472300,44.510132
"2015-12-11",45.389999,46,45.330002,45.830002,4233700,44.249435
"2015-12-14",45.849998,46.639999,45.549999,46.59,3895900,44.983219
"2015-12-15",47.049999,47.650002,46.869999,46.970001,4154100,45.350124
"2015-12-16",47.419998,47.549999,46.16,47.09,3441900,45.465992
"2015-12-17",47.27,47.57,46.490002,46.73,2642300,45.118401
"2015-12-18",46.599998,47.619999,46.490002,46.599998,5439700,44.992882
"2015-12-21",46.830002,47.369999,46.560001,47.34,2467100,45.707359
"2015-12-22",47.5,48.459999,47.389999,47.720001,2404600,46.074261
"2015-12-23",47.84,48.099998,47.610001,47.98,2368400,46.325287
"2015-12-24",47.860001,48.450001,47.630001,48.130001,965300,46.470123
"2015-12-28",47.959999,48.200001,47.59,47.900002,928300,46.248062
"2015-12-29",48.369999,48.619999,47.959999,48.330002,1483800,46.663223
"2015-12-30",48.330002,48.650002,48.009998,48.259998,1453700,46.595638
"2015-12-31",47.93,48.400002,47.810001,47.919998,1768500,46.267349
"2016-01-04",46.939999,47.720001,46.75,47.27,2871700,45.639774
"2016-01-05",47.509998,48.099998,47.279999,48.009998,3116700,46.354256
"2016-01-06",47.27,48.349998,47.259998,48.02,4670500,46.363911
"2016-01-07",46.990002,48,46.290001,46.560001,4324400,44.954262
"2016-01-08",46.939999,47.57,45.650002,45.880001,4946100,44.297714
"2016-01-11",46.099998,46.34,43.830002,44.580002,4306900,43.042557
"2016-01-12",43.869999,45.049999,43.25,44.970001,7774900,43.419102
"2016-01-13",45.25,45.330002,43.029999,43.25,4197600,41.758427
"2016-01-14",43.34,44.400002,42.66,44.130001,4794900,42.60807
"2016-01-15",43,43.849998,42.77,43.380001,4529100,41.883926
"2016-01-19",44.110001,44.720001,42.73,43.189999,4595000,41.792007
"2016-01-20",42.57,44.279999,42.41,43.790001,5212900,42.372589
"2016-01-21",43.790001,43.919998,42.98,43.080002,3777400,41.685566
"2016-01-22",43.59,43.82,43.099998,43.400002,3397500,41.995205
"2016-01-25",43.25,43.77,43.060001,43.200001,2364200,41.80167
"2016-01-26",43.299999,44.060001,43.150002,43.869999,3797500,42.449997
"2016-01-27",43.669998,44.360001,42.799999,43.150002,3242500,41.753304
"2016-01-28",43.400002,43.580002,42.709999,42.84,5660400,41.453335
"2016-01-29",43.200001,43.360001,42.610001,43.049999,7032600,41.656548
"2016-02-01",43,43.389999,42.509998,42.959999,4702400,41.569447
"2016-02-02",42.43,42.529999,41.369999,41.720001,3441500,40.369587
"2016-02-03",41.84,42,40.450001,41.310001,5145100,39.972862
"2016-02-04",41.150002,41.950001,40.93,41.540001,3949800,40.195423
"2016-02-05",41.32,41.509998,40.610001,40.91,4058100,39.585804
"2016-02-08",40.400002,40.709999,39.59,40.189999,4314300,38.889111
"2016-02-09",39.580002,40.959999,39.389999,39.860001,6277600,38.569794
"2016-02-10",40.169998,40.48,39.25,39.330002,6629200,38.056946
"2016-02-11",38.98,39.529999,38.259998,39.360001,8058200,38.085979
"2016-02-12",39.810001,40.48,39.209999,40.43,6734700,39.121338
"2016-02-16",41.66,41.869999,39.73,40.43,5614300,39.121338
"2016-02-17",40.779999,42,40.470001,41.799999,7226900,40.446999
"2016-02-18",41.560001,42.369999,41.529999,42.02,5350400,40.659882
"2016-02-19",42.07,42.23,41.400002,41.830002,3844500,40.476028
"2016-02-22",42.119999,42.830002,41.790001,42.77,3476600,41.385605
"2016-02-23",42.580002,43.200001,42.290001,42.369999,2499000,40.998554
"2016-02-24",41.939999,42.419998,41.25,42.369999,3086800,40.998554
"2016-02-25",42.369999,42.919998,41.790001,42.900002,4135900,41.511395
"2016-02-26",42.990002,43.34,42.220001,42.360001,2654300,40.988876
"2016-02-29",42.099998,42.169998,41.049999,41.060001,3550500,39.730949
"2016-03-01",41.490002,42.139999,40.880001,42.099998,5280700,40.737289
"2016-03-02",41.91,42.18,41.509998,41.720001,2507700,40.369587
"2016-03-03",41.720001,41.849998,40.700001,41.080002,4473700,39.750309
"2016-03-04",41.080002,41.32,40.619999,40.799999,3557900,39.479359
"2016-03-07",40.599998,41.43,40.459999,41.200001,3540500,39.866425
"2016-03-08",40.84,41.139999,40.16,40.23,3266300,38.927822
"2016-03-09",40.549999,40.599998,39.84,40.459999,4083700,39.150364
"2016-03-10",39.919998,40.610001,39.349998,39.91,7999500,38.618172
"2016-03-11",40.200001,41.91,40.02,41.869999,5890900,40.514721
"2016-03-14",41.630001,41.709999,41.07,41.310001,3338500,39.972862
"2016-03-15",41.060001,41.09,39.970001,40.720001,7034600,39.401955
"2016-03-16",40.860001,40.860001,40.099998,40.459999,5147400,39.150364
"2016-03-17",40.490002,40.669998,39.52,39.720001,7288100,38.434326
"2016-03-18",39.919998,41.040001,39.799999,40.860001,5812800,39.537426
"2016-03-21",40.91,42.029999,40.880001,41.619999,5461700,40.272827
"2016-03-22",41.59,42.889999,41.59,42.75,7592600,41.366241
"2016-03-23",42.799999,42.84,42.150002,42.639999,5261500,41.259811
"2016-03-24",42.27,43.060001,42.130001,42.48,4796600,41.104988
"2016-03-28",42.490002,42.639999,41.970001,42.18,2038300,40.814701
"2016-03-29",42,43.139999,41.860001,43.119999,2763500,41.724266
"2016-03-30",43.240002,44.380001,43.23,44.02,5311700,42.595139
"2016-03-31",43.400002,44.549999,43.25,44.330002,6326700,42.895107
"2016-04-01",44.02,45.060001,43.970001,44.990002,4549300,43.533752
"2016-04-04",45.099998,46.040001,45.029999,45.759998,5400600,44.27882
"2016-04-05",45.259998,45.98,45.009998,45.849998,6004300,44.458199
"2016-04-06",45.799999,47.599998,45.700001,47.27,6180800,45.835102
"2016-04-07",46.959999,47.240002,46.830002,47.189999,5865600,45.757523
"2016-04-08",47.360001,47.459999,46.540001,46.939999,4872700,45.515114
"2016-04-11",47,47.040001,46.48,46.669998,3962100,45.253304
"2016-04-12",46.84,47.119999,46.599998,47.009998,3634800,45.582989
"2016-04-13",47.150002,47.5,46.950001,47.5,3295700,46.058117
"2016-04-14",47.27,47.959999,47.119999,47.669998,3065300,46.222954
"2016-04-15",47.75,48.139999,47.57,48.110001,3189400,46.649593
"2016-04-18",47.98,48.779999,47.77,48.57,3033300,47.095627
"2016-04-19",48.689999,49.099998,48.360001,48.560001,2426200,47.085941
"2016-04-20",48.560001,48.720001,47.889999,48.470001,2702100,46.998672
"2016-04-21",48.419998,48.830002,48.040001,48.439999,2998900,46.969582
"2016-04-22",48.540001,48.950001,48.18,48.639999,2117600,47.163506
"2016-04-25",48.34,48.360001,47.209999,47.32,5239600,45.883583
"2016-04-26",47.400002,47.759998,46.950001,47.610001,3360100,46.16478
"2016-04-27",47.610001,47.810001,47.34,47.459999,2490100,46.019329
"2016-04-28",47.23,47.639999,46.970001,47.189999,1888600,45.757523
"2016-04-29",47.16,47.310001,46.619999,47.029999,3342300,45.602386
"2016-05-02",47.200001,48.099998,46.869999,48.029999,3705400,46.572025
"2016-05-03",47.889999,48.369999,47.619999,48.150002,4474600,46.688374
"2016-05-04",47.91,48.040001,46.049999,47.049999,5430400,45.621773
"2016-05-05",47.32,48.279999,47.029999,48.240002,3536200,46.775642
"2016-05-06",47.310001,47.73,46.860001,47.34,3499600,45.902977
"2016-05-09",47.380001,48.029999,47.119999,47.5,6012400,46.058117
"2016-05-10",46.290001,46.639999,46.139999,46.560001,12371400,45.146656
"2016-05-11",46.5,46.849998,45.990002,46,5596500,44.603657
"2016-05-12",45.849998,46.419998,45.560001,46.25,6171400,44.846058
"2016-05-13",46.349998,46.599998,46.029999,46.389999,3167500,44.981812
"2016-05-16",46.139999,46.939999,46.080002,46.77,3694300,45.350273
"2016-05-17",46.709999,46.919998,46.23,46.5,2562600,45.08847
"2016-05-18",46.349998,47.220001,46.310001,46.959999,3498500,45.534508
"2016-05-19",46.790001,46.93,45.919998,46.43,2189200,45.020599
"2016-05-20",46.700001,47.099998,46.52,47.060001,5065200,45.631474
"2016-05-23",47,47.040001,46.400002,46.400002,2356000,44.991505
"2016-05-24",46.810001,47.360001,46.740002,47.290001,3450200,45.854488
"2016-05-25",47.389999,47.560001,46.880001,47,4637700,45.573292
"2016-05-26",46.889999,47.470001,46.77,47.330002,3116900,45.893272
"2016-05-27",47.540001,47.68,47.099998,47.18,2023200,45.747829
"2016-05-31",47.419998,47.709999,47.110001,47.419998,2804200,45.980537
"2016-06-01",47.490002,48,47.23,47.849998,2140700,46.397491
"2016-06-02",47.889999,48.18,47.66,48.130001,1750900,46.668999
"2016-06-03",48.09,48.110001,47.43,47.93,2287000,46.47506
"2016-06-06",47.93,48.419998,47.830002,48.41,2006600,46.940502
"2016-06-07",48.080002,48.529999,47.889999,48.349998,2432500,46.88232
"2016-06-08",48.369999,48.580002,48.209999,48.450001,1827200,46.979271
"2016-06-09",48.360001,48.68,47.919998,48.139999,2121200,46.678696
"2016-06-10",47.34,47.599998,46.950001,47.389999,4378900,45.95145
"2016-06-13",47.169998,47.32,46.150002,46.189999,2829900,44.787888
"2016-06-14",46.029999,47.23,45.970001,47.189999,4244700,45.757523
"2016-06-15",47.189999,47.709999,47.130001,47.220001,3517900,45.786625
"2016-06-16",47,47.360001,46.560001,47.259998,2366900,45.825397
"2016-06-17",47.209999,47.259998,46.439999,46.439999,4010000,45.030296
"2016-06-20",47.009998,47.310001,46.830002,46.91,2543500,45.486031
"2016-06-21",47.130001,47.369999,46.68,47.290001,2698500,45.854488
"2016-06-22",47.16,47.790001,46.84,47.330002,2640200,45.893272
"2016-06-23",47.599998,47.900002,47.439999,47.900002,2291500,46.445976
"2016-06-24",46.23,47.360001,46.18,46.509998,6423700,45.098164
"2016-06-27",46.299999,46.59,45.279999,45.419998,5046800,44.041256
"2016-06-28",45.900002,46.419998,45.68,46.419998,3628500,45.105236
"2016-06-29",46.880001,47.380001,46.68,47.240002,3603900,45.902016
"2016-06-30",47.189999,47.529999,46.970001,47.459999,3769000,46.115784
"2016-07-01",47.5,47.98,47.349998,47.450001,2008300,46.106064
"2016-07-05",47.18,47.630001,46.84,47.5,2655400,46.154652
"2016-07-06",47.209999,48.139999,47.009998,48.09,3451600,46.727947
"2016-07-07",48.099998,48.169998,47.459999,47.689999,2338000,46.339264
"2016-07-08",47.84,48.610001,47.790001,48.5,2852000,47.126335
"2016-07-11",48.580002,48.68,48.279999,48.290001,2011600,46.922279
"2016-07-12",48.529999,48.919998,48.220001,48.869999,1824100,47.485851
"2016-07-13",49.07,49.279999,48.939999,49.189999,2574300,47.796783
"2016-07-14",49.619999,50.060001,49.369999,49.98,2617900,48.564407
"2016-07-15",50.080002,50.27,49.52,49.68,2089100,48.272907
"2016-07-18",49.689999,50.209999,49.580002,49.720001,2756800,48.311768
"2016-07-19",49.5,49.740002,49,49.369999,2305700,47.971684
"2016-07-20",49.52,50.34,49.459999,50.25,2530800,48.826763
"2016-07-21",50.209999,50.389999,50.009998,50.139999,1710800,48.719872
"2016-07-22",50.169998,50.360001,49.869999,50.259998,1308000,48.836479
"2016-07-25",50.189999,50.240002,49.73,49.990002,2053700,48.574131
"2016-07-26",50,50.049999,49.689999,49.919998,2582500,48.506115
"2016-07-27",49.919998,50.060001,49.630001,49.849998,3930000,48.438091
"2016-07-28",49.849998,50.169998,49.57,50.060001,2852900,48.642143
"2016-07-29",49.990002,50.580002,49.970001,50.470001,3501500,49.040539
"2016-08-01",50.470001,50.740002,50.369999,50.400002,3715300,48.972519
"2016-08-02",50.220001,50.25,49.290001,49.720001,5500500,48.311768
"2016-08-03",52.150002,52.18,50.720001,51.209999,5425500,49.759575
"2016-08-04",51.529999,51.990002,51.189999,51.41,4520300,49.953907
"2016-08-05",51.740002,51.740002,51.02,51.09,4222000,49.642979
"2016-08-08",51.02,51.060001,50.48,50.799999,5174600,49.361183
"2016-08-09",50.830002,50.98,50.639999,50.93,3666700,49.487511
"2016-08-10",50.77,52,50.610001,51.810001,5086400,50.34259
"2016-08-11",51.889999,52.16,51.639999,52.07,3056900,50.595219
"2016-08-12",51.93,52.099998,51.700001,51.98,1980700,50.507767
"2016-08-15",52.16,52.48,52.080002,52.380001,2280700,50.896435
"2016-08-16",52.16,52.459999,51.939999,52.09,2696900,50.614655
"2016-08-17",52.299999,52.369999,51.689999,52.299999,3027600,50.818703
"2016-08-18",52.400002,52.639999,52.09,52.290001,1842500,50.80899
"2016-08-19",52.060001,52.610001,52.060001,52.540001,2713900,51.051907
"2016-08-22",52,52.27,51.110001,51.23,5297800,49.778999
"2016-08-23",51.389999,51.639999,51.23,51.25,3518500,49.798443
"2016-08-24",51.259998,51.419998,50.560001,50.630001,3262800,49.196003
"2016-08-25",50.619999,51.029999,50.360001,50.470001,2919300,49.040539
"2016-08-26",50.66,51.16,50.470001,50.759998,2707100,49.322319
"2016-08-29",50.759998,50.959999,50.419998,50.759998,2370700,49.322319
"2016-08-30",50.68,50.900002,50.369999,50.75,2878600,49.312599
"2016-08-31",50.740002,51.18,50.48,51.099998,3446700,49.652699
"2016-09-01",51.150002,51.150002,50.619999,51.110001,2695000,49.662403
"2016-09-02",51.34,51.400002,51.080002,51.259998,2226500,49.808163
"2016-09-06",51.41,51.709999,51.16,51.290001,3957400,49.837307
"2016-09-07",51.439999,52.049999,51.389999,52.040001,3766400,50.566074
"2016-09-08",52.029999,52.099998,51.299999,51.41,5517300,49.953907
"2016-09-09",51.23,51.23,50.380001,50.389999,3173300,48.962795
"2016-09-12",50.189999,51.34,50.07,51.150002,5678000,49.701275
"2016-09-13",50.73,50.919998,50.189999,50.32,3880000,48.894779
"2016-09-14",50.419998,50.830002,50.349998,50.549999,3544600,49.118271
"2016-09-15",50.709999,50.93,50.200001,50.720001,3331000,49.283451
"2016-09-16",50.869999,50.869999,50.299999,50.509998,8679600,49.079395
"2016-09-19",50.650002,50.84,50.27,50.32,2429000,48.894779
"2016-09-20",50.650002,50.75,50.509998,50.599998,1722800,49.166855
"2016-09-21",50.599998,51.119999,50.419998,51.060001,2487000,49.613823
"2016-09-22",51.200001,51.82,51.150002,51.630001,3172900,50.167686
"2016-09-23",51.630001,51.77,51.330002,51.509998,2560500,50.051079
"2016-09-26",51.400002,51.400002,51.060001,51.209999,3267000,49.759575
"2016-09-27",51.200001,51.880001,50.889999,51.869999,3203400,50.400883
"2016-09-28",51.98,52.169998,51.220001,51.75,2842300,50.284279
"2016-09-29",51.740002,51.91,50.93,51.02,2877900,49.574959
"2016-09-30",51.139999,52.119999,50.950001,52.009998,3971600,50.536915
"2016-10-03",51.759998,52.43,51.630001,52.360001,2412700,50.876995
"2016-10-04",52.43,52.610001,51.779999,52.310001,3189800,50.828415
"2016-10-05",52.310001,52.419998,51.950001,52.18,2607500,50.702099
"2016-10-06",51.939999,52.02,51.400002,51.650002,2702500,50.187107
"2016-10-07",52.080002,52.209999,51.549999,51.849998,3323600,50.381447
"2016-10-10",52,53.139999,52,52.689999,3118800,51.197659
"2016-10-11",52.310001,52.349998,50.23,50.959999,7512200,49.516655
"2016-10-12",51.029999,51.57,50.790001,51.419998,4602000,49.963623
"2016-10-13",51.130001,51.200001,50.650002,51.02,2812200,49.574959
"2016-10-14",51.16,51.169998,50.18,50.18,2485400,48.758743
"2016-10-17",50.150002,50.290001,49.869999,50.029999,2644600,48.612995
"2016-10-18",50.57,51.130001,50.509998,51.060001,2032600,49.613823
"2016-10-19",51.389999,51.389999,50.82,51.110001,1605200,49.662403
"2016-10-20",51.080002,51.41,50.970001,51.299999,1497800,49.847023
"2016-10-21",50.98,51.169998,50.700001,50.939999,2032200,49.497215
"2016-10-24",51.060001,51.189999,50.810001,51.029999,1674000,49.584671
"2016-10-25",50.459999,50.459999,49.639999,49.990002,3556800,48.574131
"2016-10-26",49.560001,49.639999,48.73,48.77,3930100,47.388683
"2016-10-27",49.119999,49.25,48.66,48.77,2564500,47.388683
"2016-10-28",48.490002,48.720001,47.900002,48.560001,3621800,47.184631
"2016-10-31",48.689999,48.779999,47.759998,47.799999,4635800,46.446152
"2016-11-01",47.610001,47.900002,46.860001,47.25,8722800,46.003159
"2016-11-02",50.91,50.98,48.830002,50.110001,8106200,48.787693
"2016-11-03",50.169998,50.220001,48.709999,48.950001,4550200,47.65831
"2016-11-04",49.060001,50.220001,48.970001,49.939999,4234200,48.622181
"2016-11-07",50.619999,50.84,49.82,49.98,9364500,48.661118
"2016-11-08",49.720001,50.959999,49.349998,50.330002,3852200,49.001888
"2016-11-09",51.889999,52.189999,50.32,51,5102900,49.654205
"2016-11-10",51.650002,51.84,50.48,51.09,5661800,49.741837
"2016-11-11",50.84,50.959999,50.130001,50.610001,3526600,49.274502
"2016-11-14",50.849998,51,48.900002,48.959999,3681300,47.668041
"2016-11-15",48.709999,49.189999,48.240002,49.150002,5996800,47.853027
"2016-11-16",49.259998,49.639999,48.77,48.84,2941500,47.551205
"2016-11-17",49.080002,49.560001,48.799999,49.209999,3645100,47.911434
"2016-11-18",49.25,50.110001,49.23,49.889999,4747900,48.573498
"2016-11-21",49.950001,50.150002,49.75,50,2730200,48.680595
"2016-11-22",49.849998,50,49.07,49.630001,3018500,48.320362
"2016-11-23",49.380001,50.18,48.869999,50.18,2056200,48.855846
"2016-11-25",50.349998,50.490002,50.060001,50.18,804700,48.855846
"2016-11-28",50,50.389999,49.790001,50.150002,2695200,48.826641
"2016-11-29",50.029999,50.580002,50.029999,50.450001,2313600,49.118725
"2016-11-30",50.610001,50.82,50.27,50.380001,3782100,49.050564
"2016-12-01",50.41,50.549999,48.619999,49.16,4252000,47.862762
"2016-12-02",49.32,49.360001,48.549999,49.099998,3182800,47.804348
"2016-12-05",48.950001,49.84,48.950001,49.82,2578200,48.505348
"2016-12-06",49.68,50.23,49.549999,50.220001,2573000,48.894791
"2016-12-07",51.200001,51.380001,49.790001,51.259998,4037800,49.907341
"2016-12-08",50.900002,51.700001,50.66,51.68,3217000,50.316269
"2016-12-09",51.860001,52.48,51.599998,51.889999,2664300,50.520721
"2016-12-12",51.82,51.93,50.77,50.919998,5021800,49.576321
"2016-12-13",51.259998,51.43,50.810001,51.049999,5177700,49.702888
"2016-12-14",51.029999,51.470001,50.57,50.84,2890500,49.498428
"2016-12-15",52.169998,52.77,51.66,52.32,3995200,50.939384
"2016-12-16",52.459999,52.75,52.23,52.459999,3959800,51.075684
"2016-12-19",52.459999,53.060001,52.259998,52.389999,2137800,51.007526
"2016-12-20",53.220001,53.48,52.830002,53.099998,2580800,51.698788
"2016-12-21",53.330002,53.41,52.73,53.119999,2754600,51.718262
"2016-12-22",52.669998,53.369999,52.669998,53.259998,1515800,51.854572
"2016-12-23",53.200001,53.779999,53.18,53.779999,1942400,52.360847
"2016-12-27",53.779999,54.150002,53.650002,53.720001,1345000,52.302429
"2016-12-28",53.759998,53.849998,53.349998,53.439999,1241900,52.029816
"2016-12-29",53.470001,53.779999,53.400002,53.619999,1046700,52.20507
"2016-12-30",53.639999,53.740002,53.27,53.529999,1701200,52.117447
"2017-01-03",53.880001,54.380001,53.34,53.59,3579700,52.175865
"2017-01-04",53.720001,54.18,53.099998,54.110001,3316300,52.68214
"2017-01-05",54.139999,54.169998,53.599998,53.93,2469100,52.506889
"2017-01-06",53.849998,54.720001,53.73,54.099998,2845800,52.672401
"2017-01-09",54.09,54.349998,53.389999,53.950001,2123300,52.526363
"2017-01-10",54.029999,54.290001,53.689999,53.93,2087100,52.506889
"2017-01-11",53.84,54.110001,52.709999,53.310001,3400500,51.903244
"2017-01-12",53.09,53.580002,53.029999,53.389999,1513600,51.981133
"2017-01-13",53.549999,53.880001,53.349998,53.740002,2458700,52.321907
"2017-01-17",53.5,53.68,52.93,53.220001,2213400,51.815639
"2017-01-18",53.389999,54.009998,53.040001,53.299999,3199900,51.996101
"2017-01-19",53.299999,53.619999,53.119999,53.5,2902500,52.191204
"2017-01-20",53.630001,54.389999,53.599998,53.970001,3573500,52.649708
"2017-01-23",53.650002,54,53.59,53.75,2978600,52.435085
"2017-01-24",53.75,53.990002,53.459999,53.779999,2490900,52.464355
"2017-01-25",54.099998,54.290001,53.73,54,5709100,52.678974
"2017-01-26",53.630001,54.439999,53.59,53.84,2272000,52.522884
"2017-01-27",54.09,54.720001,53.970001,54.650002,2326800,53.31308
"2017-01-30",54.389999,54.509998,53.869999,54.27,2317100,52.942379
"2017-01-31",54.009998,54.970001,53.799999,54.939999,3616500,53.595974
"2017-02-01",54.93,55.349998,54.619999,55.32,2492100,53.966682
"2017-02-02",55.009998,55.720001,54.720001,55.700001,2723000,54.337391
"2017-02-03",55.849998,56.07,55.529999,55.919998,2309400,54.551998
"2017-02-06",55.66,55.849998,55.419998,55.77,2894300,54.405674
"2017-02-07",56.110001,56.32,55.689999,55.98,2402700,54.610538
"2017-02-08",55.970001,56.32,55.73,55.959999,2888900,54.591022
"2017-02-09",55.959999,56.5,55.91,55.959999,2655800,54.591022
"2017-02-10",56,56.09,55.549999,55.73,6160900,54.36665
"2017-02-13",54.5,55.490002,54.450001,55.139999,5636000,53.791092
"2017-02-14",55.139999,55.259998,54.790001,55.02,5216300,53.674019
"2017-02-15",54.790001,55.310001,54.200001,55.150002,5639900,53.800846
"2017-02-16",54.689999,54.880001,52,52.779999,12881800,51.488815
"2017-02-17",53.009998,53.52,52.32,52.509998,8167500,51.225422
"2017-02-21",52.490002,53.66,52.34,53.470001,5931400,52.161942
"2017-02-22",52.860001,53.540001,52.73,53.380001,3595600,52.074142
"2017-02-23",53.5,53.790001,53.259998,53.580002,4673400,52.269249
"2017-02-24",53.529999,53.91,53.200001,53.880001,4819700,52.561916
"2017-02-27",53.849998,54.18,53.549999,53.830002,4220600,52.513138
"2017-02-28",53.459999,53.970001,53.240002,53.310001,4106300,52.005863
"2017-03-01",53.73,54.080002,53.549999,53.889999,3581100,52.571659
"2017-03-02",54,54.080002,53.310001,53.369999,3299900,52.064384
"2017-03-03",53.34,53.720001,53.25,53.419998,2483600,52.113159
"2017-03-06",53.009998,53.330002,52.880001,53.080002,1832300,51.781487
"2017-03-07",52.860001,53.380001,52.639999,53.07,2763200,51.771725
"2017-03-08",53.02,53.41,52.790001,53,2095300,51.703438
"2017-03-09",53.049999,53.720001,52.91,53.689999,3188000,52.376553
"2017-03-10",53.700001,53.759998,53.200001,53.34,2833500,52.035118
"2017-03-13",53.330002,53.630001,53.240002,53.560001,2297800,52.249741
"2017-03-14",53.330002,53.549999,53.060001,53.419998,2277500,52.113159
"2017-03-15",53.389999,54.389999,53.389999,54.279999,2926100,52.952122
"2017-03-16",54.48,54.48,54.099998,54.43,3245900,53.098461
"2017-03-17",54.619999,54.82,53.849998,54,4510200,52.678974
"2017-03-20",54.040001,54.450001,53.830002,54.279999,2180600,52.952122
"2017-03-21",54.470001,54.790001,53.240002,53.389999,3008300,52.0839
"2017-03-22",53.400002,53.950001,53.240002,53.869999,3276800,52.552162
"2017-03-23",53.889999,54.189999,53.599998,53.799999,3015600,52.483868
"2017-03-24",53.849998,54.209999,53.59,53.849998,2384000,52.532635
"2017-03-27",53.490002,54.169998,53.400002,53.970001,3168400,52.649708
"2017-03-28",53.810001,54.310001,53.689999,54.16,2328200,52.83506
"2017-03-29",54.040001,54.27,53.720001,53.82,2269900,52.503387
"2017-03-30",53.82,53.82,53.25,53.470001,2697500,52.161942
"2017-03-31",52.98,53.650002,52.98,53.369999,3163800,52.064384
"2017-04-03",53.349998,53.450001,52.82,53.169998,2806500,51.86927
"2017-04-04",53.07,53.169998,52.369999,52.650002,3001600,51.463638
"2017-04-05",52.740002,53.330002,52.619999,52.669998,3762900,51.483181
"2017-04-06",52.68,52.759998,52.25,52.669998,4210500,51.483181
"2017-04-07",52.580002,52.759998,52.369999,52.540001,2218700,51.35611
"2017-04-10",52.599998,53.060001,52.470001,52.740002,1772300,51.551609
"2017-04-11",52.57,52.860001,52.360001,52.849998,1976400,51.659126
"2017-04-12",52.57,53.23,52.529999,53.220001,2764500,52.020794
"2017-04-13",53.110001,53.360001,52.959999,53.099998,2104900,51.903481
"2017-04-17",53.09,53.57,53,53.5,1975300,52.294476
"2017-04-18",53.200001,53.639999,53.049999,53.549999,2194400,52.343353
"2017-04-19",53.720001,54.189999,53.639999,53.849998,4102700,52.636597
"2017-04-20",53.990002,54.459999,53.650002,54.290001,2232800,53.066681
"2017-04-21",54.23,54.380001,54,54.189999,2124700,52.968929
"2017-04-24",54.68,55.150002,54.59,54.990002,2770600,53.750904
"2017-04-25",55.119999,55.16,54.700001,55.119999,4346100,53.877983
"2017-04-26",55.150002,55.68,55.080002,55.57,2665800,54.317825
"2017-04-27",55.66,56.650002,55.52,56.459999,2986400,55.187778
"2017-04-28",56.459999,56.619999,56.080002,56.110001,3341800,54.845673
"2017-05-01",56.139999,56.560001,56.029999,56.279999,3607800,55.011837
"2017-05-02",56.290001,56.529999,55.889999,56.470001,3728600,55.197552
"2017-05-03",56.09,56.400002,55.5,55.59,5795900,54.337387
"2017-05-04",55.48,59.599998,55.48,58.869999,6923200,57.543472
"2017-05-05",58.759998,59.610001,58.48,59.470001,6896000,58.129963
"2017-05-08",59.389999,59.740002,58.299999,58.810001,3160700,57.484837
"2017-05-09",58.799999,59.689999,58.549999,59.43,3130500,58.090858
"2017-05-10",58.990002,60.130001,58.990002,59.900002,4052800,58.55027
"2017-05-11",59.68,59.889999,59.25,59.720001,3175500,58.374325
"2017-05-12",60.029999,60.189999,59.57,59.880001,3425100,58.530727
"2017-05-15",59.77,60.07,59.560001,60,2319400,58.648014
"2017-05-16",60.240002,60.380001,59.900002,60.330002,1816300,58.970581
"2017-05-17",60.330002,60.330002,59.689999,59.73,2397600,58.384094
"2017-05-18",59.73,60.290001,59.610001,59.91,1583700,58.56004
"2017-05-19",59.98,60.610001,59.939999,60.310001,2567700,58.951035
"2017-05-22",60.389999,60.880001,60.279999,60.310001,3117300,58.951035
"2017-05-23",60.5,61.459999,60.5,61.43,3330500,60.045792
"2017-05-24",61.43,62.490002,61.389999,62.299999,3689100,60.896198
"2017-05-25",62.560001,62.639999,62.169998,62.580002,2864900,61.16988
"2017-05-26",62.779999,63.110001,62.389999,62.610001,1985500,61.199196
"2017-05-30",62.450001,62.700001,61.860001,62.259998,2884400,60.85709
"2017-05-31",62.580002,62.700001,62.099998,62.279999,3789800,60.876633
"2017-06-01",62.450001,62.639999,61.990002,62.639999,3112500,61.228527
"2017-06-02",62.779999,63.299999,62.389999,62.5,4110100,61.091682
"2017-06-05",62.419998,62.779999,62.150002,62.669998,3364600,61.257851
"2017-06-06",62.5,63.080002,62.490002,62.98,2420400,61.560863
"2017-06-07",62.93,63.419998,62.849998,63.259998,1904700,61.834549
"2017-06-08",63.259998,63.490002,62.459999,62.580002,3202000,61.16988
"2017-06-09",62.490002,63.099998,62.369999,62.59,2021700,61.179653
"2017-06-12",62.610001,62.709999,61.259998,61.849998,4522600,60.456322
"2017-06-13",61.720001,62.299999,60.919998,61.959999,2007100,60.66684
"2017-06-14",62.009998,62.599998,61.709999,62.23,1822100,60.931202
"2017-06-15",61.830002,62.540001,61.73,62.389999,1605500,61.087864
"2017-06-16",62.73,63,62.27,62.549999,2821300,61.24453
"2017-06-19",62.880001,63.290001,62.790001,63.029999,1839500,61.714504
"2017-06-20",63.380001,63.849998,62.849998,63,2077500,61.685127
"2017-06-21",63.130001,63.48,62.84,63,2363000,61.685127
"2017-06-22",63,63.84,62.810001,63.509998,2379300,62.18449
"2017-06-23",63.5,63.52,62.48,62.779999,5215500,61.469723
"2017-06-26",62.869999,62.919998,62.240002,62.720001,1911700,61.410984
"2017-06-27",62.720001,63.200001,62.619999,62.759998,2329900,61.450142
"2017-06-28",63,63.459999,62.610001,62.950001,1635200,61.636173
"2017-06-29",63.07,63.279999,62.049999,62.5,1782100,61.195568
"2017-06-30",62.459999,62.93,62.369999,62.380001,1890200,61.078079
"2017-07-03",62.400002,62.84,62.27,62.669998,744300,61.362022
"2017-07-05",62.709999,62.880001,62.34,62.549999,3000300,61.24453
"2017-07-06",62.349998,62.5,61.66,61.790001,2319600,60.500385
"2017-07-07",62.299999,62.810001,62.119999,62.59,2289500,61.283691
"2017-07-10",62.5,62.709999,62.279999,62.470001,1596800,61.166191
"2017-07-11",62.41,62.5,61.959999,62.209999,1220200,60.911617
"2017-07-12",62.450001,62.939999,62.41,62.560001,2016200,61.254314
"2017-07-13",62.560001,63.09,62.490002,63.049999,2976100,61.734089
"2017-07-14",63.150002,63.529999,62.900002,63.349998,2131400,62.027824
"2017-07-17",63.450001,63.509998,63.029999,63.07,1695800,61.753677
"2017-07-18",63,63,62.259998,62.459999,1808400,61.156406
"2017-07-19",62.709999,62.790001,62.290001,62.419998,1850600,61.117237
"2017-07-20",62.560001,62.939999,62.52,62.75,1394600,61.440353
"2017-07-21",62.75,63.419998,62.389999,63.16,2097200,61.841793
"2017-07-24",63.200001,63.459999,63.049999,63.290001,1811900,61.96909
"2017-07-25",62.98,63.029999,61.119999,61.279999,6067900,60.001034
"2017-07-26",60.880001,62.200001,60.799999,62.060001,3153600,60.764755
"2017-07-27",62.060001,62.200001,61.700001,62.009998,2090500,60.715794
"2017-07-28",62.150002,62.650002,62.060001,62.209999,1540600,60.911617
"2017-07-31",62.450001,62.830002,62.32,62.52,2130400,61.215149
"2017-08-01",62.599998,62.689999,61.919998,62.27,1751000,60.970371
"2017-08-02",62.040001,62.209999,61.380001,61.540001,1831100,60.255611
"2017-08-03",61.23,62.470001,61.200001,62.279999,1768800,60.98016
"2017-08-04",62.369999,62.849998,61.860001,62.119999,1277500,60.823498
"2017-08-07",62.119999,62.34,61.25,61.830002,4208300,60.539562
"2017-08-08",60.490002,61,59.5,60,4663700,58.747746
"2017-08-09",59.950001,60.869999,59.759998,60.810001,4017300,59.540844
"2017-08-10",60.869999,61.369999,59.709999,59.740002,2690700,58.493179
"2017-08-11",60.049999,60.220001,59.639999,59.73,2285200,58.483383
"2017-08-14",60.189999,60.830002,60.040001,60.740002,2475400,59.472301
"2017-08-15",60.860001,61.68,60.560001,61.029999,2220800,59.756248
"2017-08-16",61.27,61.540001,61.080002,61.5,1388900,60.216438
"2017-08-17",61.419998,61.970001,60.880001,60.900002,1765700,59.628963
"2017-08-18",60.709999,61.080002,60.439999,60.75,1513100,59.48209
"2017-08-21",60.82,61.470001,60.650002,61.349998,1806300,60.069576
"2017-08-22",61.259998,61.810001,61.099998,61.599998,3459300,60.31435
"2017-08-23",61.439999,61.599998,61.23,61.360001,1597900,60.079365
"2017-08-24",61.610001,61.610001,61.150002,61.389999,2099000,60.108746
"2017-08-25",61.73,61.970001,61.240002,61.330002,1965900,60.049988
"2017-08-28",61.529999,61.84,61.380001,61.540001,2102100,60.255611
"2017-08-29",61.360001,61.669998,61.080002,61.5,1331300,60.216438
"2017-08-30",61.52,62.189999,61.5,61.939999,2101800,60.647255
"2017-08-31",62.16,62.82,61.880001,62.700001,2934200,61.391396
"2017-09-01",62.75,62.970001,62.43,62.869999,1407500,61.557846
"2017-09-05",62.700001,63.25,62.639999,63.169998,2859900,61.851589
"2017-09-06",63.549999,63.599998,63.060001,63.389999,3216100,62.06699
"2017-09-07",63.580002,65.120003,63.23,64.849998,2558500,63.496517
"2017-09-08",64.849998,65.080002,64.620003,64.699997,2608200,63.349651
"2017-09-11",65.330002,65.389999,64.519997,65.279999,1842400,63.917564
"2017-09-12",65.25,65.5,65.18,65.400002,1832000,64.035057
"2017-09-13",65.32,65.830002,65.220001,65.279999,1517200,63.917564
"2017-09-14",65.099998,65.269997,64.769997,65.25,2584700,63.888184
"2017-09-15",65.410004,65.639999,64.870003,65.199997,2115400,63.839233
"2017-09-18",65.309998,65.419998,64.639999,65.199997,1584900,63.839233
"2017-09-19",65.379997,65.410004,64.529999,64.779999,2005800,63.427979
"2017-09-20",64.720001,65.080002,64.010002,64.480003,2634700,63.134239
"2017-09-21",64.5,64.860001,64.199997,64.239998,1232200,62.899261
"2017-09-22",64.300003,64.550003,63.939999,64.160004,1538400,62.820934
"2017-09-25",64.18,64.279999,63.509998,63.669998,2214300,62.341148
"2017-09-26",63.709999,64.139999,63.290001,63.330002,1580000,62.008251
"2017-09-27",63.389999,63.68,63.02,63.209999,1959700,61.890751
"2017-09-28",63.369999,63.73,62.790001,63.32,1689700,61.998455
"2017-09-29",63.360001,63.779999,62.889999,63.759998,1981400,62.429272
"2017-10-02",63.84,64.389999,63.689999,63.75,1838500,62.419479
"2017-10-03",63.75,64.099998,63.400002,63.59,1809500,62.262821
"2017-10-04",63.68,64.010002,63.48,63.57,1954400,62.243233
"2017-10-05",63.419998,63.990002,63.279999,63.75,2345500,62.419479
"2017-10-06",63.75,63.959999,63.580002,63.75,2543600,62.419479
"2017-10-09",63.810001,63.869999,63.509998,63.73,1257600,62.399902
"2017-10-10",63.75,64.029999,63.439999,63.990002,2014600,62.65448
"2017-10-11",63.900002,64.279999,63.790001,64.279999,1612000,62.938423
"2017-10-12",64.239998,64.940002,64.190002,64.910004,1837900,63.555279
"2017-10-13",64.93,65.529999,64.720001,65.440002,2401600,64.074196
"2017-10-16",65.589996,65.800003,65.360001,65.709999,2453400,64.33857
"2017-10-17",65.650002,66.110001,65.43,65.809998,2251600,64.436478
"2017-10-18",65.910004,65.910004,65.25,65.559998,1723200,64.191696
"2017-10-19",65.5,65.690002,65.160004,65.580002,1572000,64.211288
"2017-10-20",65.629997,65.989998,65.239998,65.940002,1690100,64.563782
"2017-10-23",66.199997,66.349998,65.269997,65.279999,1782100,63.917564
"2017-10-24",65.330002,65.730003,64.839996,64.980003,1780700,63.623814
"2017-10-25",64.809998,64.989998,64.279999,64.379997,1964400,63.036324
"2017-10-26",64.589996,64.589996,63.59,63.740002,3112800,62.409695
"2017-10-27",63.759998,64.370003,63.52,64.050003,2911700,62.713223
"2017-10-30",64.050003,64.050003,63.029999,63.240002,3912200,61.920128
"2017-10-31",63.41,64.139999,63.25,63.82,3798400,62.488022
"2017-11-01",64.199997,65.080002,64.019997,64.510002,3066000,63.163624
"2017-11-02",64.300003,67.849998,64.300003,67.309998,5185600,65.905167
"2017-11-03",67.769997,68.800003,67.440002,68.690002,4320700,67.256386
"2017-11-06",68.919998,70.480003,68.849998,69.709999,3884100,68.255104
"2017-11-07",69.730003,70.260002,68.150002,68.449997,5010100,67.021385
"2017-11-08",68,69.620003,67.760002,69.510002,3933500,68.163826
"2017-11-09",69.160004,69.5,68.959999,69.300003,2406600,67.957901
"2017-11-10",68.949997,69.239998,68.580002,69.129997,1905700,67.791183
"2017-11-13",69.010002,69.300003,68.559998,68.879997,2747300,67.546036
"2017-11-14",68.779999,69.949997,68.57,69.900002,2372000,68.546272
"2017-11-15",69.690002,70.330002,69.349998,69.620003,2075500,68.271706
"2017-11-16",69.970001,70.489998,69.709999,70.410004,2055500,69.04641
"2017-11-17",70.239998,71.120003,70.239998,70.790001,2355100,69.419037
"2017-11-20",70.800003,71.139999,70.489998,70.949997,2268300,69.575958
"2017-11-21",71.029999,72.139999,70.970001,71.360001,2725400,69.977997
"2017-11-22",71.330002,71.830002,70.949997,71.07,1437200,69.693611
"2017-11-24",71.169998,71.419998,70.93,71.290001,1200300,69.909355
"2017-11-27",71.489998,71.800003,71.220001,71.540001,1997500,70.154518
"2017-11-28",71.589996,71.629997,71.260002,71.389999,2610400,70.007408
"2017-11-29",71.989998,72.099998,71.279999,71.610001,1618400,70.223167
"2017-11-30",71.839996,72.709999,71.839996,72.290001,2602100,70.890007
"2017-12-01",72.220001,72.349998,71.279999,72.300003,1932200,70.899803
"2017-12-04",72.440002,72.790001,71,71.019997,3581400,69.644585
"2017-12-05",70.82,71.769997,70.599998,70.849998,2261500,69.477875
"2017-12-06",70.599998,71.110001,70.480003,70.970001,1507400,69.595543
"2017-12-07",70.970001,71.839996,70.760002,71.639999,2694400,70.252563
"2017-12-08",71.889999,71.980003,71.300003,71.879997,1640000,70.487923
"2017-12-11",71.839996,71.970001,71.519997,71.769997,1172500,70.380058
"2017-12-12",71.769997,72.660004,71.639999,72.230003,1939900,70.831139
"2017-12-13",72.139999,72.989998,72.059998,72.379997,1595100,70.978233
"2017-12-14",72.25,72.459999,71.57,71.760002,1364500,70.370255
"2017-12-15",72.209999,72.269997,71.519997,71.959999,2843200,70.566383
"2017-12-18",71.959999,72.919998,71.910004,72.629997,1657800,71.223404
"2017-12-19",72.82,73.580002,72.730003,72.800003,1946300,71.390121
"2017-12-20",72.68,73.160004,72.169998,72.709999,1806300,71.301865
"2017-12-21",73,73.309998,72.269997,72.279999,1163500,70.880188
"2017-12-22",72.269997,72.370003,71.790001,71.989998,1345700,70.595795
"2017-12-26",72.400002,72.550003,71.900002,72.339996,791900,70.939011
"2017-12-27",72.589996,72.690002,72.25,72.449997,1159800,71.046875
"2017-12-28",72.489998,72.599998,72.139999,72.389999,710500,70.988052
"2017-12-29",72.550003,72.760002,72.040001,72.040001,1704100,70.644836
