"dates","ALLE.Open","ALLE.High","ALLE.Low","ALLE.Close","ALLE.Volume","ALLE.Adjusted"
"2013-11-18",49.75,50,47.490002,48.48,587100,45.505589
"2013-11-19",48.990002,49,45.299999,45.799999,1682000,42.990032
"2013-11-20",45.98,46,43.990002,44.650002,1106900,41.910572
"2013-11-21",44.5,45.150002,43.040001,43.790001,730200,41.103329
"2013-11-22",43.900002,44.099998,43.25,43.990002,947600,41.291061
"2013-11-25",44.279999,45.619999,43.700001,44.18,727300,41.469406
"2013-11-26",45,45,43.040001,43.200001,873700,40.549526
"2013-11-27",43.549999,43.549999,42.5,43.240002,1153300,40.587082
"2013-11-29",42.75,43.849998,42.75,43.240002,949900,40.587082
"2013-12-02",43.080002,43.669998,41.52,43.139999,5130700,40.493214
"2013-12-03",42.799999,44.849998,42.700001,42.900002,3239300,40.267952
"2013-12-04",42.43,42.610001,41.650002,41.830002,2777700,39.263603
"2013-12-05",42.279999,42.279999,40.630001,41.049999,3380500,38.531441
"2013-12-06",40.75,41.060001,40.639999,40.700001,4662300,38.202923
"2013-12-09",40.700001,41.27,40.240002,41.18,3074000,38.653461
"2013-12-10",41.07,42.84,41.040001,42.560001,3289400,39.948807
"2013-12-11",42.32,43.02,42,42.459999,3367300,39.854935
"2013-12-12",42.009998,43.099998,42,42.970001,1770500,40.333656
"2013-12-13",42.919998,43.799999,42.919998,43.25,683800,40.596466
"2013-12-16",43.009998,43.990002,42.110001,43.689999,1953900,41.009472
"2013-12-17",43.43,44,43.16,43.75,1396700,41.065792
"2013-12-18",43.650002,44.5,43.099998,44.27,1225200,41.553883
"2013-12-19",43.959999,44.5,43.82,44.450001,593000,41.722843
"2013-12-20",44.299999,44.450001,43.91,44.259998,2878600,41.544502
"2013-12-23",44.169998,44.849998,43.549999,44.650002,773600,41.910572
"2013-12-24",44.759998,45.02,44.25,44.580002,304700,41.844875
"2013-12-26",44.860001,45.009998,44.439999,44.700001,513200,41.9575
"2013-12-27",44.77,44.970001,44.09,44.639999,393300,41.901173
"2013-12-30",44.450001,44.880001,44,44.119999,381500,41.413086
"2013-12-31",44.23,44.5,43.759998,44.189999,874200,41.478798
"2014-01-02",44.080002,44.18,43.27,43.650002,992900,40.971935
"2014-01-03",43.57,44.32,43.169998,43.959999,378400,41.262897
"2014-01-06",43.970001,43.98,43.369999,43.68,597800,41.000088
"2014-01-07",42.16,43.98,42.16,43.869999,1371300,41.178425
"2014-01-08",44.02,44.360001,43.400002,43.880001,1407100,41.187817
"2014-01-09",43.889999,44.25,43.84,44.130001,1093500,41.422485
"2014-01-10",44.169998,46.080002,44.02,45.73,2008600,42.924309
"2014-01-13",45.700001,47.439999,45.200001,47.040001,2278500,44.153938
"2014-01-14",47.16,47.889999,46.91,47.799999,2338200,44.867306
"2014-01-15",47.970001,49.189999,47.259998,47.5,1733000,44.585716
"2014-01-16",47.279999,47.68,47.040001,47.400002,1178700,44.491852
"2014-01-17",47.52,48.240002,47,48,1572100,45.055042
"2014-01-21",49.380001,49.380001,47.939999,48.169998,1570400,45.214603
"2014-01-22",48.110001,49.16,48.080002,48.509998,682200,45.533749
"2014-01-23",48.68,48.68,47.580002,47.720001,867600,44.792213
"2014-01-24",47.619999,47.709999,45.830002,46.84,1417500,43.966213
"2014-01-27",45.200001,48,45.200001,46.599998,717800,43.740929
"2014-01-28",46.77,47.880001,46.77,47.73,721700,44.801609
"2014-01-29",47.349998,48.48,47.130001,47.779999,800900,44.848534
"2014-01-30",47.91,49.630001,47.830002,49.419998,1247100,46.387909
"2014-01-31",49.25,49.959999,49.029999,49.349998,2011100,46.322212
"2014-02-03",49.349998,49.939999,47.200001,47.439999,1184800,44.5294
"2014-02-04",47.439999,48.48,47.32,48.049999,891300,45.101959
"2014-02-05",47.84,48.650002,47.150002,47.599998,823100,44.679592
"2014-02-06",47.5,49.27,47.5,49.240002,1168400,46.218964
"2014-02-07",49.330002,50.27,49.330002,49.939999,1837500,46.876007
"2014-02-10",49.990002,50.119999,49.450001,49.84,763400,46.782154
"2014-02-11",49.73,50.41,49.330002,49.889999,1446100,46.829082
"2014-02-12",49.919998,51,49.73,50,1405300,46.932335
"2014-02-13",49.98,50.439999,49.59,50.119999,695000,47.044964
"2014-02-14",50.150002,50.25,49.59,49.630001,891700,46.585037
"2014-02-18",49.720001,50.860001,49.720001,50.110001,2748500,47.03558
"2014-02-19",49.84,50.34,49.029999,49.16,1076100,46.143875
"2014-02-20",50.23,52.779999,49.099998,51.52,2623600,48.359077
"2014-02-21",51.75,52.790001,51.75,52.369999,2198700,49.156921
"2014-02-24",52.360001,53.110001,52.360001,52.860001,667900,49.616863
"2014-02-25",53,54.580002,52.93,54.560001,1117600,51.212555
"2014-02-26",54.830002,55.779999,54.18,54.66,1880100,51.306435
"2014-02-27",54.689999,55.529999,54.209999,55.349998,1139900,51.95409
"2014-02-28",55.09,55.32,53.82,54.349998,1198500,51.015442
"2014-03-03",54.669998,54.93,53.080002,53.490002,659600,50.208214
"2014-03-04",53.709999,55,53.48,54,1189900,50.686924
"2014-03-05",53.900002,54.310001,53.380001,53.950001,395000,50.639988
"2014-03-06",53.990002,54.099998,53.040001,53.189999,617400,49.92662
"2014-03-07",53.439999,53.779999,52.59,53.389999,776100,50.114346
"2014-03-10",53.200001,53.669998,52.240002,53.290001,1155300,50.020481
"2014-03-11",53.490002,54.799999,53.450001,54.5,874700,51.156239
"2014-03-12",54.419998,54.740002,52.77,54.279999,1255500,50.949741
"2014-03-13",54.459999,54.709999,53.130001,53.599998,946400,50.385723
"2014-03-14",53.619999,53.950001,53.25,53.299999,1071800,50.103714
"2014-03-17",53.439999,53.830002,52.93,52.959999,1011700,49.784096
"2014-03-18",52.950001,53.490002,52.709999,53.279999,880800,50.084911
"2014-03-19",53.18,54,52.919998,53.279999,645000,50.084911
"2014-03-20",53.41,54.220001,52.82,54.169998,628100,50.921543
"2014-03-21",54.380001,54.810001,53.740002,53.810001,1356800,50.583138
"2014-03-24",54,54.23,53.040001,53.470001,895600,50.263523
"2014-03-25",53.700001,53.900002,53.169998,53.209999,708000,50.019112
"2014-03-26",53.32,53.5,52.009998,52.040001,691100,48.919266
"2014-03-27",51.869999,51.970001,51.189999,51.450001,492900,48.364658
"2014-03-28",51.619999,52.439999,51.540001,52.16,346100,49.032078
"2014-03-31",52.380001,52.580002,51.91,52.169998,334600,49.041473
"2014-04-01",52.439999,54.060001,52.290001,53.919998,593600,50.686539
"2014-04-02",53.919998,54.810001,53.59,54.669998,500500,51.391563
"2014-04-03",54.77,55,54.580002,54.950001,427900,51.654766
"2014-04-04",54.82,55.349998,53,53.73,492000,50.507927
"2014-04-07",53.709999,54,51.529999,51.619999,1054200,48.524464
"2014-04-08",51.34,51.779999,50.810001,51.41,1213700,48.327061
"2014-04-09",51.459999,51.59,51.23,51.5,1212800,48.411659
"2014-04-10",51.52,51.790001,50.119999,50.68,1488500,47.640835
"2014-04-11",50.529999,50.900002,49.860001,50.009998,1184600,47.011009
"2014-04-14",50.279999,50.610001,49.18,49.77,605900,46.7854
"2014-04-15",49.880001,50.43,48.93,49.959999,419300,46.963997
"2014-04-16",50.16,50.720001,49.84,50.23,254000,47.217815
"2014-04-17",50.07,50.540001,49.43,50.150002,427200,47.142616
"2014-04-21",49.98,50.650002,49.599998,50.630001,225700,47.593819
"2014-04-22",50.709999,51.150002,50.360001,51,422500,47.941643
"2014-04-23",50.889999,50.959999,49.98,50.400002,507800,47.377621
"2014-04-24",50.619999,50.779999,49.720001,50.240002,659800,47.227222
"2014-04-25",49.950001,50.389999,49.369999,49.540001,290300,46.569202
"2014-04-28",49.84,50.080002,48.450001,48.82,605400,45.892365
"2014-04-29",48.959999,49.43,48.459999,48.900002,442000,45.967579
"2014-04-30",49,49.459999,48.439999,49.349998,481100,46.390583
"2014-05-01",51,51.860001,49.48,51.25,722100,48.176647
"2014-05-02",51.18,51.740002,50.25,50.700001,479000,47.659637
"2014-05-05",50.279999,50.52,49.57,50.060001,413800,47.05801
"2014-05-06",49.950001,50.16,49.549999,49.889999,596000,46.898205
"2014-05-07",49.889999,50.32,49.34,49.93,598000,46.93581
"2014-05-08",49.599998,50.400002,49.110001,49.360001,530600,46.399986
"2014-05-09",49.200001,50.16,48.669998,50,489100,47.001602
"2014-05-12",50.049999,50.84,50.049999,50.48,586100,47.452827
"2014-05-13",50.5,50.720001,50.330002,50.48,638700,47.452827
"2014-05-14",50.299999,50.43,49.740002,49.790001,470700,46.804195
"2014-05-15",49.52,49.740002,47.98,48.290001,738400,45.394146
"2014-05-16",48.32,49.43,48.150002,49.279999,719500,46.32478
"2014-05-19",49.299999,50.360001,49.27,50.209999,653500,47.199009
"2014-05-20",49.869999,50.540001,49.75,50.5,1543600,47.471619
"2014-05-21",50.52,51.029999,50.400002,50.709999,338500,47.669037
"2014-05-22",50.650002,51.84,50.32,51.490002,501100,48.40226
"2014-05-23",51.73,52.59,51.330002,52.459999,451800,49.314087
"2014-05-27",52.490002,52.84,52.330002,52.470001,331600,49.323494
"2014-05-28",52.619999,53.259998,52.459999,52.939999,523700,49.765301
"2014-05-29",52.939999,53.860001,52.939999,53.52,815600,50.310524
"2014-05-30",53.490002,53.509998,52.330002,52.389999,400300,49.24828
"2014-06-02",52.77,52.77,52.040001,52.07,646500,48.947464
"2014-06-03",51.299999,52.740002,51.299999,52.41,451900,49.267094
"2014-06-04",52.27,53.310001,52.23,53.150002,621100,49.962708
"2014-06-05",53.200001,54.34,52.900002,54.310001,608900,51.053146
"2014-06-06",54.43,56.09,54.369999,55.830002,965400,52.481998
"2014-06-09",55.970001,56.810001,55.619999,56.349998,850400,52.97081
"2014-06-10",56.240002,56.75,55.950001,56.73,618100,53.328026
"2014-06-11",56.400002,56.419998,55.98,56.34,625600,52.961411
"2014-06-12",56.18,56.560001,55.889999,56.119999,1780200,52.829624
"2014-06-13",56.259998,56.259998,55.900002,56.09,545100,52.801376
"2014-06-16",55.93,57.360001,55.84,57.130001,634300,53.780403
"2014-06-17",56.880001,57.66,56.099998,57.25,1436700,53.893375
"2014-06-18",57.23,57.5,57.049999,57.34,1901900,53.978081
"2014-06-19",57.330002,57.740002,56.040001,57.27,875800,53.912193
"2014-06-20",57.139999,57.779999,56.880001,57.619999,1265000,54.241669
"2014-06-23",57.720001,58.290001,57.43,57.560001,384500,54.1852
"2014-06-24",57.299999,57.57,56.490002,56.68,580300,53.356789
"2014-06-25",56.619999,56.830002,56.040001,56.689999,503900,53.366188
"2014-06-26",56.720001,56.779999,56.169998,56.32,336500,53.017891
"2014-06-27",56.450001,56.450001,55.52,55.580002,1105000,52.321278
"2014-06-30",55.52,56.75,55.419998,56.68,609900,53.356789
"2014-07-01",56.77,57.459999,56.77,57.060001,424500,53.714512
"2014-07-02",57,57.869999,57,57.369999,484600,54.006321
"2014-07-03",57.459999,57.740002,57.02,57.16,138700,53.80864
"2014-07-07",57.040001,57.040001,55.939999,56.040001,274700,52.754303
"2014-07-08",56.040001,56.040001,54.990002,55.509998,424300,52.255386
"2014-07-09",55.5,56.029999,55.360001,55.610001,342800,52.349522
"2014-07-10",54.849998,55.880001,54.619999,55.599998,496000,52.340096
"2014-07-11",55.669998,56.450001,55.439999,56.029999,269000,52.744896
"2014-07-14",56.099998,56.57,55.619999,55.98,426400,52.69783
"2014-07-15",55.849998,56.189999,55.279999,55.610001,306800,52.349522
"2014-07-16",55.790001,56.110001,55.139999,55.43,417400,52.180069
"2014-07-17",55.049999,55.169998,54.18,54.27,408600,51.088089
"2014-07-18",54.349998,55.009998,54.110001,54.889999,300700,51.671726
"2014-07-21",54.790001,55.049999,54.560001,54.759998,265900,51.549355
"2014-07-22",55.150002,55.580002,54.709999,54.900002,242000,51.681145
"2014-07-23",54.919998,55.09,54.099998,54.450001,362800,51.257542
"2014-07-24",54.419998,55.459999,54.290001,54.970001,412400,51.747047
"2014-07-25",54.630001,55.25,54.389999,55.099998,473700,51.869427
"2014-07-28",55.099998,55.110001,53.32,53.57,513200,50.429119
"2014-07-29",53.52,53.860001,52.419998,52.450001,582000,49.374798
"2014-07-30",52.549999,53.959999,52.43,53.66,799300,50.513859
"2014-07-31",50.900002,52.73,49.93,51.43,1583400,48.4146
"2014-08-01",51.43,51.48,49.59,50.360001,903900,47.407337
"2014-08-04",50.59,51.77,49.970001,50.119999,956900,47.1814
"2014-08-05",50.139999,50.93,49.799999,50.400002,668400,47.444988
"2014-08-06",49.299999,50.23,48.830002,50.119999,1078300,47.1814
"2014-08-07",50.5,50.630001,49.599998,49.869999,622300,46.946068
"2014-08-08",49.919998,50.720001,49.919998,50.610001,850400,47.642681
"2014-08-11",50.759998,51.029999,50.279999,50.360001,342200,47.407337
"2014-08-12",50.290001,51.119999,50.279999,50.959999,712200,47.972157
"2014-08-13",51.060001,52.279999,51.060001,52.240002,708300,49.177101
"2014-08-14",52.23,52.360001,51.669998,52.02,626600,48.970005
"2014-08-15",52.330002,52.93,51.830002,52.259998,755500,49.195938
"2014-08-18",52.509998,53.200001,52.169998,52.639999,325400,49.553658
"2014-08-19",52.799999,53.41,52.23,52.610001,513600,49.525417
"2014-08-20",52.630001,52.91,52.27,52.52,332400,49.440693
"2014-08-21",52.630001,52.77,52.110001,52.139999,249600,49.08297
"2014-08-22",52.049999,52.119999,51.740002,51.970001,399800,48.922943
"2014-08-25",52.220001,52.560001,51.91,52.470001,276100,49.393631
"2014-08-26",52.470001,52.580002,52.09,52.380001,291400,49.308907
"2014-08-27",52.259998,52.259998,51.650002,52.009998,281200,48.960594
"2014-08-28",51.73,51.790001,51.209999,51.549999,438400,48.527565
"2014-08-29",51.549999,51.75,51.240002,51.43,372000,48.4146
"2014-09-02",51.529999,52.299999,51.459999,52.27,661900,49.205345
"2014-09-03",52.639999,52.880001,51.98,52.189999,393900,49.130043
"2014-09-04",52.279999,52.84,52.07,52.330002,411300,49.261837
"2014-09-05",52.470001,52.650002,51.91,52.48,517700,49.403034
"2014-09-08",52.310001,52.619999,52.060001,52.220001,477300,49.158276
"2014-09-09",52.16,52.490002,51.509998,51.740002,533300,48.706425
"2014-09-10",51.630001,52.16,51.25,51.950001,620400,48.904121
"2014-09-11",51.790001,52.52,51.77,52.060001,472200,49.007664
"2014-09-12",51.830002,51.900002,50.709999,50.869999,811300,47.961132
"2014-09-15",50.73,50.900002,50.080002,50.799999,818700,47.895123
"2014-09-16",50.720001,51.41,50.580002,51.099998,671700,48.177975
"2014-09-17",51.16,52.25,50.91,51.060001,610400,48.140278
"2014-09-18",51.23,51.23,50.52,50.619999,551200,47.725426
"2014-09-19",50.880001,50.880001,47.470001,49.860001,1925100,47.008888
"2014-09-22",49.66,49.82,49.169998,49.200001,829600,46.386623
"2014-09-23",49.049999,49.470001,48.540001,48.919998,760000,46.122635
"2014-09-24",48.900002,49.209999,48.810001,49,470900,46.198059
"2014-09-25",48.77,49,48.060001,48.209999,604800,45.453243
"2014-09-26",48.25,48.529999,48.189999,48.400002,664800,45.632378
"2014-09-29",48.02,48.540001,47.790001,48,900800,45.255238
"2014-09-30",47.900002,48,47.310001,47.639999,1371500,44.915833
"2014-10-01",47.439999,48,46.880001,47.77,1083800,45.038387
"2014-10-02",47.68,48.07,47.369999,47.869999,2127100,45.132687
"2014-10-03",48.830002,49.209999,48.580002,49.139999,968600,46.330055
"2014-10-06",49.200001,49.470001,48.470001,48.59,750300,45.811508
"2014-10-07",48.369999,48.369999,46.580002,46.59,691600,43.925873
"2014-10-08",46.540001,47.279999,45.849998,47.240002,1061700,44.538689
"2014-10-09",47.389999,47.389999,46.540001,46.700001,617300,44.029587
"2014-10-10",46.580002,46.970001,46.200001,46.25,776400,43.605305
"2014-10-13",46.220001,46.48,45.279999,45.32,824500,42.728489
"2014-10-14",45.509998,45.889999,44.82,45.060001,976900,42.48336
"2014-10-15",44.560001,46,43.810001,45.720001,1284600,43.10561
"2014-10-16",44.630001,46.5,44.220001,46.330002,696500,43.680748
"2014-10-17",46.73,47.57,46.32,46.75,756800,44.076721
"2014-10-20",46.580002,47.169998,46.57,46.900002,602400,44.218143
"2014-10-21",47.169998,48.470001,47.169998,48.23,657200,45.472092
"2014-10-22",48.240002,48.509998,47,47.099998,696000,44.406712
"2014-10-23",47.700001,48.779999,47.259998,48.450001,733300,45.67952
"2014-10-24",48.490002,49.169998,48.07,49.119999,414700,46.311199
"2014-10-27",48.869999,49.310001,48.549999,49.150002,584000,46.339489
"2014-10-28",49.419998,50.25,49.080002,50.200001,730600,47.329445
"2014-10-29",50.509998,51.369999,49.66,50.290001,1184500,47.414299
"2014-10-30",50.18,53.049999,49.240002,52.639999,1203500,49.629925
"2014-10-31",53.619999,54.57,52.869999,53.09,2535400,50.054184
"2014-11-03",53.16,53.59,52.91,53.43,811100,50.374756
"2014-11-04",53.389999,53.84,53.09,53.119999,1120800,50.08247
"2014-11-05",53.43,53.580002,52.740002,53.049999,539900,50.016476
"2014-11-06",53.330002,53.509998,52.869999,53.419998,1041500,50.365322
"2014-11-07",53.439999,53.560001,52.900002,52.959999,1249500,49.931625
"2014-11-10",53.110001,53.110001,52.57,52.68,562600,49.667629
"2014-11-11",52.810001,53.389999,52.369999,52.52,582100,49.516781
"2014-11-12",52.310001,52.669998,52.009998,52.5,631100,49.497917
"2014-11-13",52.57,52.68,51.880001,52.119999,375500,49.13966
"2014-11-14",52,52.509998,51.790001,52.27,372900,49.281071
"2014-11-17",52.189999,52.919998,52.110001,52.84,529600,49.818485
"2014-11-18",52.91,54.049999,52.68,53.869999,629300,50.789593
"2014-11-19",53.939999,54.32,53.540001,54,758000,50.912159
"2014-11-20",53.619999,54.360001,53.52,54.09,220800,50.997002
"2014-11-21",54.799999,54.880001,54.02,54.200001,488700,51.100719
"2014-11-24",54.25,54.490002,53.880001,53.950001,482200,50.865009
"2014-11-25",53.939999,53.970001,53.279999,53.57,453300,50.506741
"2014-11-26",53.599998,53.799999,52.900002,53.060001,537700,50.025906
"2014-11-28",53.09,54.16,53.09,53.849998,343200,50.770718
"2014-12-01",53.790001,53.98,53.25,53.700001,467000,50.629303
"2014-12-02",53.790001,54.419998,53.639999,54.360001,316000,51.251568
"2014-12-03",54.560001,55.080002,54.41,54.689999,1397500,51.562698
"2014-12-04",54.720001,54.990002,54.400002,54.59,570900,51.468407
"2014-12-05",54.810001,55.610001,54.59,55.549999,861100,52.37352
"2014-12-08",55.560001,55.91,54.599998,54.91,601500,51.770115
"2014-12-09",54.029999,55.080002,53.860001,55,423800,51.854973
"2014-12-10",54.689999,55.099998,53.970001,54.150002,464300,51.053577
"2014-12-11",54.07,54.970001,53.580002,54.189999,394800,51.09129
"2014-12-12",53.689999,54.139999,53.619999,53.810001,592700,50.808025
"2014-12-15",54,54.41,53.349998,53.700001,452600,50.704155
"2014-12-16",53.599998,54.099998,52.959999,53.43,1016300,50.449234
"2014-12-17",53.540001,54.209999,53,54.110001,418500,51.091286
"2014-12-18",54.810001,54.98,54.279999,54.950001,504700,51.88443
"2014-12-19",55.380001,55.389999,54.650002,54.990002,686900,51.922192
"2014-12-22",54.98,55.610001,54.77,55.610001,277900,52.507603
"2014-12-23",55.610001,55.860001,55.400002,55.68,362700,52.573704
"2014-12-24",55.810001,55.900002,55.400002,55.73,134000,52.620907
"2014-12-26",55.77,56,55.580002,55.650002,193000,52.54538
"2014-12-29",55.540001,56.060001,55.290001,55.91,340600,52.790867
"2014-12-30",55.689999,55.889999,55.41,55.66,448600,52.554817
"2014-12-31",55.869999,56.049999,55.25,55.459999,564100,52.365974
"2015-01-02",55.490002,55.599998,53.970001,55.049999,668800,51.97884
"2015-01-05",54.73,55.240002,54.560001,54.939999,534600,51.874989
"2015-01-06",55,55.16,54.080002,54.849998,1337500,51.790005
"2015-01-07",55.09,56,54.810001,55.599998,718400,52.498154
"2015-01-08",55.709999,56.380001,55.18,56.349998,893900,53.206318
"2015-01-09",56.110001,56.330002,55.790001,55.880001,541000,52.762558
"2015-01-12",55.939999,55.990002,54.849998,54.990002,336600,51.922192
"2015-01-13",55.299999,56.459999,54.450001,55.099998,520200,52.026062
"2015-01-14",54.57,55.389999,54.18,55.330002,544200,52.243225
"2015-01-15",55.549999,55.66,53.349998,53.799999,1114300,50.79858
"2015-01-16",53.84,54.349998,53.169998,53.369999,2678200,50.392574
"2015-01-20",53.439999,53.919998,52.59,52.790001,1137400,49.844933
"2015-01-21",52.580002,53.450001,52.330002,52.919998,1614200,49.967686
"2015-01-22",53.119999,54.43,52.900002,54.360001,894200,51.327339
"2015-01-23",54.310001,55,54.310001,54.48,403700,51.440643
"2015-01-26",54.759998,54.830002,53.77,53.91,702600,50.902435
"2015-01-27",53.200001,54.040001,53.07,53.799999,476800,50.79858
"2015-01-28",54.299999,55.16,53.91,54.349998,695100,51.31789
"2015-01-29",54.150002,54.900002,53.709999,54.790001,456600,51.733349
"2015-01-30",54.52,54.919998,53.880001,54.009998,591800,50.996872
"2015-02-02",54.299999,54.529999,53.43,54.490002,1213600,51.450085
"2015-02-03",54.939999,55.43,54.700001,55.049999,429400,51.97884
"2015-02-04",55.029999,55.970001,54.970001,55.630001,578300,52.526493
"2015-02-05",55.75,57.060001,55.75,57,627800,53.820061
"2015-02-06",57.220001,57.799999,57.009998,57.549999,977400,54.339378
"2015-02-09",57.540001,58.099998,56.880001,56.91,730300,53.735085
"2015-02-10",57.220001,57.349998,56.259998,56.880001,527400,53.706757
"2015-02-11",56.939999,57.209999,56.389999,56.720001,860000,53.555683
"2015-02-12",57.139999,57.889999,56.849998,57.759998,723800,54.537659
"2015-02-13",57.720001,58.82,57.189999,58.66,746300,55.387444
"2015-02-17",58.790001,59.5,58.389999,58.560001,1336700,55.293026
"2015-02-18",56.880001,57.43,55.130001,56,1721100,52.875851
"2015-02-19",55.939999,57.860001,55.790001,57.619999,1670200,54.405468
"2015-02-20",57.439999,58.720001,56.98,58.599998,980200,55.330795
"2015-02-23",58.360001,58.720001,57.93,58.34,769700,55.085316
"2015-02-24",58.110001,58.790001,57.900002,58.400002,526600,55.141964
"2015-02-25",58.48,59.07,58.16,58.549999,626000,55.283581
"2015-02-26",58.740002,58.77,58.029999,58.290001,507200,55.038082
"2015-02-27",58.209999,58.540001,57.689999,57.73,342900,54.509331
"2015-03-02",57.77,58.91,57.639999,58.82,694300,55.538521
"2015-03-03",58.439999,58.82,58.049999,58.5,612000,55.236374
"2015-03-04",58.650002,58.84,57.98,58.450001,940000,55.189175
"2015-03-05",58.48,58.48,57.799999,58.110001,480000,54.868137
"2015-03-06",57.689999,57.98,57.360001,57.450001,413900,54.244949
"2015-03-09",57.41,58.139999,57.400002,57.990002,342800,54.754837
"2015-03-10",57.689999,58.009998,57.110001,57.610001,491100,54.396019
"2015-03-11",57.700001,58.259998,57.580002,57.91,559900,54.679291
"2015-03-12",57.93,58.52,57.93,58.400002,420900,55.141964
"2015-03-13",58.09,58.669998,57.799999,58.16,562300,55.009537
"2015-03-16",58.509998,58.77,58.009998,58.740002,494300,55.558132
"2015-03-17",58.209999,58.740002,58.040001,58.34,446100,55.179794
"2015-03-18",58.290001,60.099998,58.060001,59.84,634800,56.598534
"2015-03-19",59.860001,60.040001,59.290001,60.009998,599900,56.759331
"2015-03-20",60.41,61.220001,60.23,61.139999,923000,57.828117
"2015-03-23",61.240002,61.700001,60.810001,60.900002,685900,57.601109
"2015-03-24",60.740002,61.400002,60.380001,60.900002,529500,57.601109
"2015-03-25",60.84,61.23,60.139999,60.310001,652900,57.043076
"2015-03-26",60.299999,60.669998,59.98,60.509998,554100,57.232239
"2015-03-27",60.490002,61.299999,60.16,61.23,912800,57.913239
"2015-03-30",61.400002,61.970001,61.400002,61.91,457400,58.5564
"2015-03-31",61.5,61.93,61.049999,61.169998,428200,57.856487
"2015-04-01",60.98,61.330002,60.790001,61.080002,443500,57.771374
"2015-04-02",61.150002,61.709999,60.939999,61.450001,275700,58.121326
"2015-04-06",61.18,62.16,61.029999,61.650002,653400,58.310493
"2015-04-07",61.400002,61.709999,61.279999,61.57,398800,58.234814
"2015-04-08",61.529999,61.73,61.18,61.689999,512100,58.348328
"2015-04-09",61.700001,61.799999,61.139999,61.439999,425500,58.111874
"2015-04-10",61.52,61.720001,60.869999,61.240002,559800,57.922699
"2015-04-13",61.169998,61.580002,60.25,60.279999,438800,57.014702
"2015-04-14",60.32,60.68,59.599998,59.970001,681000,56.721497
"2015-04-15",60.02,60.610001,60.02,60.490002,443500,57.213337
"2015-04-16",60.380001,60.470001,59.700001,60.16,350400,56.901207
"2015-04-17",59.720001,59.720001,58.779999,59.099998,462000,55.898613
"2015-04-20",59.200001,59.68,59.080002,59.310001,403300,56.097244
"2015-04-21",59.689999,59.93,59.330002,59.810001,326600,56.570152
"2015-04-22",59.869999,60.48,59.720001,60.360001,485400,57.090366
"2015-04-23",60.07,60.18,59.529999,59.740002,1013000,56.503956
"2015-04-24",59.689999,61.080002,59.630001,60.959999,873500,57.657864
"2015-04-27",60.970001,61.450001,60.5,60.59,793100,57.307919
"2015-04-28",60.400002,61.099998,60.240002,60.810001,950300,57.515987
"2015-04-29",60.650002,60.700001,60.060001,60.549999,560600,57.270069
"2015-04-30",61.049999,62.540001,60.900002,61.150002,2075800,57.83757
"2015-05-01",60.619999,61.810001,60.18,61.450001,1464200,58.121326
"2015-05-04",61.099998,62.360001,61.099998,62.25,672200,58.877987
"2015-05-05",61.919998,62.360001,61.349998,61.5,577100,58.168621
"2015-05-06",61.639999,61.849998,60.93,61.279999,531600,57.960529
"2015-05-07",61.07,62,60.82,61.490002,1243500,58.159157
"2015-05-08",62,62.529999,61.66,62.380001,874400,59.000938
"2015-05-11",62.369999,63.419998,62.369999,63.18,1367300,59.757614
"2015-05-12",62.869999,63.080002,61.549999,61.779999,565200,58.433445
"2015-05-13",61.75,62.290001,61.599998,61.740002,621200,58.395615
"2015-05-14",62.200001,62.200001,61.759998,61.869999,587900,58.518566
"2015-05-15",61.830002,62.040001,61.419998,61.790001,890700,58.442909
"2015-05-18",61.82,62.119999,61.57,61.889999,691200,58.537487
"2015-05-19",62.099998,62.990002,61.790001,61.830002,546400,58.480736
"2015-05-20",62.02,62.02,61.400002,61.540001,480700,58.206451
"2015-05-21",61.709999,61.77,61.189999,61.400002,579900,58.074032
"2015-05-22",61.400002,61.779999,60.990002,61.259998,252700,57.941616
"2015-05-26",61.220001,61.369999,60.66,60.889999,375400,57.591656
"2015-05-27",61.32,61.919998,60.93,61.82,286200,58.471283
"2015-05-28",61.610001,61.970001,61.360001,61.939999,376200,58.584782
"2015-05-29",62.009998,62.970001,61.869999,62.439999,675900,59.057693
"2015-06-01",62.470001,62.470001,61.889999,62.040001,357600,58.679371
"2015-06-02",62,62.700001,61.689999,62.389999,271400,59.010406
"2015-06-03",62.369999,63.040001,61.799999,62.810001,458300,59.407661
"2015-06-04",62.25,62.66,61.740002,61.830002,223800,58.480736
"2015-06-05",61.650002,62.040001,61.110001,61.900002,314300,58.546944
"2015-06-08",61.73,62.09,61.389999,61.400002,235000,58.074032
"2015-06-09",61.34,61.34,60.73,60.950001,415300,57.648399
"2015-06-10",61.02,61.939999,61.02,61.619999,336000,58.282116
"2015-06-11",61.82,62.25,61.529999,61.650002,344900,58.310493
"2015-06-12",61.529999,61.970001,60.970001,61.099998,276600,57.884182
"2015-06-15",60.849998,61.099998,60.330002,60.860001,431300,57.656803
"2015-06-16",60.630001,60.98,60.290001,60.610001,320500,57.419975
"2015-06-17",60.82,61.240002,60.209999,61.169998,352200,57.950481
"2015-06-18",61.27,61.919998,61.119999,61.41,335800,58.17786
"2015-06-19",61.369999,62.009998,61.040001,61.669998,647000,58.424179
"2015-06-22",62,62.459999,61.709999,62.080002,275300,58.812595
"2015-06-23",62.02,62.580002,61.77,62.080002,425800,58.812595
"2015-06-24",62.279999,62.799999,61.77,62.049999,508700,58.784184
"2015-06-25",62.049999,62.630001,61.639999,61.73,229700,58.481014
"2015-06-26",61.82,62.040001,61.529999,61.630001,256900,58.38628
"2015-06-29",61.509998,61.639999,59.799999,59.900002,525600,56.747334
"2015-06-30",60.490002,61.02,60.009998,60.139999,617900,56.974709
"2015-07-01",60.73,60.810001,60.080002,60.209999,612300,57.041012
"2015-07-02",60.5,60.59,59.639999,59.77,308500,56.624176
"2015-07-06",59.48,60.130001,59.09,59.560001,340900,56.425228
"2015-07-07",59.73,59.73,58.68,59.650002,876400,56.510498
"2015-07-08",59.290001,59.439999,58.43,58.48,477200,55.402069
"2015-07-09",59.25,59.650002,59.09,59.189999,593100,56.074699
"2015-07-10",59.830002,60.439999,59.650002,60.27,753800,57.097858
"2015-07-13",60.75,61.060001,60.389999,60.990002,615200,57.779968
"2015-07-14",61.02,61.630001,60.75,61.52,361700,58.282082
"2015-07-15",61.380001,61.849998,60.599998,60.889999,453100,57.685219
"2015-07-16",61.189999,61.419998,60.970001,61.27,339400,58.045238
"2015-07-17",61.09,61.939999,61.09,61.389999,787000,58.158916
"2015-07-20",61.41,61.790001,61.150002,61.669998,309300,58.424179
"2015-07-21",61.59,61.73,60.669998,60.82,355500,57.618916
"2015-07-22",60.759998,61.48,60.68,61.07,376400,57.855751
"2015-07-23",61.360001,61.799999,60.939999,61.080002,572900,57.865238
"2015-07-24",61.310001,61.860001,61.049999,61.43,728400,58.196804
"2015-07-27",61.130001,61.560001,60.610001,61.200001,1057600,57.978912
"2015-07-28",61.32,62.849998,61.209999,62.389999,966300,59.106281
"2015-07-29",62.560001,63.860001,62.560001,63.75,805300,60.394699
"2015-07-30",63.900002,66.050003,61.560001,63.200001,1392300,59.873646
"2015-07-31",63.68,63.939999,63.060001,63.220001,646600,59.892601
"2015-08-03",63.220001,63.310001,62.380001,62.689999,543400,59.390495
"2015-08-04",62.799999,63.060001,62.439999,62.630001,429500,59.333649
"2015-08-05",63.310001,63.669998,62.580002,62.880001,551100,59.570492
"2015-08-06",62.889999,62.93,61.91,62.290001,428500,59.011543
"2015-08-07",62.240002,62.700001,61.849998,62.669998,398200,59.371536
"2015-08-10",63.049999,63.529999,62.889999,63.380001,304900,60.04417
"2015-08-11",62.880001,63.189999,62.720001,63.16,320100,59.835762
"2015-08-12",62.799999,63.080002,61.900002,63.07,392400,59.750496
"2015-08-13",62.950001,63.470001,62.580002,63.290001,325200,59.958912
"2015-08-14",63.25,63.630001,63.040001,63.599998,157800,60.252586
"2015-08-17",63.560001,64.699997,62.98,64.68,445200,61.275757
"2015-08-18",64.669998,64.860001,63.240002,64.57,634000,61.171547
"2015-08-19",64.050003,64.419998,63.66,64.230003,458800,60.849434
"2015-08-20",63.549999,63.650002,62.560001,62.599998,667200,59.305218
"2015-08-21",62.150002,62.150002,60.369999,60.380001,469200,57.202068
"2015-08-24",56.880001,59.419998,54.34,58.560001,1387800,55.477863
"2015-08-25",59.75,59.91,56.880001,56.950001,932100,53.952595
"2015-08-26",58.290001,59.09,57.119999,59.02,986000,55.913651
"2015-08-27",59.490002,60.779999,59.169998,60.509998,680100,57.325226
"2015-08-28",60.48,60.799999,59.740002,60.27,619300,57.097858
"2015-08-31",59.959999,60.220001,59.34,59.610001,400300,56.472591
"2015-09-01",57.169998,58.779999,57.169998,58.560001,755700,55.477863
"2015-09-02",59.220001,59.32,58.34,59.32,346100,56.197857
"2015-09-03",59.41,60.450001,58.529999,59.790001,569200,56.643127
"2015-09-04",59.049999,59.25,58.27,58.720001,421400,55.629436
"2015-09-08",59.689999,60.389999,59.110001,60.360001,301200,57.183117
"2015-09-09",60.830002,61.189999,60.080002,60.200001,613500,57.031544
"2015-09-10",60.080002,60.77,59.59,60.299999,426200,57.126286
"2015-09-11",59.919998,60.669998,59.580002,60.630001,271500,57.438919
"2015-09-14",60.439999,60.759998,60.16,60.720001,385100,57.619209
"2015-09-15",60.93,61.810001,60.540001,61.639999,397600,58.492233
"2015-09-16",61.490002,62.080002,61.080002,61.810001,422600,58.653553
"2015-09-17",61.709999,62.82,61.470001,62.040001,550700,58.871807
"2015-09-18",61.400002,61.98,61,61.119999,761800,57.998779
"2015-09-21",61.450001,61.93,61.130001,61.720001,396900,58.568142
"2015-09-22",61.07,61.259998,60.139999,60.369999,394300,57.287083
"2015-09-23",60.599998,60.669998,60.060001,60.59,474600,57.495853
"2015-09-24",60.099998,60.299999,59.450001,60.18,304800,57.106781
"2015-09-25",60.529999,60.599998,59.52,59.639999,570300,56.59436
"2015-09-28",59.380001,59.380001,56.75,57.259998,695400,54.335907
"2015-09-29",57.23,57.41,55.619999,56.07,639400,53.206669
"2015-09-30",56.52,57.740002,56.310001,57.66,575300,54.715477
"2015-10-01",57.950001,58.59,57.07,58.560001,704800,55.569511
"2015-10-02",57.98,58.099998,57.049999,58.080002,692600,55.11404
"2015-10-05",58.450001,59.650002,58.41,59.009998,514900,55.996529
"2015-10-06",59.150002,59.68,58.360001,58.650002,600700,55.654915
"2015-10-07",58.869999,59.689999,58.779999,59.639999,617300,56.59436
"2015-10-08",59.389999,59.880001,58.889999,59.740002,518600,56.689255
"2015-10-09",59.810001,60.43,59.389999,59.669998,500600,56.622814
"2015-10-12",59.689999,59.889999,58.990002,59.139999,421300,56.119877
"2015-10-13",58.900002,59.52,58.330002,58.860001,531400,55.854195
"2015-10-14",58.810001,59.299999,58.259998,58.830002,630000,55.825726
"2015-10-15",59.220001,60.610001,58.73,60.34,745700,57.25861
"2015-10-16",60.59,60.950001,60.110001,60.32,697000,57.239635
"2015-10-19",60.029999,60.310001,59.439999,59.98,513500,56.917004
"2015-10-20",59.939999,62.900002,59.939999,61.990002,924500,58.824352
"2015-10-21",62.34,62.490002,61.09,61.27,384300,58.141125
"2015-10-22",61.52,64.379997,61.400002,64,1248300,60.731705
"2015-10-23",64.379997,64.43,63.599998,63.73,1077000,60.475502
"2015-10-26",63.77,64.120003,63.150002,64.07,436500,60.798138
"2015-10-27",63.810001,64.5,63.740002,64.5,1020500,61.206177
"2015-10-28",64.580002,65.339996,63.610001,65.199997,1158000,61.870415
"2015-10-29",67.5,67.5,62.639999,64.510002,1801600,61.215668
"2015-10-30",64.589996,65.660004,63.959999,65.169998,1029100,61.841953
"2015-11-02",65.18,66.839996,64.900002,66.75,936900,63.34127
"2015-11-03",66.5,66.5,65.150002,65.330002,877300,61.993778
"2015-11-04",64.459999,65.360001,64.459999,64.699997,1181900,61.395954
"2015-11-05",63.98,64.5,63.669998,64.160004,1010500,60.883545
"2015-11-06",64.080002,64.540001,63.27,64.269997,855900,60.987919
"2015-11-09",64.220001,64.239998,63.02,63.68,782700,60.428055
"2015-11-10",63.619999,63.790001,62.77,63.330002,839500,60.095924
"2015-11-11",63.580002,65.07,63.34,65.010002,747400,61.69014
"2015-11-12",64.5,65.099998,64.25,64.68,1038300,61.376987
"2015-11-13",64.629997,65.019997,63.66,63.689999,650300,60.437527
"2015-11-16",63.990002,64.879997,63.59,64.720001,778000,61.414944
"2015-11-17",65,65.139999,64.339996,64.589996,846200,61.291576
"2015-11-18",65.169998,65.900002,64.669998,65.849998,1059700,62.487228
"2015-11-19",65.900002,66.760002,65.43,66.68,1700800,63.27486
"2015-11-20",66.82,67,66.239998,66.510002,2377900,63.113541
"2015-11-23",66.639999,66.830002,65.449997,65.690002,777600,62.3354
"2015-11-24",65.470001,65.470001,64.540001,65.18,988900,61.851444
"2015-11-25",65.5,66.669998,65.18,66.400002,634300,63.009148
"2015-11-27",66.489998,67.279999,66.400002,67.129997,274600,63.701862
"2015-11-30",67.269997,67.989998,67.010002,67.209999,1311700,63.777763
"2015-12-01",67.339996,68.080002,67.25,68.029999,899000,64.555893
"2015-12-02",67.900002,68.080002,67.029999,67.309998,643400,63.872692
"2015-12-03",67.400002,67.400002,65.410004,66.099998,578200,62.724461
"2015-12-04",66.349998,67.480003,65.879997,67.120003,660700,63.692383
"2015-12-07",66.970001,67.150002,66.360001,66.389999,534400,62.99966
"2015-12-08",65.639999,66.5,65.419998,65.849998,464800,62.487228
"2015-12-09",65.139999,66.370003,64.970001,65.18,577500,61.851444
"2015-12-10",65.18,65.919998,64.989998,65.389999,571200,62.050724
"2015-12-11",64.739998,65.440002,64.43,64.589996,518200,61.291576
"2015-12-14",64.529999,64.970001,63.639999,64.910004,813000,61.690746
"2015-12-15",65.209999,65.730003,64.940002,65.43,582000,62.184956
"2015-12-16",65.970001,66.660004,65.419998,66.459999,611200,63.163872
"2015-12-17",66.480003,66.480003,65.599998,65.620003,586400,62.365536
"2015-12-18",65.389999,65.540001,63.959999,64.650002,1609900,61.443638
"2015-12-21",65,65.489998,64.379997,64.760002,459400,61.548187
"2015-12-22",65.07,65.199997,64.419998,65.169998,443500,61.937859
"2015-12-23",65.550003,65.940002,65.239998,65.82,313400,62.555607
"2015-12-24",65.839996,65.919998,65.440002,65.610001,114200,62.356022
"2015-12-28",65.449997,66.389999,65.120003,66.309998,303800,63.02132
"2015-12-29",67.040001,67.540001,66.57,66.959999,475300,63.639053
"2015-12-30",66.699997,67.089996,66.449997,66.610001,309900,63.30645
"2015-12-31",66.260002,66.919998,65.309998,65.919998,310900,62.650661
"2016-01-04",64.879997,64.879997,63.389999,64.529999,845000,61.32959
"2016-01-05",64.57,65.400002,64.110001,64.459999,525600,61.263069
"2016-01-06",63.619999,63.830002,62.389999,62.77,505500,59.656879
"2016-01-07",61.630001,62.290001,60.75,60.959999,613600,57.936646
"2016-01-08",61.299999,61.709999,59.619999,59.77,675700,56.805676
"2016-01-11",60.02,60.450001,58.98,59.490002,562700,56.539555
"2016-01-12",59.959999,60.439999,59.330002,60.110001,521100,57.128815
"2016-01-13",60.529999,60.689999,58.66,58.810001,513400,55.89328
"2016-01-14",59.799999,60.939999,59.040001,60.23,929400,57.242855
"2016-01-15",60.419998,60.419998,56.66,58.68,1231500,55.76973
"2016-01-19",60.049999,60.209999,57.279999,58.009998,1e+06,55.13295
"2016-01-20",57.549999,58.040001,55.529999,57.41,1355200,54.562725
"2016-01-21",57.439999,57.77,55.759998,57.209999,1152600,54.372639
"2016-01-22",58.150002,60.130001,58.130001,59.959999,1086900,56.986248
"2016-01-25",59.689999,60.349998,58.830002,59.189999,1114700,56.254433
"2016-01-26",59.040001,60.119999,58.779999,59.939999,638000,56.967239
"2016-01-27",59.68,60.57,59.369999,59.73,711800,56.767647
"2016-01-28",60.060001,60.169998,58.759998,59.220001,668100,56.282951
"2016-01-29",59.529999,60.650002,59.169998,60.560001,677700,57.556488
"2016-02-01",60,60.740002,59.529999,60.450001,982600,57.451946
"2016-02-02",59.950001,59.950001,58.310001,58.73,1217300,55.817249
"2016-02-03",59.389999,59.490002,57.700001,59.380001,897500,56.435017
"2016-02-04",59.32,60.970001,59.220001,59.799999,542800,56.834187
"2016-02-05",59.830002,60.349998,56.009998,56.27,1627200,53.479252
"2016-02-08",55.380001,55.880001,52.950001,53.77,2161000,51.103233
"2016-02-09",53.330002,54.950001,53.189999,54.279999,1425700,51.587944
"2016-02-10",54.810001,56.52,54.41,54.849998,1245900,52.129673
"2016-02-11",56.189999,58.77,54.450001,56.740002,2540800,53.925941
"2016-02-12",58.09,58.869999,57.169998,57.5,1869100,54.648254
"2016-02-16",58.380001,58.810001,56.880001,58.5,1177600,55.598656
"2016-02-17",58.900002,59.549999,58.43,58.810001,1186300,55.89328
"2016-02-18",59.09,59.400002,58.380001,58.59,987300,55.684193
"2016-02-19",58.5,58.799999,57.970001,58.759998,2485200,55.84576
"2016-02-22",58.759998,61.43,58.759998,61.07,988400,58.041195
"2016-02-23",60.799999,62,60.529999,61.110001,742900,58.079216
"2016-02-24",60.450001,62.77,60.009998,62.630001,1014800,59.523815
"2016-02-25",62.720001,63.869999,60.599998,63.799999,912100,60.635807
"2016-02-26",64,64.5,63.130001,63.880001,748800,60.71183
"2016-02-29",63.919998,64.239998,62.939999,63,1127900,59.875477
"2016-03-01",63.580002,64.910004,63.32,64.830002,1140800,61.614708
"2016-03-02",64.589996,64.980003,64.050003,64.639999,674000,61.434139
"2016-03-03",64.57,64.980003,64.220001,64.839996,695300,61.624226
"2016-03-04",64.830002,65,63.84,63.939999,836800,60.768856
"2016-03-07",63.59,63.959999,62.98,63.490002,913100,60.341171
"2016-03-08",63.080002,63.360001,62.43,62.950001,972300,59.827957
"2016-03-09",63.43,63.68,62.869999,63.32,479000,60.179607
"2016-03-10",63.549999,64.110001,62.630001,63.099998,579400,59.970516
"2016-03-11",63.779999,63.959999,63.349998,63.75,440100,60.588272
"2016-03-14",63.23,64.470001,63.23,64.169998,569500,61.102463
"2016-03-15",63.66,64.150002,63.41,63.639999,463000,60.597801
"2016-03-16",63.34,64.099998,63.029999,63.759998,486900,60.71207
"2016-03-17",63.630001,64.519997,63.150002,64.370003,596200,61.292908
"2016-03-18",64.68,65.360001,64.489998,64.559998,865700,61.473812
"2016-03-21",64.260002,64.739998,63.970001,64.489998,701500,61.407169
"2016-03-22",64.160004,64.459999,63.950001,64.220001,536600,61.15007
"2016-03-23",64.07,64.07,63.220001,63.360001,454600,60.331192
"2016-03-24",63.23,63.380001,62.689999,63.139999,448100,60.121708
"2016-03-28",63.330002,63.529999,62.93,63.369999,313000,60.340706
"2016-03-29",63.41,63.810001,62.959999,63.639999,589800,60.597801
"2016-03-30",63.82,63.939999,63.040001,63.84,471100,60.788242
"2016-03-31",63.799999,64.290001,63.459999,63.709999,521100,60.664455
"2016-04-01",63.470001,65.5,63.080002,65.379997,933700,62.25462
"2016-04-04",65.370003,65.839996,64.669998,64.860001,453800,61.759487
"2016-04-05",64.550003,65.220001,64.07,64.699997,979000,61.607124
"2016-04-06",64.860001,66.279999,64.68,66.209999,1143800,63.044945
"2016-04-07",65.989998,65.989998,63.77,63.970001,1018900,60.912022
"2016-04-08",64.529999,64.760002,63.91,64.059998,429400,60.997723
"2016-04-11",64.550003,64.720001,63.290001,63.41,577400,60.378799
"2016-04-12",63.439999,63.990002,63.130001,63.41,574200,60.378799
"2016-04-13",63.639999,64.330002,63.349998,64.279999,746400,61.207199
"2016-04-14",64.220001,64.269997,63.509998,63.700001,463400,60.654938
"2016-04-15",63.580002,63.830002,63.32,63.77,340100,60.721592
"2016-04-18",63.509998,64.559998,63.5,64.25,315900,61.178642
"2016-04-19",64.349998,64.589996,63.75,63.880001,457700,60.826332
"2016-04-20",63.990002,64.220001,63.580002,63.91,350900,60.854897
"2016-04-21",63.950001,64.379997,63.139999,63.240002,359500,60.216927
"2016-04-22",63.330002,64.290001,63.259998,64.239998,557300,61.169121
"2016-04-25",64.309998,64.739998,63.93,64.699997,534200,61.607124
"2016-04-26",65,65.760002,64.879997,65.669998,778800,62.530758
"2016-04-27",65.849998,66.910004,65.470001,66.830002,994100,63.635323
"2016-04-28",63.950001,66.199997,63.66,65.239998,1756700,62.121315
"2016-04-29",65.230003,65.540001,64.57,65.449997,958100,62.321285
"2016-05-02",65.489998,67.120003,65.339996,66.5,993300,63.321095
"2016-05-03",66.300003,66.440002,65.400002,65.690002,822800,62.549793
"2016-05-04",65.370003,65.610001,64.830002,65.459999,539000,62.330807
"2016-05-05",65.489998,65.779999,64.900002,65.370003,769500,62.24511
"2016-05-06",65.370003,66.050003,64.800003,66.010002,372400,62.854507
"2016-05-09",65.980003,66.529999,65.690002,66.169998,441700,63.006859
"2016-05-10",66.580002,67.019997,66.269997,66.940002,327500,63.740055
"2016-05-11",66.940002,67.239998,65.889999,65.940002,283900,62.787857
"2016-05-12",66.290001,66.43,65.550003,66.129997,306900,62.968758
"2016-05-13",66.010002,66.940002,65.559998,66.010002,542600,62.854507
"2016-05-16",66.080002,66.669998,65.68,66.339996,476100,63.168713
"2016-05-17",66.43,67.110001,65.970001,66.830002,1042100,63.635323
"2016-05-18",66.730003,67.449997,66.220001,67.18,720400,63.968571
"2016-05-19",66.68,67.410004,66.470001,67.209999,1227900,63.997135
"2016-05-20",67.690002,68.610001,67.269997,67.360001,583100,64.139984
"2016-05-23",67.389999,67.400002,66.839996,67.220001,447400,64.00666
"2016-05-24",67.699997,68.449997,67.07,68.120003,504500,64.863632
"2016-05-25",68.449997,68.459999,67.440002,67.949997,824900,64.701767
"2016-05-26",67.949997,68.330002,67.690002,67.730003,332000,64.492287
"2016-05-27",67.760002,68.489998,67.720001,67.989998,425500,64.739868
"2016-05-31",68.07,68.349998,67.349998,67.639999,563700,64.406586
"2016-06-01",67.480003,68.260002,67.029999,68.190002,638100,64.930305
"2016-06-02",68.029999,68.18,67.510002,68.129997,575400,64.873154
"2016-06-03",67.860001,68.110001,67.339996,67.889999,333500,64.644638
"2016-06-06",68.139999,68.18,67.470001,67.900002,447700,64.65416
"2016-06-07",67.93,68.169998,67.419998,67.75,596600,64.51133
"2016-06-08",67.690002,69.099998,67.5,69.010002,715400,65.711098
"2016-06-09",68.669998,69.099998,68.309998,68.980003,441900,65.682533
"2016-06-10",68.959999,69.050003,67.589996,67.910004,589100,64.663689
"2016-06-13",67.519997,68.160004,67.230003,67.489998,664700,64.37751
"2016-06-14",67.440002,67.690002,66.900002,67.629997,557100,64.511047
"2016-06-15",68,68.419998,67.860001,68.160004,701500,65.016632
"2016-06-16",67.699997,68.360001,67.440002,68.199997,703900,65.054794
"2016-06-17",68.339996,68.519997,67.660004,67.690002,511300,64.568283
"2016-06-20",68.169998,69.139999,68.169998,68.949997,351200,65.770187
"2016-06-21",68.940002,69.25,68.550003,69.019997,587500,65.836945
"2016-06-22",68.900002,69.690002,68.82,68.839996,484800,65.665268
"2016-06-23",69.25,69.440002,68.910004,69.25,419700,66.056343
"2016-06-24",66.860001,67.93,65.660004,65.720001,1093700,62.689144
"2016-06-27",65.059998,65.209999,63.450001,64.019997,1188000,61.067543
"2016-06-28",64.43,66.510002,64.199997,66.410004,857600,63.347336
"2016-06-29",66.839996,68.449997,66.769997,68.010002,961500,64.873535
"2016-06-30",68.07,69.459999,68.050003,69.43,578300,66.228027
"2016-07-01",69.300003,69.57,68.279999,68.800003,775000,65.627106
"2016-07-05",68.360001,68.540001,67.519997,68.010002,455800,64.873535
"2016-07-06",67.93,68.620003,67.459999,68.260002,980800,65.112015
"2016-07-07",68.489998,68.989998,68.07,68.639999,333100,65.474472
"2016-07-08",69.139999,69.949997,69.019997,69.739998,386400,66.523743
"2016-07-11",70,70.629997,69.839996,69.93,501800,66.704987
"2016-07-12",70.230003,70.769997,70.099998,70.529999,427700,67.277313
"2016-07-13",71.010002,71.010002,70.209999,70.440002,331600,67.191483
"2016-07-14",71.07,71.419998,70.849998,71.010002,462500,67.735176
"2016-07-15",71.209999,71.559998,70.879997,71.349998,363000,68.059494
"2016-07-18",71.349998,71.5,70.75,70.940002,291400,67.668427
"2016-07-19",70.839996,71.919998,70.75,71.839996,802400,68.526901
"2016-07-20",71.919998,72.199997,71.470001,71.93,317900,68.612755
"2016-07-21",71.93,71.949997,71.379997,71.559998,255000,68.259819
"2016-07-22",71.470001,72.440002,71.230003,72.339996,471000,69.003838
"2016-07-25",71.690002,71.980003,71.459999,71.870003,389800,68.555519
"2016-07-26",71.949997,72.660004,71.879997,72.459999,579300,69.118294
"2016-07-27",72.550003,72.589996,71.459999,71.879997,758600,68.565063
"2016-07-28",72.75,73.419998,72.150002,72.779999,841100,69.423553
"2016-07-29",72.82,73.489998,72.190002,72.389999,961500,69.051552
"2016-08-01",71.739998,72.629997,71.610001,72.400002,632700,69.061081
"2016-08-02",70.989998,72.07,70.75,71.690002,618300,68.38385
"2016-08-03",71.699997,71.699997,70.760002,71.050003,720700,67.773331
"2016-08-04",71.230003,71.790001,70.919998,71,658500,67.725639
"2016-08-05",71.559998,71.650002,71.190002,71.410004,650800,68.116745
"2016-08-08",71.360001,71.559998,70.669998,70.980003,672500,67.706573
"2016-08-09",71.110001,71.309998,70.739998,71.309998,716100,68.021324
"2016-08-10",71.5,71.5,70.910004,71.349998,485200,68.059494
"2016-08-11",71.489998,72.07,71.410004,71.809998,490000,68.498283
"2016-08-12",71.809998,72.540001,71.68,72.349998,598100,69.013382
"2016-08-15",72.629997,73.220001,72.400002,72.82,602800,69.461723
"2016-08-16",72.580002,73.110001,72.160004,72.230003,402000,68.898918
"2016-08-17",72.230003,72.300003,71.290001,71.660004,597800,68.355209
"2016-08-18",71.580002,72.099998,71.389999,71.889999,283400,68.574608
"2016-08-19",71.620003,71.669998,71.089996,71.279999,546800,67.992729
"2016-08-22",71.220001,72.059998,71.080002,71.910004,624900,68.593697
"2016-08-23",72.080002,72.610001,72.080002,72.18,390100,68.851234
"2016-08-24",72.010002,72.25,71.660004,71.800003,483800,68.488754
"2016-08-25",71.690002,72.190002,71.489998,72.089996,309800,68.76535
"2016-08-26",72.25,72.489998,71.18,71.580002,308500,68.278893
"2016-08-29",71.690002,72.169998,71.43,72.099998,354700,68.77491
"2016-08-30",71.93,72.129997,71.07,71.260002,450500,67.973663
"2016-08-31",71.080002,71.489998,70.690002,71.220001,573900,67.935524
"2016-09-01",71.32,71.879997,70.720001,71.839996,534400,68.526901
"2016-09-02",72.050003,72.550003,71.919998,72.389999,420400,69.051552
"2016-09-06",72.360001,72.75,71.68,72.07,329300,68.7463
"2016-09-07",71.900002,71.940002,70.599998,70.889999,757300,67.620735
"2016-09-08",70.68,70.910004,69.720001,69.879997,515800,66.657318
"2016-09-09",69.360001,69.639999,66.830002,66.830002,951400,63.747952
"2016-09-12",66.730003,67.639999,66.709999,67.379997,1185200,64.272606
"2016-09-13",66.57,67.040001,66.190002,66.580002,620800,63.622787
"2016-09-14",66.650002,66.980003,65.830002,66.089996,749300,63.154545
"2016-09-15",66.050003,67.129997,65.989998,66.849998,1714800,63.88081
"2016-09-16",66.43,66.519997,66.099998,66.25,989800,63.307449
"2016-09-19",66.25,67.730003,66.099998,67.370003,1088100,64.377716
"2016-09-20",67.739998,67.849998,67.059998,67.360001,494300,64.368149
"2016-09-21",67.709999,68.029999,66.769997,67.879997,508900,64.865044
"2016-09-22",68.559998,69.379997,68.559998,69.050003,725900,65.983078
"2016-09-23",69.050003,69.050003,68.419998,68.669998,340600,65.619965
"2016-09-26",68.419998,68.610001,67.739998,68.25,204100,65.218613
"2016-09-27",68.190002,68.959999,68.139999,68.940002,279700,65.87796
"2016-09-28",69.050003,69.419998,68.489998,69.410004,366000,66.327095
"2016-09-29",69.190002,69.470001,67.769997,68.260002,671200,65.22818
"2016-09-30",68.440002,69.400002,67.970001,68.910004,1014700,65.849312
"2016-10-03",68.660004,69.099998,68.160004,68.169998,646800,65.142181
"2016-10-04",68.209999,68.449997,67.199997,67.379997,601700,64.387276
"2016-10-05",67.769997,67.860001,66.849998,67.550003,854600,64.549721
"2016-10-06",67.599998,68.110001,67.230003,67.949997,488900,64.931938
"2016-10-07",68.160004,68.160004,66.620003,66.879997,642000,63.909451
"2016-10-10",67.110001,67.639999,66.980003,67.279999,591400,64.291702
"2016-10-11",67,67.230003,65.620003,66.230003,686100,63.288345
"2016-10-12",66.279999,67.260002,66.129997,67.029999,510100,64.052795
"2016-10-13",66.43,66.75,65.849998,66.540001,296100,63.584557
"2016-10-14",67.019997,68.239998,66.93,67.690002,839700,64.683479
"2016-10-17",68.330002,69.5,68.080002,68.339996,690500,65.304626
"2016-10-18",68.989998,68.989998,67.809998,67.900002,632600,64.884163
"2016-10-19",67.93,68,67.169998,67.199997,613900,64.215248
"2016-10-20",67.190002,67.620003,66.470001,67.279999,551600,64.291702
"2016-10-21",66.660004,67.260002,65.830002,67.18,759300,64.196136
"2016-10-24",67.690002,68.190002,67.529999,67.760002,619000,64.750389
"2016-10-25",67.559998,67.559998,65.43,65.519997,822000,62.609867
"2016-10-26",65.43,65.739998,65.089996,65.589996,1537000,62.67675
"2016-10-27",64.160004,64.510002,61.470001,62.84,2817500,60.048912
"2016-10-28",62.650002,64.75,62.650002,63.59,1198500,60.765591
"2016-10-31",63.560001,64.290001,63.560001,63.84,1601000,61.00449
"2016-11-01",63.91,64.5,62.919998,63.459999,2094600,60.641365
"2016-11-02",63.32,63.810001,62.970001,63.349998,1169800,60.536255
"2016-11-03",63.400002,63.880001,63.07,63.290001,835200,60.478916
"2016-11-04",63.48,64.690002,63.310001,63.639999,1692900,60.813366
"2016-11-07",64.760002,65.480003,64.529999,65.419998,713500,62.514309
"2016-11-08",65.309998,65.970001,64.900002,65.709999,429900,62.791451
"2016-11-09",64.32,67.260002,64.309998,66.75,1052600,63.785252
"2016-11-10",67.279999,69.949997,67.07,69.110001,1358700,66.040405
"2016-11-11",68.949997,69.900002,68.949997,69.309998,1187900,66.231529
"2016-11-14",69.379997,69.440002,68.389999,68.589996,1245600,65.54351
"2016-11-15",68.599998,68.940002,68.110001,68.769997,887500,65.71553
"2016-11-16",68.790001,68.790001,67.519997,67.57,575400,64.568832
"2016-11-17",67.660004,68.610001,67.629997,68.279999,600200,65.247292
"2016-11-18",68.040001,68.599998,67.080002,67.32,637800,64.329933
"2016-11-21",67.68,68.32,67.040001,67.93,595800,64.912819
"2016-11-22",67.93,68.199997,67.540001,68,545500,64.979721
"2016-11-23",67.93,68.309998,67.209999,67.699997,648100,64.693047
"2016-11-25",67.989998,68.010002,67.18,67.910004,220900,64.893715
"2016-11-28",67.57,67.800003,67.199997,67.400002,547800,64.406372
"2016-11-29",67.550003,67.839996,67.169998,67.480003,403100,64.482811
"2016-11-30",67.669998,67.93,66.510002,66.910004,733100,63.938137
"2016-12-01",66.970001,67.32,65.25,65.459999,1391300,62.55254
"2016-12-02",65.43,65.68,64.790001,64.870003,621300,61.988747
"2016-12-05",65.190002,65.239998,64.459999,64.610001,789200,61.740299
"2016-12-06",64.690002,65.110001,64.330002,65,854600,62.112961
"2016-12-07",65.129997,65.949997,64.830002,65.779999,1093800,62.858322
"2016-12-08",65.629997,66.059998,65.300003,65.379997,722300,62.476082
"2016-12-09",65.470001,65.790001,65.169998,65.68,411300,62.762764
"2016-12-12",65.68,65.790001,64.57,65.120003,658600,62.227642
"2016-12-13",65.139999,65.919998,65.029999,65.650002,776100,62.849911
"2016-12-14",65.669998,66.18,65.349998,65.440002,770100,62.648872
"2016-12-15",65.470001,65.849998,64.779999,64.900002,774200,62.131905
"2016-12-16",65.110001,65.43,64.110001,64.220001,1269000,61.480907
"2016-12-19",64.480003,65.620003,64.300003,64.910004,512300,62.141483
"2016-12-20",65.059998,65.360001,64.940002,65.330002,467800,62.543568
"2016-12-21",65.410004,65.709999,64.959999,65.550003,559200,62.754173
"2016-12-22",65.449997,65.790001,65.099998,65.25,551100,62.466988
"2016-12-23",65.349998,65.650002,65.220001,65.389999,266100,62.601006
"2016-12-27",65.449997,65.650002,65.160004,65.540001,173600,62.744602
"2016-12-28",65.559998,65.910004,64.760002,64.800003,361600,62.036163
"2016-12-29",64.870003,65.160004,64.43,64.769997,332200,62.007446
"2016-12-30",65.040001,65.199997,63.709999,64,501800,61.270287
"2017-01-03",64.639999,65.110001,63.91,64.699997,689800,61.940434
"2017-01-04",64.68,66.220001,64.68,65.93,958800,63.11797
"2017-01-05",65.580002,66.360001,65.330002,66.290001,808900,63.462608
"2017-01-06",66.389999,66.650002,65.800003,65.889999,1238300,63.079689
"2017-01-09",65.639999,65.889999,65.199997,65.419998,850600,62.629715
"2017-01-10",65.110001,65.269997,63.810001,64.5,1806100,61.748966
"2017-01-11",64.760002,65.730003,64.389999,65.699997,893200,62.897774
"2017-01-12",65.330002,66.209999,65.129997,66.120003,737700,63.29987
"2017-01-13",66.209999,66.760002,65.480003,65.5,509000,62.70631
"2017-01-17",65.129997,66.099998,64.93,65.870003,653400,63.060535
"2017-01-18",65.940002,66.639999,65.82,66.480003,601500,63.64452
"2017-01-19",66.639999,67.32,66.449997,66.580002,720000,63.740246
"2017-01-20",66.540001,66.540001,64.620003,65.160004,1013000,62.380817
"2017-01-23",64.830002,65.779999,64.75,65.07,829500,62.294659
"2017-01-24",65.309998,66.870003,65.309998,66.419998,759600,63.587067
"2017-01-25",67,68.540001,66.059998,66.599998,836000,63.759396
"2017-01-26",66.599998,66.949997,65.650002,65.949997,808400,63.137119
"2017-01-27",66.160004,66.610001,65.970001,66.519997,450700,63.682812
"2017-01-30",66.019997,66.059998,64.82,65.839996,709300,63.031822
"2017-01-31",65.68,65.739998,64.739998,65.669998,594400,62.869072
"2017-02-01",65.940002,67.099998,65.370003,65.940002,685400,63.127548
"2017-02-02",65.589996,65.75,65.059998,65.620003,992100,62.821186
"2017-02-03",66.620003,67.389999,66.199997,67.330002,950400,64.45826
"2017-02-06",67.120003,67.339996,66.550003,67.339996,626600,64.467834
"2017-02-07",67.389999,67.75,66.809998,67.019997,872400,64.161476
"2017-02-08",67.019997,67.800003,66.720001,67.599998,922700,64.716759
"2017-02-09",67.690002,72,67.019997,71.730003,2487100,68.670609
"2017-02-10",71.800003,72.360001,71.5,71.919998,1099200,68.852493
"2017-02-13",72.199997,72.480003,71.190002,71.449997,562100,68.402534
"2017-02-14",71.349998,71.540001,70.849998,71.080002,695500,68.048317
"2017-02-15",70.839996,71.989998,70.839996,71.830002,1138200,68.766327
"2017-02-16",71.900002,73.110001,71.900002,72.93,1067300,69.81942
"2017-02-17",72.839996,73.68,72.480003,73.269997,865000,70.144905
"2017-02-21",73.199997,74.669998,73.18,74.510002,1120400,71.332039
"2017-02-22",74.32,75,73.910004,74.059998,631200,70.901192
"2017-02-23",74.440002,74.5,73.57,73.949997,541700,70.795898
"2017-02-24",73.550003,73.970001,73.269997,73.949997,505200,70.795898
"2017-02-27",73.910004,74.209999,73.529999,73.599998,568200,70.460831
"2017-02-28",73.760002,73.93,72.550003,72.589996,769200,69.493912
"2017-03-01",73.669998,74.309998,73.269997,73.690002,567800,70.546989
"2017-03-02",73.849998,74.290001,73.190002,73.959999,557200,70.805481
"2017-03-03",74.050003,74.370003,73.349998,73.82,962000,70.67144
"2017-03-06",73,73.629997,72.800003,73.209999,1106600,70.087471
"2017-03-07",73.230003,73.400002,72.620003,72.860001,675100,69.752388
"2017-03-08",73.040001,73.480003,72.449997,73.110001,1073900,69.991722
"2017-03-09",73.309998,73.970001,73.120003,73.459999,676300,70.326813
"2017-03-10",73.919998,74.580002,73.870003,74.470001,692300,71.293724
"2017-03-13",74.120003,74.830002,73.769997,74.760002,668400,71.725464
"2017-03-14",74.269997,74.779999,74,74.370003,506600,71.351303
"2017-03-15",74.639999,75.290001,73.980003,74.919998,521200,71.878952
"2017-03-16",74.980003,75.389999,74.709999,75.150002,459300,72.09964
"2017-03-17",75.050003,75.620003,74.82,75.480003,829500,72.416245
"2017-03-20",75.480003,75.68,75.010002,75.230003,530400,72.176384
"2017-03-21",75.519997,75.660004,74.190002,74.269997,709400,71.255341
"2017-03-22",74.279999,74.860001,74.050003,74.769997,472300,71.735054
"2017-03-23",74.68,75.360001,74.290001,74.860001,410300,71.821396
"2017-03-24",75.010002,75.629997,74.650002,75.050003,422700,72.003693
"2017-03-27",74.059998,75.279999,74,74.889999,696300,71.850189
"2017-03-28",74.650002,75.410004,74.650002,75.120003,271200,72.070847
"2017-03-29",74.889999,75.410004,74.709999,75.410004,394400,72.349091
"2017-03-30",75.32,75.919998,75.260002,75.860001,450900,72.780807
"2017-03-31",75.699997,76.290001,75.470001,75.699997,592300,72.627312
"2017-04-03",75.879997,76.5,75.309998,75.720001,654800,72.646492
"2017-04-04",75.540001,75.739998,74.830002,74.900002,513200,71.859795
"2017-04-05",75,75.440002,73.93,74.129997,1267500,71.121017
"2017-04-06",74.419998,75.300003,74.110001,74.699997,556400,71.667892
"2017-04-07",74.610001,75.139999,74.580002,74.690002,384400,71.65831
"2017-04-10",74.639999,75.220001,74.529999,74.620003,451000,71.591156
"2017-04-11",74.720001,75.349998,74.480003,75.290001,760800,72.233955
"2017-04-12",75.269997,75.449997,74.400002,75.239998,824400,72.185959
"2017-04-13",75.139999,75.550003,74.830002,75.110001,925500,72.061256
"2017-04-17",75.279999,76.230003,75.190002,76.230003,414300,73.135796
"2017-04-18",75.980003,76.139999,75.610001,75.940002,418400,72.857567
"2017-04-19",76.279999,77.339996,76.279999,76.830002,666100,73.711441
"2017-04-20",77.120003,78.050003,76.879997,77.720001,417100,74.565315
"2017-04-21",77.690002,78.220001,77.589996,77.910004,750500,74.747597
"2017-04-24",78.870003,79.190002,77.739998,78.239998,711800,75.064194
"2017-04-25",78.650002,79.089996,78.32,78.75,400100,75.553505
"2017-04-26",78.849998,79.970001,78.110001,79.720001,1521200,76.484131
"2017-04-27",82,82,79.800003,80.620003,1601800,77.347595
"2017-04-28",80.059998,80.339996,78.410004,78.639999,1349300,75.447975
"2017-05-01",78.699997,78.699997,77.620003,77.699997,716500,74.546127
"2017-05-02",77.980003,78.230003,77.300003,77.620003,698100,74.469383
"2017-05-03",77.239998,77.620003,76.68,77.279999,828800,74.143158
"2017-05-04",77.589996,77.919998,76.980003,77.349998,919700,74.210327
"2017-05-05",77.559998,77.940002,77,77.5,809500,74.354248
"2017-05-08",77.279999,77.57,76.400002,76.800003,573300,73.682678
"2017-05-09",77.110001,77.199997,76.75,76.980003,438000,73.855362
"2017-05-10",76.760002,76.940002,75.849998,76.830002,613200,73.711441
"2017-05-11",76.449997,77.309998,75.940002,77.290001,9e+05,74.152756
"2017-05-12",77.160004,77.309998,76.639999,76.730003,415800,73.615494
"2017-05-15",76.699997,77.57,76.699997,77.239998,582400,74.10479
"2017-05-16",77.599998,78.699997,77.580002,78.480003,1238600,75.294464
"2017-05-17",78.480003,78.480003,76.860001,77.010002,1009000,73.88414
"2017-05-18",76.830002,77.760002,76.260002,77.32,656400,74.181549
"2017-05-19",77.830002,79.449997,77.459999,79.059998,1065000,75.850922
"2017-05-22",79.199997,79.989998,79.199997,79.459999,798800,76.23468
"2017-05-23",79.5,79.709999,78.760002,78.900002,823800,75.697426
"2017-05-24",79,79.239998,78.650002,79.050003,702000,75.841347
"2017-05-25",79.290001,79.690002,79.050003,79.459999,645500,76.23468
"2017-05-26",79.360001,79.68,79.110001,79.379997,655700,76.157936
"2017-05-30",79.349998,79.349998,78.25,78.459999,855300,75.275284
"2017-05-31",78.620003,79.169998,77.760002,78.629997,3922200,75.43837
"2017-06-01",79.019997,79.550003,78.800003,79.139999,907200,75.927681
"2017-06-02",79.050003,80.169998,78.870003,80.059998,703700,76.810333
"2017-06-05",80,80.370003,79.639999,80,498600,76.752754
"2017-06-06",79.760002,80.400002,78.470001,78.540001,510900,75.35202
"2017-06-07",78.610001,79.040001,78.120003,78.330002,511500,75.150551
"2017-06-08",78.330002,78.57,77.370003,77.650002,724500,74.498161
"2017-06-09",77.830002,78.220001,76.900002,77.230003,756900,74.095207
"2017-06-12",77.360001,78.489998,76.470001,78.449997,1033300,75.265686
"2017-06-13",78.190002,79.400002,77.809998,79.279999,611400,76.217438
"2017-06-14",79.690002,80.120003,79.43,79.75,563100,76.669289
"2017-06-15",79.32,80.830002,79.040001,80.75,600700,77.630669
"2017-06-16",81.019997,81.93,80.760002,81.580002,822400,78.428581
"2017-06-19",82.040001,82.379997,81.660004,82.169998,403100,78.995804
"2017-06-20",81.68,82.769997,81.5,81.910004,520500,78.745842
"2017-06-21",82.099998,82.099998,81.339996,81.510002,437800,78.36129
"2017-06-22",81.489998,81.900002,81.169998,81.190002,298800,78.05365
"2017-06-23",81.209999,82.18,80.989998,81.449997,590600,78.303612
"2017-06-26",81.669998,81.959999,81.269997,81.410004,236800,78.265144
"2017-06-27",81.25,81.620003,80.489998,80.589996,456000,77.47683
"2017-06-28",81.120003,81.830002,80.879997,81.239998,264600,78.10173
"2017-06-29",81.260002,81.260002,78.910004,79.82,542700,76.736572
"2017-06-30",80.089996,81.5,80.089996,81.120003,457200,77.986359
"2017-07-03",81.57,81.830002,81.349998,81.370003,217200,78.2267
"2017-07-05",81.550003,82.900002,81.360001,82.139999,416600,78.966957
"2017-07-06",81.919998,81.919998,80.5,80.660004,424000,77.544128
"2017-07-07",80.849998,81.639999,80.220001,81.220001,414000,78.082504
"2017-07-10",81.349998,81.849998,81.089996,81.529999,472600,78.380516
"2017-07-11",81.379997,81.839996,81.029999,81.470001,354500,78.322838
"2017-07-12",82.040001,82.529999,81.589996,81.989998,374700,78.822762
"2017-07-13",81.980003,82.690002,80.610001,80.790001,541500,77.669106
"2017-07-14",80.809998,81.290001,80.449997,80.769997,438700,77.649864
"2017-07-17",80.779999,80.849998,80.459999,80.830002,295800,77.707573
"2017-07-18",80.599998,80.889999,80.150002,80.599998,374300,77.486443
"2017-07-19",80.709999,81,80.5,80.699997,303000,77.582588
"2017-07-20",80.870003,81.139999,80.120003,81.089996,528900,77.957504
"2017-07-21",80.809998,81.279999,80.120003,80.410004,401400,77.303787
"2017-07-24",80.339996,80.690002,79.690002,80.309998,286000,77.207657
"2017-07-25",80.82,81.07,78.75,79.099998,681700,76.044395
"2017-07-26",79.029999,79.400002,78.480003,78.489998,853400,75.457947
"2017-07-27",78.989998,81.260002,77.620003,81.199997,1371800,78.063263
"2017-07-28",81.309998,82,80.230003,81.400002,736100,78.255554
"2017-07-31",81.559998,81.889999,80.739998,81.239998,615800,78.10173
"2017-08-01",81.629997,82.620003,80.940002,81.470001,878500,78.322838
"2017-08-02",81.18,81.379997,79.860001,80.849998,521700,77.726799
"2017-08-03",80.989998,81.110001,80.139999,80.760002,372200,77.640259
"2017-08-04",80.860001,81.32,80.459999,81.32,343900,78.178627
"2017-08-07",81.330002,82.059998,80.82,81.989998,321400,78.822762
"2017-08-08",81.910004,82.25,81.309998,81.370003,468600,78.2267
"2017-08-09",81.309998,81.519997,80.459999,80.589996,354000,77.47683
"2017-08-10",80.190002,80.480003,78.860001,78.919998,459900,75.871338
"2017-08-11",78.93,79.769997,78.629997,79.279999,354100,76.217438
"2017-08-14",79.839996,80.029999,79.080002,79.470001,420400,76.400101
"2017-08-15",79.5,79.5,78.739998,78.949997,271400,75.900185
"2017-08-16",79.040001,79.629997,78.889999,79.290001,404100,76.227051
"2017-08-17",79.18,79.959999,78.760002,78.830002,500500,75.784828
"2017-08-18",78.580002,78.870003,78.059998,78.169998,327900,75.150314
"2017-08-21",78.199997,78.32,77.419998,77.480003,384900,74.486961
"2017-08-22",77.68,78.32,77.279999,78.080002,507600,75.063789
"2017-08-23",77.809998,77.849998,76.790001,77.089996,611600,74.11203
"2017-08-24",77.239998,77.540001,76.82,77.150002,360200,74.169716
"2017-08-25",77.580002,77.809998,77.43,77.620003,376800,74.621567
"2017-08-28",77.970001,78.25,77.82,78.050003,425100,75.034958
"2017-08-29",77.720001,78.339996,77.699997,77.769997,271900,74.76577
"2017-08-30",77.739998,78.339996,77.449997,78.300003,292300,75.275314
"2017-08-31",78.709999,79,78.449997,78.709999,487600,75.669449
"2017-09-01",79.029999,79.400002,78.849998,79.150002,517800,76.092476
"2017-09-05",79.160004,80,79.160004,79.400002,639400,76.332802
"2017-09-06",79.860001,80.529999,79.580002,80.260002,604900,77.159576
"2017-09-07",80.379997,80.629997,79.699997,80.220001,395900,77.121132
"2017-09-08",80.209999,81.400002,79.900002,80.809998,512300,77.688332
"2017-09-11",81.230003,81.639999,80.480003,81.07,759300,77.938293
"2017-09-12",81.330002,81.620003,80.949997,81,660500,77.870987
"2017-09-13",81.089996,81.870003,80.43,81.809998,589500,78.649696
"2017-09-14",81.660004,82.650002,81.419998,82.620003,784200,79.428421
"2017-09-15",82.629997,82.970001,82.120003,82.769997,978400,79.72702
"2017-09-18",82.980003,83.120003,82.190002,82.650002,508100,79.611427
"2017-09-19",82.760002,83.139999,82.059998,82.849998,677100,79.80407
"2017-09-20",83.010002,84.040001,82.57,83.57,1023200,80.497612
"2017-09-21",83.25,83.82,83.25,83.470001,465000,80.401291
"2017-09-22",83.620003,84.639999,83.339996,84.550003,890500,81.441582
"2017-09-25",84.410004,84.800003,84.290001,84.5,437300,81.39341
"2017-09-26",84.75,85.620003,84.5,85.349998,518900,82.212166
"2017-09-27",85.610001,86.449997,85.290001,85.330002,751400,82.192902
"2017-09-28",85.290001,85.82,84.82,85.760002,585300,82.607086
"2017-09-29",85.68,86.889999,85.68,86.470001,493100,83.291
"2017-10-02",86.559998,86.949997,86.279999,86.529999,518600,83.34877
"2017-10-03",86.660004,87.690002,86.480003,87.470001,529300,84.254227
"2017-10-04",87.419998,87.760002,86.550003,86.730003,828500,83.541428
"2017-10-05",86.830002,87.25,86.029999,87.07,694000,83.868919
"2017-10-06",87.040001,87.330002,86.599998,87.190002,716800,83.984512
"2017-10-09",87.370003,87.690002,86.650002,87.620003,297900,84.398697
"2017-10-10",87.82,87.980003,87.190002,87.809998,415900,84.581718
"2017-10-11",88.110001,88.32,87.599998,88.150002,743800,84.909218
"2017-10-12",87.879997,89.75,87.620003,89.559998,913500,86.267403
"2017-10-13",89.809998,89.809998,88.190002,88.300003,380500,85.053703
"2017-10-16",88.519997,88.949997,88.010002,88.139999,349700,84.899582
"2017-10-17",88.110001,88.349998,86.82,87,768100,83.801498
"2017-10-18",87.25,87.93,87.25,87.599998,569100,84.379425
"2017-10-19",87.459999,87.82,87.230003,87.739998,422800,84.514297
"2017-10-20",87.5,88.290001,87.410004,88.019997,546200,84.783989
"2017-10-23",87.989998,88.160004,87.220001,87.309998,379500,84.100098
"2017-10-24",87.599998,88.75,87.559998,88.480003,619200,85.227089
"2017-10-25",88.18,88.459999,85.550003,86.489998,894300,83.310249
"2017-10-26",80.720001,82.239998,79.260002,80.699997,3297200,77.733124
"2017-10-27",80.129997,81.040001,78.629997,80.290001,1919700,77.338181
"2017-10-30",81.019997,82.849998,80.720001,81.970001,1281300,78.956436
"2017-10-31",82.699997,83.550003,82.230003,83.389999,1406900,80.324226
"2017-11-01",83.580002,84.110001,82.290001,82.730003,700600,79.688492
"2017-11-02",82.879997,82.989998,81.699997,82.230003,852600,79.206871
"2017-11-03",82.580002,82.589996,81.599998,82.019997,896100,79.004593
"2017-11-06",82.019997,83.470001,81.82,83.089996,718300,80.035255
"2017-11-07",83.269997,84.629997,82.669998,83.529999,851300,80.459084
"2017-11-08",83.440002,83.510002,81.959999,83.43,388700,80.362762
"2017-11-09",83.059998,83.349998,81.459999,82.080002,429500,79.062378
"2017-11-10",81.57,83.269997,81.220001,83.129997,565200,80.073792
"2017-11-13",82.93,84.290001,82.720001,83.940002,847000,80.854004
"2017-11-14",83.639999,84,82.720001,82.900002,842400,79.852234
"2017-11-15",82.620003,82.660004,81.650002,82.029999,473100,79.014214
"2017-11-16",82.25,83.059998,81.949997,82.410004,334700,79.380257
"2017-11-17",82.519997,82.889999,82.019997,82.650002,517700,79.611427
"2017-11-20",82.599998,83.660004,82.599998,83.239998,338100,80.179733
"2017-11-21",83.599998,83.800003,82.870003,83.400002,456300,80.333862
"2017-11-22",83.32,83.800003,82.769997,83.160004,402800,80.102676
"2017-11-24",83.160004,83.57,82.889999,82.919998,196500,79.87149
"2017-11-27",83.110001,84.160004,82.589996,83.099998,720600,80.044884
"2017-11-28",83.209999,84.019997,82.82,83.330002,651800,80.266434
"2017-11-29",83.540001,83.779999,82.470001,82.940002,745900,79.89077
"2017-11-30",83.010002,84.230003,82.550003,84.139999,970400,81.046646
"2017-12-01",84.230003,84.830002,82.480003,84.580002,862700,81.470474
"2017-12-04",85.389999,85.760002,83.379997,83.43,766300,80.362762
"2017-12-05",83.290001,83.709999,82,82,542200,78.985329
"2017-12-06",82,82.389999,81.389999,81.790001,533200,78.783051
"2017-12-07",82.07,83.160004,82.010002,83.110001,643500,80.05452
"2017-12-08",83.779999,83.779999,82.300003,82.459999,562200,79.428406
"2017-12-11",82.150002,82.419998,81.440002,82.169998,732300,79.149071
"2017-12-12",82.199997,82.410004,81.68,82.150002,427000,79.129807
"2017-12-13",82.519997,83.209999,81.849998,82.639999,732400,79.601799
"2017-12-14",82.68,83.150002,81.589996,81.68,586000,78.677086
"2017-12-15",82.150002,82.75,81.790001,82.279999,1256800,79.410583
"2017-12-18",82.879997,83.440002,82.43,82.559998,856000,79.680832
"2017-12-19",82.470001,82.470001,80.040001,80.07,1188200,77.277664
"2017-12-20",80.389999,81.459999,80.040001,81,981300,78.175224
"2017-12-21",81.470001,81.75,80.910004,81,613800,78.175224
"2017-12-22",81.099998,82.059998,80.25,80.339996,347900,77.538239
"2017-12-26",80.290001,80.769997,80.010002,80.389999,251400,77.586487
"2017-12-27",80.660004,80.769997,79.989998,80,479300,77.210091
"2017-12-28",80.25,80.709999,78.669998,79.559998,1124100,76.785431
"2017-12-29",80,80.290001,78.82,79.559998,662900,76.785431
