"dates","AMCR.Open","AMCR.High","AMCR.Low","AMCR.Close","AMCR.Volume","AMCR.Adjusted"
"2012-05-15",7.7,7.7,7.7,7.7,0,5.641893
"2012-05-16",7.7,7.7,7.7,7.7,0,5.641893
"2012-05-17",7.7,7.7,7.7,7.7,0,5.641893
"2012-05-18",7.7,7.7,7.7,7.7,0,5.641893
"2012-05-21",7.7,7.7,7.7,7.7,0,5.641893
"2012-05-22",7.7,7.7,7.7,7.7,0,5.641893
"2012-05-23",7.7,7.7,7.7,7.7,0,5.641893
"2012-05-24",7.7,7.7,7.7,7.7,0,5.641893
"2012-05-25",7.7,7.7,7.7,7.7,0,5.641893
"2012-05-29",7.7,7.7,7.7,7.7,0,5.641893
"2012-05-30",7.7,7.7,7.7,7.7,0,5.641893
"2012-05-31",7.7,7.7,7.7,7.7,0,5.641893
"2012-06-01",7.7,7.7,7.7,7.7,0,5.641893
"2012-06-04",7.7,7.7,7.7,7.7,0,5.641893
"2012-06-05",7.7,7.7,7.7,7.7,0,5.641893
"2012-06-06",7.7,7.7,7.7,7.7,0,5.641893
"2012-06-07",7.4,7.4,7.4,7.4,1900,5.422079
"2012-06-08",7.4,7.4,7.4,7.4,0,5.422079
"2012-06-11",7.4,7.4,7.4,7.4,0,5.422079
"2012-06-12",7.4,7.4,7.4,7.4,0,5.422079
"2012-06-13",7.4,7.4,7.4,7.4,0,5.422079
"2012-06-14",7.4,7.4,7.4,7.4,0,5.422079
"2012-06-15",7.4,7.4,7.4,7.4,0,5.422079
"2012-06-18",7.4,7.4,7.4,7.4,0,5.422079
"2012-06-19",7.4,7.4,7.4,7.4,0,5.422079
"2012-06-20",7.4,7.4,7.4,7.4,0,5.422079
"2012-06-21",7.4,7.4,7.4,7.4,0,5.422079
"2012-06-22",7.4,7.4,7.4,7.4,0,5.422079
"2012-06-25",7.4,7.4,7.4,7.4,0,5.422079
"2012-06-26",7.4,7.4,7.4,7.4,0,5.422079
"2012-06-27",7.4,7.4,7.4,7.4,0,5.422079
"2012-06-28",7.4,7.4,7.4,7.4,0,5.422079
"2012-06-29",7.4,7.4,7.4,7.4,0,5.422079
"2012-07-02",7.4,7.4,7.4,7.4,0,5.422079
"2012-07-03",7.4,7.4,7.4,7.4,0,5.422079
"2012-07-05",7.4,7.4,7.4,7.4,0,5.422079
"2012-07-06",7.4,7.4,7.4,7.4,0,5.422079
"2012-07-09",7.4,7.4,7.4,7.4,0,5.422079
"2012-07-10",7.4,7.4,7.4,7.4,0,5.422079
"2012-07-11",7.4,7.4,7.4,7.4,0,5.422079
"2012-07-12",7.4,7.4,7.4,7.4,0,5.422079
"2012-07-13",7.4,7.4,7.4,7.4,0,5.422079
"2012-07-16",7.4,7.4,7.4,7.4,0,5.422079
"2012-07-17",7.4,7.4,7.4,7.4,0,5.422079
"2012-07-18",7.4,7.4,7.4,7.4,0,5.422079
"2012-07-19",7.4,7.4,7.4,7.4,0,5.422079
"2012-07-20",7.4,7.4,7.4,7.4,0,5.422079
"2012-07-23",7.4,7.4,7.4,7.4,0,5.422079
"2012-07-24",7.4,7.4,7.4,7.4,0,5.422079
"2012-07-25",7.4,7.4,7.4,7.4,0,5.422079
"2012-07-26",7.4,7.4,7.4,7.4,0,5.422079
"2012-07-27",7.4,7.4,7.4,7.4,0,5.422079
"2012-07-30",7.4,7.4,7.4,7.4,0,5.422079
"2012-07-31",7.4,7.4,7.4,7.4,0,5.422079
"2012-08-01",7.4,7.4,7.4,7.4,0,5.422079
"2012-08-02",7.4,7.4,7.4,7.4,0,5.422079
"2012-08-03",7.4,7.4,7.4,7.4,0,5.422079
"2012-08-06",7.4,7.4,7.4,7.4,0,5.422079
"2012-08-07",7.4,7.4,7.4,7.4,0,5.422079
"2012-08-08",7.4,7.4,7.4,7.4,0,5.422079
"2012-08-09",7.4,7.4,7.4,7.4,0,5.422079
"2012-08-10",7.4,7.4,7.4,7.4,0,5.422079
"2012-08-13",7.4,7.4,7.4,7.4,0,5.422079
"2012-08-14",7.4,7.4,7.4,7.4,0,5.422079
"2012-08-15",7.4,7.4,7.4,7.4,0,5.422079
"2012-08-16",7.4,7.4,7.4,7.4,0,5.422079
"2012-08-17",7.8,7.8,7.8,7.8,1000,5.715164
"2012-08-20",7.8,7.8,7.8,7.8,0,5.715164
"2012-08-21",7.8,7.8,7.8,7.8,0,5.715164
"2012-08-22",7.8,7.8,7.8,7.8,0,5.715164
"2012-08-23",7.74,7.74,7.74,7.74,500,5.671201
"2012-08-24",7.74,7.74,7.74,7.74,0,5.671201
"2012-08-27",7.74,7.74,7.74,7.74,0,5.671201
"2012-08-28",7.55,7.55,7.55,7.55,600,5.531985
"2012-08-29",7.55,7.55,7.55,7.55,0,5.531985
"2012-08-30",7.55,7.55,7.55,7.55,0,5.531985
"2012-08-31",7.55,7.55,7.55,7.55,0,5.531985
"2012-09-04",7.55,7.55,7.55,7.55,0,5.531985
"2012-09-05",7.55,7.55,7.55,7.55,0,5.531985
"2012-09-06",7.55,7.55,7.55,7.55,0,5.531985
"2012-09-07",7.55,7.55,7.55,7.55,0,5.531985
"2012-09-10",7.55,7.55,7.55,7.55,0,5.531985
"2012-09-11",7.55,7.55,7.55,7.55,0,5.531985
"2012-09-12",7.55,7.55,7.55,7.55,0,5.531985
"2012-09-13",7.55,7.55,7.55,7.55,0,5.531985
"2012-09-14",7.55,7.55,7.55,7.55,0,5.531985
"2012-09-17",7.55,7.55,7.55,7.55,0,5.531985
"2012-09-18",7.55,7.55,7.55,7.55,0,5.531985
"2012-09-19",7.55,7.55,7.55,7.55,0,5.531985
"2012-09-20",7.55,7.55,7.55,7.55,0,5.531985
"2012-09-21",7.55,7.55,7.55,7.55,0,5.531985
"2012-09-24",7.55,7.55,7.55,7.55,0,5.531985
"2012-09-25",7.55,7.55,7.55,7.55,0,5.531985
"2012-09-26",7.55,7.55,7.55,7.55,0,5.531985
"2012-09-27",7.55,7.55,7.55,7.55,0,5.531985
"2012-09-28",7.55,7.55,7.55,7.55,0,5.531985
"2012-10-01",7.55,7.55,7.55,7.55,0,5.531985
"2012-10-02",7.55,7.55,7.55,7.55,0,5.531985
"2012-10-03",7.55,7.55,7.55,7.55,0,5.531985
"2012-10-04",7.55,7.55,7.55,7.55,0,5.531985
"2012-10-05",7.55,7.55,7.55,7.55,0,5.531985
"2012-10-08",7.55,7.55,7.55,7.55,0,5.531985
"2012-10-09",7.55,7.55,7.55,7.55,0,5.531985
"2012-10-10",7.55,7.55,7.55,7.55,0,5.531985
"2012-10-11",7.55,7.55,7.55,7.55,0,5.531985
"2012-10-12",7.55,7.55,7.55,7.55,0,5.531985
"2012-10-15",7.95,7.95,7.95,7.95,10000,5.825071
"2012-10-16",7.95,7.95,7.95,7.95,0,5.825071
"2012-10-17",7.95,7.95,7.95,7.95,0,5.825071
"2012-10-18",7.95,7.95,7.95,7.95,0,5.825071
"2012-10-19",7.95,7.95,7.95,7.95,0,5.825071
"2012-10-22",7.95,7.95,7.95,7.95,0,5.825071
"2012-10-23",7.95,7.95,7.95,7.95,0,5.825071
"2012-10-24",7.95,7.95,7.95,7.95,0,5.825071
"2012-10-25",7.95,7.95,7.95,7.95,0,5.825071
"2012-10-26",7.95,7.95,7.95,7.95,0,5.825071
"2012-10-31",7.95,7.95,7.95,7.95,0,5.825071
"2012-11-01",7.9,7.9,7.9,7.9,5000,5.788435
"2012-11-02",7.9,7.9,7.9,7.9,0,5.788435
"2012-11-05",7.9,7.9,7.9,7.9,0,5.788435
"2012-11-06",7.9,7.9,7.9,7.9,0,5.788435
"2012-11-07",7.9,7.9,7.9,7.9,0,5.788435
"2012-11-08",7.9,7.9,7.9,7.9,0,5.788435
"2012-11-09",7.9,7.9,7.9,7.9,0,5.788435
"2012-11-12",7.9,7.9,7.9,7.9,0,5.788435
"2012-11-13",7.9,7.9,7.9,7.9,0,5.788435
"2012-11-14",7.9,7.9,7.9,7.9,0,5.788435
"2012-11-15",7.9,7.9,7.9,7.9,0,5.788435
"2012-11-16",7.9,7.9,7.9,7.9,0,5.788435
"2012-11-19",7.9,7.9,7.9,7.9,0,5.788435
"2012-11-20",7.9,7.9,7.9,7.9,0,5.788435
"2012-11-21",7.9,7.9,7.9,7.9,12800,5.788435
"2012-11-23",7.9,7.9,7.9,7.9,0,5.788435
"2012-11-26",7.9,7.9,7.9,7.9,0,5.788435
"2012-11-27",8.16,8.16,8.16,8.16,2100,5.97894
"2012-11-28",8.16,8.16,8.16,8.16,0,5.97894
"2012-11-29",8.16,8.16,8.16,8.16,0,5.97894
"2012-11-30",8.2,8.2,8.2,8.2,200,6.008249
"2012-12-03",8.2,8.2,8.2,8.2,0,6.008249
"2012-12-04",8.2,8.2,8.2,8.2,0,6.008249
"2012-12-05",8.2,8.2,8.2,8.2,0,6.008249
"2012-12-06",8.2,8.2,8.2,8.2,0,6.008249
"2012-12-07",8.2,8.2,8.2,8.2,0,6.008249
"2012-12-10",8.2,8.2,8.2,8.2,0,6.008249
"2012-12-11",8.2,8.2,8.2,8.2,0,6.008249
"2012-12-12",8.2,8.2,8.2,8.2,0,6.008249
"2012-12-13",8.2,8.2,8.2,8.2,0,6.008249
"2012-12-14",8.2,8.2,8.2,8.2,0,6.008249
"2012-12-17",8.2,8.2,8.2,8.2,0,6.008249
"2012-12-18",8.37,8.37,8.37,8.37,200,6.132811
"2012-12-19",8.37,8.37,8.37,8.37,0,6.132811
"2012-12-20",8.37,8.37,8.37,8.37,0,6.132811
"2012-12-21",8.37,8.37,8.37,8.37,0,6.132811
"2012-12-24",8.37,8.37,8.37,8.37,0,6.132811
"2012-12-26",8.37,8.37,8.37,8.37,0,6.132811
"2012-12-27",8.37,8.37,8.37,8.37,0,6.132811
"2012-12-28",8.37,8.37,8.37,8.37,0,6.132811
"2012-12-31",8.37,8.37,8.37,8.37,0,6.132811
"2013-01-02",8.37,8.37,8.37,8.37,0,6.132811
"2013-01-03",8.37,8.37,8.37,8.37,0,6.132811
"2013-01-04",8.37,8.37,8.37,8.37,0,6.132811
"2013-01-07",8.66,8.66,8.66,8.66,200,6.345298
"2013-01-08",8.66,8.66,8.66,8.66,0,6.345298
"2013-01-09",8.66,8.66,8.66,8.66,0,6.345298
"2013-01-10",8.66,8.66,8.66,8.66,0,6.345298
"2013-01-11",8.66,8.66,8.66,8.66,0,6.345298
"2013-01-14",8.66,8.66,8.66,8.66,0,6.345298
"2013-01-15",9.07,9.07,9.07,9.07,3000,6.645709
"2013-01-16",9.15,9.15,9.15,9.15,6200,6.704327
"2013-01-17",9.15,9.15,9.15,9.15,0,6.704327
"2013-01-18",9.15,9.15,9.15,9.15,0,6.704327
"2013-01-22",9.15,9.15,9.15,9.15,0,6.704327
"2013-01-23",8.84,8.84,8.84,8.84,122300,6.477186
"2013-01-24",8.84,8.84,8.84,8.84,0,6.477186
"2013-01-25",8.76,8.76,8.76,8.76,200,6.418569
"2013-01-28",8.73,8.73,8.73,8.73,600,6.396585
"2013-01-29",8.87,8.87,8.87,8.87,300,6.499168
"2013-01-30",8.87,8.87,8.87,8.87,0,6.499168
"2013-01-31",8.84,8.84,8.84,8.84,200,6.477186
"2013-02-01",8.84,8.84,8.84,8.84,0,6.477186
"2013-02-04",8.84,8.84,8.84,8.84,0,6.477186
"2013-02-05",8.85,8.9,8.85,8.9,1500,6.521149
"2013-02-06",8.99,9,8.99,9,500,6.594419
"2013-02-07",9,9,9,9,0,6.594419
"2013-02-08",9,9,9,9,0,6.594419
"2013-02-11",9.04,9.04,9.04,9.04,700,6.623728
"2013-02-12",9.04,9.04,9.04,9.04,0,6.623728
"2013-02-13",9.5,9.5,9.5,9.5,1300,6.960777
"2013-02-14",9.5,9.5,9.5,9.5,0,6.960777
"2013-02-15",9.5,9.5,9.5,9.5,0,6.960777
"2013-02-19",9.4,9.4,9.4,9.4,10000,6.887504
"2013-02-20",10.04,10.04,10.04,10.04,500,7.356441
"2013-02-21",9.59,9.59,9.59,9.59,200,7.026721
"2013-02-22",9.59,9.59,9.59,9.59,0,7.026721
"2013-02-25",9.61,9.61,9.61,9.61,400,7.041372
"2013-02-26",9.39,9.5,9.34,9.5,1300,6.960777
"2013-02-27",9.56,9.56,9.56,9.56,500,7.00474
"2013-02-28",9.56,9.56,9.56,9.56,0,7.00474
"2013-03-01",9.27,9.27,9.06,9.06,500,6.638382
"2013-03-04",8.86,8.86,8.86,8.86,1100,6.491839
"2013-03-05",9.23,9.23,9.04,9.04,800,6.623728
"2013-03-06",9.41,9.41,9.22,9.22,900,6.755616
"2013-03-07",9.22,9.22,9.22,9.22,0,6.755616
"2013-03-08",9.33,9.33,9.33,9.33,400,6.836215
"2013-03-11",9.66,9.66,9.66,9.66,500,7.07801
"2013-03-12",9.87,9.87,9.87,9.87,600,7.231882
"2013-03-13",9.8,9.8,9.5,9.5,1100,6.960777
"2013-03-14",9.68,9.68,9.68,9.68,300,7.092666
"2013-03-15",9.68,9.68,9.68,9.68,0,7.092666
"2013-03-18",9.68,9.68,9.68,9.68,0,7.092666
"2013-03-19",9.33,9.33,9.15,9.15,500,6.704327
"2013-03-20",9.61,9.61,9.61,9.61,800,7.041372
"2013-03-21",9.51,9.51,9.51,9.51,400,6.968104
"2013-03-22",9.51,9.51,9.51,9.51,300,6.968104
"2013-03-25",9.61,9.61,9.61,9.61,800,7.041372
"2013-03-26",9.5,9.51,9.5,9.51,500,6.968104
"2013-03-27",9.66,9.66,9.66,9.66,300,7.07801
"2013-03-28",9.76,9.76,9.76,9.76,100,7.151284
"2013-04-01",9.76,9.76,9.56,9.56,900,7.00474
"2013-04-02",9.95,9.95,9.95,9.95,600,7.290498
"2013-04-03",9.95,9.95,9.95,9.95,0,7.290498
"2013-04-04",9.95,9.95,9.95,9.95,0,7.290498
"2013-04-05",9.95,9.95,9.95,9.95,0,7.290498
"2013-04-08",9.78,9.78,9.78,9.78,200,7.165936
"2013-04-09",9.94,9.94,9.75,9.75,400,7.143953
"2013-04-10",10.09,10.09,10.09,10.09,500,7.393077
"2013-04-11",10.35,10.35,10.35,10.35,200,7.583582
"2013-04-12",10,10.25,10,10.25,500,7.510312
"2013-04-15",10.25,10.25,10.25,10.25,0,7.510312
"2013-04-16",9.85,9.85,9.85,9.85,300,7.217227
"2013-04-17",9.85,9.85,9.85,9.85,0,7.217227
"2013-04-18",9.85,9.85,9.85,9.85,0,7.217227
"2013-04-19",9.65,9.65,9.65,9.65,300,7.070683
"2013-04-22",9.65,9.65,9.65,9.65,0,7.070683
"2013-04-23",9.76,9.76,9.57,9.57,500,7.012065
"2013-04-24",10.16,10.16,10.16,10.16,200,7.444367
"2013-04-25",10.2,10.2,10.2,10.2,700,7.473677
"2013-04-26",10.2,10.2,10.2,10.2,0,7.473677
"2013-04-29",9.85,10.17,9.85,9.99,46300,7.319807
"2013-04-30",10.05,10.05,10.05,10.05,300,7.363769
"2013-05-01",10,10.2,10,10.2,700,7.473677
"2013-05-02",10.2,10.2,10.2,10.2,0,7.473677
"2013-05-03",10.2,10.2,10.2,10.2,0,7.473677
"2013-05-06",10.2,10.2,10.2,10.2,0,7.473677
"2013-05-07",9.9,9.9,9.9,9.9,500,7.253862
"2013-05-08",9.88,9.88,9.88,9.88,700,7.239207
"2013-05-09",9.92,9.92,9.85,9.85,1700,7.217227
"2013-05-10",9.95,9.95,9.95,9.95,500,7.290498
"2013-05-13",9.95,9.95,9.95,9.95,0,7.290498
"2013-05-14",10.29,10.29,10.29,10.29,500,7.539621
"2013-05-15",9.99,9.99,9.99,9.99,200,7.319807
"2013-05-16",9.99,9.99,9.99,9.99,0,7.319807
"2013-05-17",9.63,9.63,9.63,9.63,200,7.05603
"2013-05-20",9.63,9.63,9.63,9.63,0,7.05603
"2013-05-21",9.57,9.57,9.57,9.57,300,7.012065
"2013-05-22",9.57,9.57,9.57,9.57,0,7.012065
"2013-05-23",9.87,9.87,9.87,9.87,300,7.231882
"2013-05-24",9.87,9.87,9.87,9.87,0,7.231882
"2013-05-28",9.65,9.65,9.65,9.65,200,7.070683
"2013-05-29",9.65,9.65,9.65,9.65,0,7.070683
"2013-05-30",9.84,9.84,9.84,9.84,200,7.209897
"2013-05-31",9.61,9.61,9.61,9.61,500,7.041372
"2013-06-03",9.61,9.61,9.61,9.61,0,7.041372
"2013-06-04",9.55,9.55,9.3,9.3,600,6.814232
"2013-06-05",9.3,9.3,9.3,9.3,0,6.814232
"2013-06-06",9.07,9.07,9.07,9.07,200,6.645709
"2013-06-07",9.07,9.07,9.07,9.07,0,6.645709
"2013-06-10",9.1,9.1,9.1,9.1,200,6.667691
"2013-06-11",9.1,9.1,9.1,9.1,0,6.667691
"2013-06-12",9.22,9.22,9.22,9.22,200,6.755616
"2013-06-13",9.22,9.22,9.22,9.22,0,6.755616
"2013-06-14",9.22,9.22,9.22,9.22,0,6.755616
"2013-06-17",9.22,9.22,9.22,9.22,0,6.755616
"2013-06-18",9.22,9.22,9.22,9.22,0,6.755616
"2013-06-19",9.22,9.22,9.22,9.22,0,6.755616
"2013-06-20",8.8,8.8,8.8,8.8,300,6.447877
"2013-06-21",8.8,8.8,8.8,8.8,0,6.447877
"2013-06-24",9.17,9.17,9.17,9.17,200,6.71898
"2013-06-25",9.43,9.43,9.43,9.43,200,6.909487
"2013-06-26",9.43,9.43,9.43,9.43,0,6.909487
"2013-06-27",9.43,9.43,9.43,9.43,0,6.909487
"2013-06-28",9.18,9.18,9.18,9.18,11700,6.726308
"2013-07-01",9.24,9.24,9.24,9.24,6700,6.770271
"2013-07-02",9.4,9.4,9.36,9.36,900,6.858196
"2013-07-03",9.36,9.36,9.36,9.36,0,6.858196
"2013-07-05",9.36,9.36,9.36,9.36,0,6.858196
"2013-07-08",9.36,9.36,9.36,9.36,0,6.858196
"2013-07-09",9.36,9.36,9.36,9.36,0,6.858196
"2013-07-10",9.36,9.36,9.36,9.36,0,6.858196
"2013-07-11",9.78,9.78,9.78,9.78,500,7.165936
"2013-07-12",9.78,9.78,9.78,9.78,0,7.165936
"2013-07-15",9.78,9.78,9.78,9.78,0,7.165936
"2013-07-16",10,10,10,10,300,7.327133
"2013-07-17",9.98,9.98,9.98,9.98,200,7.312476
"2013-07-18",9.98,9.98,9.98,9.98,0,7.312476
"2013-07-19",9.98,9.98,9.98,9.98,0,7.312476
"2013-07-22",9.98,9.98,9.98,9.98,0,7.312476
"2013-07-23",9.5,9.5,9.5,9.5,200,6.960777
"2013-07-24",9.5,9.5,9.5,9.5,0,6.960777
"2013-07-25",9.47,9.47,9.47,9.47,200,6.938795
"2013-07-26",9.47,9.47,9.47,9.47,0,6.938795
"2013-07-29",9.53,9.53,9.53,9.53,4500,6.982757
"2013-07-30",9.53,9.53,9.53,9.53,0,6.982757
"2013-07-31",9.49,9.6,9.49,9.6,27400,7.034048
"2013-08-01",9.6,9.6,9.6,9.6,0,7.034048
"2013-08-02",9.6,9.6,9.6,9.6,0,7.034048
"2013-08-05",9.75,9.75,9.75,9.75,100,7.143953
"2013-08-06",9.75,9.75,9.75,9.75,0,7.143953
"2013-08-07",9.75,9.75,9.75,9.75,0,7.143953
"2013-08-08",9.69,9.69,9.69,9.69,300,7.099991
"2013-08-09",9.69,9.69,9.69,9.69,0,7.099991
"2013-08-12",9.69,9.69,9.69,9.69,0,7.099991
"2013-08-13",9.69,9.69,9.69,9.69,0,7.099991
"2013-08-14",9.95,9.95,9.95,9.95,100,7.290498
"2013-08-15",9.95,9.95,9.95,9.95,0,7.290498
"2013-08-16",9.95,9.95,9.95,9.95,0,7.290498
"2013-08-19",9.5,9.5,9.5,9.5,100,6.960777
"2013-08-20",9.6,9.6,9.6,9.6,6200,7.034048
"2013-08-21",9.75,9.75,9.75,9.75,300,7.143953
"2013-08-22",9.75,9.75,9.75,9.75,0,7.143953
"2013-08-23",9.75,9.75,9.75,9.75,0,7.143953
"2013-08-26",9.75,9.75,9.75,9.75,0,7.143953
"2013-08-27",9.75,9.75,9.75,9.75,0,7.143953
"2013-08-28",9.35,9.35,9.35,9.35,700,6.850869
"2013-08-29",9.37,9.37,9.37,9.37,600,6.865524
"2013-08-30",9.4,9.4,9.4,9.4,300,6.887504
"2013-09-03",9.4,9.4,9.4,9.4,200,6.887504
"2013-09-04",9.4,9.4,9.4,9.4,0,6.887504
"2013-09-05",9.4,9.4,9.4,9.4,0,6.887504
"2013-09-06",9.86,9.86,9.86,9.86,400,7.224554
"2013-09-09",9.88,9.88,9.88,9.88,200,7.239207
"2013-09-10",9.88,9.88,9.88,9.88,0,7.239207
"2013-09-11",9.96,10.06,9.96,10.06,2300,7.371094
"2013-09-12",10.06,10.06,10.06,10.06,0,7.371094
"2013-09-13",10.06,10.06,10.06,10.06,0,7.371094
"2013-09-16",10.06,10.06,10.06,10.06,0,7.371094
"2013-09-17",10.34,10.34,10.34,10.34,500,7.576256
"2013-09-18",10.34,10.34,10.34,10.34,0,7.576256
"2013-09-19",9.98,9.98,9.98,9.98,100,7.312476
"2013-09-20",9.93,9.93,9.93,9.93,100,7.275844
"2013-09-23",9.93,9.93,9.93,9.93,0,7.275844
"2013-09-24",9.63,9.92,9.63,9.63,2700,7.05603
"2013-09-25",9.63,9.63,9.63,9.63,0,7.05603
"2013-09-26",9.63,9.63,9.63,9.63,0,7.05603
"2013-09-27",9.63,9.63,9.63,9.63,0,7.05603
"2013-09-30",9.85,9.85,9.85,9.85,700,7.217227
"2013-10-01",9.77,9.77,9.77,9.77,200,7.158609
"2013-10-02",9.89,9.89,9.89,9.89,100,7.246535
"2013-10-03",9.86,9.86,9.86,9.86,500,7.224554
"2013-10-04",9.98,9.98,9.98,9.98,100,7.312476
"2013-10-07",9.98,9.98,9.98,9.98,0,7.312476
"2013-10-08",9.84,9.84,9.84,9.84,500,7.209897
"2013-10-09",9.84,9.84,9.84,9.84,0,7.209897
"2013-10-10",9.6,9.6,9.6,9.6,1600,7.034048
"2013-10-11",9.6,9.6,9.6,9.6,0,7.034048
"2013-10-14",9.6,9.6,9.6,9.6,0,7.034048
"2013-10-15",9.6,9.6,9.6,9.6,0,7.034048
"2013-10-16",10.05,10.05,10.05,10.05,100,7.363769
"2013-10-17",10.2,10.2,10.2,10.2,300,7.473677
"2013-10-18",10.3,10.3,10.11,10.11,300,7.407732
"2013-10-21",10.45,10.45,10.45,10.45,15100,7.656853
"2013-10-22",10.45,10.45,10.45,10.45,0,7.656853
"2013-10-23",10.45,10.45,10.45,10.45,0,7.656853
"2013-10-24",10.4,10.4,10.4,10.4,500,7.620217
"2013-10-25",10.3,10.3,10.3,10.3,800,7.546947
"2013-10-28",10.3,10.3,10.3,10.3,700,7.546947
"2013-10-29",9.97,9.97,9.97,9.97,400,7.305151
"2013-10-30",10.3,10.3,10.3,10.3,20200,7.546947
"2013-10-31",10.3,10.3,10.3,10.3,0,7.546947
"2013-11-01",10.3,10.3,10.3,10.3,0,7.546947
"2013-11-04",10.3,10.3,10.3,10.3,0,7.546947
"2013-11-05",10.34,10.34,10.34,10.34,20900,7.576256
"2013-11-06",10.24,10.43,10.24,10.43,20500,7.6422
"2013-11-07",10.35,10.35,10.35,10.35,300,7.583582
"2013-11-08",10.23,10.23,10.23,10.23,5300,7.495656
"2013-11-11",10.23,10.23,10.23,10.23,0,7.495656
"2013-11-12",10.4,10.4,10.4,10.4,600,7.620217
"2013-11-13",10.23,10.23,10.23,10.23,100,7.495656
"2013-11-14",10.23,10.23,10.23,10.23,0,7.495656
"2013-11-15",10.23,10.23,10.23,10.23,0,7.495656
"2013-11-18",10.56,10.56,10.56,10.56,900,7.737452
"2013-11-19",10.52,10.52,10.52,10.52,100,7.708142
"2013-11-20",10.44,10.44,10.44,10.44,800,7.649529
"2013-11-21",10.44,10.44,10.44,10.44,0,7.649529
"2013-11-22",10.16,10.16,10.16,10.16,500,7.444367
"2013-11-25",10.28,10.28,10.28,10.28,700,7.532293
"2013-11-26",10.18,10.18,10.18,10.18,1000,7.459023
"2013-11-27",10.18,10.18,10.18,10.18,0,7.459023
"2013-11-29",10.15,10.15,10.15,10.15,300,7.437037
"2013-12-02",10.02,10.02,10.02,10.02,200,7.341787
"2013-12-03",10.02,10.02,10.02,10.02,0,7.341787
"2013-12-04",10,10,10,10,200,7.327133
"2013-12-05",10,10,10,10,0,7.327133
"2013-12-06",10.2,10.2,10.2,10.2,200,7.473677
"2013-12-09",10.11,10.11,10.11,10.11,300,7.407732
"2013-12-10",10.11,10.11,10.11,10.11,0,7.407732
"2013-12-11",10.21,10.21,10.21,10.21,200,7.481004
"2013-12-12",10.21,10.21,10.21,10.21,0,7.481004
"2013-12-13",10.18,10.18,10.18,10.18,1200,7.459023
"2013-12-16",10.4,10.4,10.4,10.4,700,7.620217
"2013-12-17",10.3,10.3,10.3,10.3,1300,7.546947
"2013-12-18",9.28,9.28,9.28,9.28,200,6.79958
"2013-12-19",9.32,9.32,9.32,9.32,1000,6.828888
"2013-12-20",9.37,9.37,9.37,9.37,200,6.865524
"2013-12-23",9.48,9.48,9.48,9.48,1000,6.946121
"2013-12-24",9.48,9.48,9.48,9.48,0,6.946121
"2013-12-26",9.25,9.45,9.25,9.45,400,6.924141
"2013-12-27",9.45,9.45,9.45,9.45,0,6.924141
"2013-12-30",9.3,9.3,9.3,9.3,4500,6.814232
"2013-12-31",9.3,9.3,9.3,9.3,0,6.814232
"2014-01-02",9.54,9.54,9.38,9.52,600,6.97543
"2014-01-03",9.43,9.43,9.43,9.43,400,6.909487
"2014-01-06",9.43,9.43,9.43,9.43,0,6.909487
"2014-01-07",9.58,9.6,9.45,9.45,1800,6.924141
"2014-01-08",9.49,9.49,9.49,9.49,300,6.953449
"2014-01-09",9.44,9.44,9.44,9.44,4300,6.916812
"2014-01-10",9.42,9.42,9.42,9.42,600,6.90216
"2014-01-13",9.42,9.42,9.42,9.42,0,6.90216
"2014-01-14",9.19,9.19,9.19,9.19,200,6.733636
"2014-01-15",9.19,9.19,9.19,9.19,0,6.733636
"2014-01-16",9.02,9.18,9.02,9.02,1500,6.609075
"2014-01-17",9.25,9.25,9.25,9.25,1000,6.777599
"2014-01-21",9.25,9.25,9.25,9.25,0,6.777599
"2014-01-22",9.26,9.26,9.26,9.26,200,6.784925
"2014-01-23",9.25,9.42,9.25,9.42,1100,6.90216
"2014-01-24",9.42,9.42,9.42,9.42,0,6.90216
"2014-01-27",9.42,9.42,9.42,9.42,0,6.90216
"2014-01-28",9.1,9.1,9.1,9.1,400,6.667691
"2014-01-29",9.18,9.34,9.18,9.34,2100,6.843544
"2014-01-30",9.45,9.45,9.3,9.3,1000,6.814232
"2014-01-31",9.32,9.32,9.32,9.32,300,6.828888
"2014-02-03",9.32,9.32,9.32,9.32,0,6.828888
"2014-02-04",9.32,9.32,9.32,9.32,0,6.828888
"2014-02-05",9.25,9.26,9.25,9.26,800,6.784925
"2014-02-06",9.26,9.26,9.26,9.26,0,6.784925
"2014-02-07",9.43,9.43,9.43,9.43,1800,6.909487
"2014-02-10",9.52,9.52,9.52,9.52,200,6.97543
"2014-02-11",9.52,9.52,9.52,9.52,0,6.97543
"2014-02-12",9.84,9.84,9.84,9.84,800,7.209897
"2014-02-13",9.84,9.84,9.84,9.84,0,7.209897
"2014-02-14",9.84,9.84,9.84,9.84,0,7.209897
"2014-02-18",9.84,9.84,9.84,9.84,0,7.209897
"2014-02-19",9.84,9.84,9.84,9.84,0,7.209897
"2014-02-20",9.55,9.8,9.55,9.8,1200,7.180591
"2014-02-21",9.59,9.59,9.59,9.59,1700,7.026721
"2014-02-24",9.59,9.59,9.59,9.59,0,7.026721
"2014-02-25",9.59,9.59,9.59,9.59,0,7.15809
"2014-02-26",9.59,9.59,9.59,9.59,0,7.15809
"2014-02-27",9.59,9.59,9.59,9.59,0,7.15809
"2014-02-28",9.59,9.59,9.59,9.59,0,7.15809
"2014-03-03",9.59,9.59,9.59,9.59,0,7.15809
"2014-03-04",9.26,9.26,9.26,9.26,400,6.911773
"2014-03-05",9.26,9.26,9.26,9.26,0,6.911773
"2014-03-06",9.26,9.26,9.26,9.26,0,6.911773
"2014-03-07",9.15,9.15,9.15,9.15,200,6.829668
"2014-03-10",9.15,9.15,9.15,9.15,0,6.829668
"2014-03-11",9.15,9.15,9.15,9.15,0,6.829668
"2014-03-12",9.15,9.15,9.15,9.15,0,6.829668
"2014-03-13",9.15,9.15,9.15,9.15,0,6.829668
"2014-03-14",9.15,9.15,9.15,9.15,0,6.829668
"2014-03-17",9.15,9.15,9.15,9.15,0,6.829668
"2014-03-18",9.15,9.15,9.15,9.15,0,6.829668
"2014-03-19",9.15,9.15,9.15,9.15,0,6.829668
"2014-03-20",9.15,9.15,9.15,9.15,0,6.829668
"2014-03-21",9.15,9.15,9.15,9.15,0,6.829668
"2014-03-24",9.15,9.15,9.15,9.15,0,6.829668
"2014-03-25",9.15,9.15,9.15,9.15,0,6.829668
"2014-03-26",9.15,9.15,9.15,9.15,0,6.829668
"2014-03-27",9.15,9.15,9.15,9.15,0,6.829668
"2014-03-28",9.15,9.15,9.15,9.15,0,6.829668
"2014-03-31",9.15,9.15,9.15,9.15,0,6.829668
"2014-04-01",9.15,9.15,9.15,9.15,0,6.829668
"2014-04-02",9.15,9.15,9.15,9.15,0,6.829668
"2014-04-03",9.15,9.15,9.15,9.15,0,6.829668
"2014-04-04",9.41,9.41,9.41,9.41,1000,7.023735
"2014-04-07",9.41,9.41,9.41,9.41,0,7.023735
"2014-04-08",9.41,9.41,9.41,9.41,0,7.023735
"2014-04-09",9.41,9.41,9.41,9.41,0,7.023735
"2014-04-10",9.41,9.41,9.41,9.41,0,7.023735
"2014-04-11",9.41,9.41,9.41,9.41,0,7.023735
"2014-04-14",9.41,9.41,9.41,9.41,0,7.023735
"2014-04-15",9.41,9.41,9.41,9.41,0,7.023735
"2014-04-16",9.41,9.41,9.41,9.41,0,7.023735
"2014-04-17",9.41,9.41,9.41,9.41,0,7.023735
"2014-04-21",9.41,9.41,9.41,9.41,0,7.023735
"2014-04-22",9.49,9.49,9.49,9.49,30000,7.083447
"2014-04-23",9.49,9.49,9.49,9.49,0,7.083447
"2014-04-24",9.49,9.49,9.49,9.49,0,7.083447
"2014-04-25",9.49,9.49,9.49,9.49,0,7.083447
"2014-04-28",9.49,9.49,9.49,9.49,0,7.083447
"2014-04-29",9.49,9.49,9.49,9.49,0,7.083447
"2014-04-30",9.49,9.49,9.49,9.49,0,7.083447
"2014-05-01",9.49,9.49,9.49,9.49,0,7.083447
"2014-05-02",9.49,9.49,9.49,9.49,0,7.083447
"2014-05-05",9.49,9.49,9.49,9.49,0,7.083447
"2014-05-06",9.6,9.6,9.6,9.6,200,7.165554
"2014-05-07",9.6,9.6,9.6,9.6,0,7.165554
"2014-05-08",9.6,9.6,9.6,9.6,0,7.165554
"2014-05-09",9.6,9.6,9.6,9.6,0,7.165554
"2014-05-12",9.6,9.6,9.6,9.6,0,7.165554
"2014-05-13",9.6,9.6,9.6,9.6,0,7.165554
"2014-05-14",9.8,9.8,9.8,9.8,1500,7.314835
"2014-05-15",9.8,9.8,9.8,9.8,0,7.314835
"2014-05-16",9.7,9.7,9.7,9.7,400,7.240194
"2014-05-19",9.7,9.7,9.7,9.7,0,7.240194
"2014-05-20",9.7,9.7,9.7,9.7,0,7.240194
"2014-05-21",9.7,9.7,9.7,9.7,0,7.240194
"2014-05-22",9.7,9.7,9.7,9.7,0,7.240194
"2014-05-23",9.7,9.7,9.7,9.7,0,7.240194
"2014-05-27",9.7,9.7,9.7,9.7,0,7.240194
"2014-05-28",9.7,9.7,9.7,9.7,0,7.240194
"2014-05-29",9.7,9.7,9.7,9.7,0,7.240194
"2014-05-30",9.7,9.7,9.7,9.7,0,7.240194
"2014-06-02",9.7,9.7,9.7,9.7,0,7.240194
"2014-06-03",9.7,9.7,9.7,9.7,0,7.240194
"2014-06-04",9.7,9.7,9.7,9.7,0,7.240194
"2014-06-05",9.7,9.7,9.7,9.7,0,7.240194
"2014-06-06",9.7,9.7,9.7,9.7,0,7.240194
"2014-06-09",9.7,9.7,9.7,9.7,0,7.240194
"2014-06-10",9.7,9.7,9.7,9.7,0,7.240194
"2014-06-11",9.7,9.7,9.7,9.7,0,7.240194
"2014-06-12",9.7,9.7,9.7,9.7,0,7.240194
"2014-06-13",9.7,9.7,9.7,9.7,0,7.240194
"2014-06-16",9.7,9.7,9.7,9.7,0,7.240194
"2014-06-17",9.7,9.7,9.7,9.7,0,7.240194
"2014-06-18",9.7,9.7,9.7,9.7,0,7.240194
"2014-06-19",9.7,9.7,9.7,9.7,0,7.240194
"2014-06-20",9.7,9.7,9.7,9.7,0,7.240194
"2014-06-23",9.85,9.85,9.85,9.85,200,7.352156
"2014-06-24",9.85,9.85,9.85,9.85,0,7.352156
"2014-06-25",9.85,9.85,9.85,9.85,0,7.352156
"2014-06-26",9.85,9.85,9.85,9.85,0,7.352156
"2014-06-27",9.85,9.85,9.85,9.85,0,7.352156
"2014-06-30",9.85,9.85,9.85,9.85,0,7.352156
"2014-07-01",9.85,9.85,9.85,9.85,0,7.352156
"2014-07-02",9.85,9.85,9.85,9.85,0,7.352156
"2014-07-03",9.85,9.85,9.85,9.85,0,7.352156
"2014-07-07",9.85,9.85,9.85,9.85,0,7.352156
"2014-07-08",9.85,9.85,9.85,9.85,0,7.352156
"2014-07-09",9.85,9.85,9.85,9.85,0,7.352156
"2014-07-10",9.85,9.85,9.85,9.85,0,7.352156
"2014-07-11",9.85,9.85,9.85,9.85,0,7.352156
"2014-07-14",9.74,9.74,9.74,9.74,500,7.270051
"2014-07-15",9.74,9.74,9.74,9.74,0,7.270051
"2014-07-16",9.74,9.74,9.74,9.74,0,7.270051
"2014-07-17",9.51,9.51,9.51,9.51,4100,7.098376
"2014-07-18",9.51,9.51,9.51,9.51,0,7.098376
"2014-07-21",9.51,9.51,9.51,9.51,0,7.098376
"2014-07-22",9.51,9.51,9.51,9.51,0,7.098376
"2014-07-23",9.51,9.51,9.51,9.51,0,7.098376
"2014-07-24",9.51,9.51,9.51,9.51,0,7.098376
"2014-07-25",9.51,9.51,9.51,9.51,0,7.098376
"2014-07-28",9.51,9.51,9.51,9.51,0,7.098376
"2014-07-29",9.51,9.51,9.51,9.51,0,7.098376
"2014-07-30",9.51,9.51,9.51,9.51,0,7.098376
"2014-07-31",9.51,9.51,9.51,9.51,0,7.098376
"2014-08-01",9.51,9.51,9.51,9.51,0,7.098376
"2014-08-04",9.51,9.51,9.51,9.51,0,7.098376
"2014-08-05",9.51,9.51,9.51,9.51,0,7.098376
"2014-08-06",9.51,9.51,9.51,9.51,0,7.098376
"2014-08-07",9.51,9.51,9.51,9.51,0,7.098376
"2014-08-08",9.51,9.51,9.51,9.51,0,7.098376
"2014-08-11",9.51,9.51,9.51,9.51,0,7.098376
"2014-08-12",9.51,9.51,9.51,9.51,0,7.098376
"2014-08-13",9.51,9.51,9.51,9.51,0,7.098376
"2014-08-14",9.51,9.51,9.51,9.51,0,7.098376
"2014-08-15",9.51,9.51,9.51,9.51,0,7.098376
"2014-08-18",9.51,9.51,9.51,9.51,0,7.098376
"2014-08-19",9.51,9.51,9.51,9.51,0,7.098376
"2014-08-20",9.51,9.51,9.51,9.51,0,7.098376
"2014-08-21",9.51,9.51,9.51,9.51,0,7.098376
"2014-08-22",9.51,9.51,9.51,9.51,0,7.098376
"2014-08-25",9.51,9.51,9.51,9.51,0,7.098376
"2014-08-26",9.51,9.51,9.51,9.51,0,7.098376
"2014-08-27",9.51,9.51,9.51,9.51,0,7.098376
"2014-08-28",9.51,9.51,9.51,9.51,0,7.098376
"2014-08-29",9.51,9.51,9.51,9.51,0,7.098376
"2014-09-02",9.51,9.51,9.51,9.51,0,7.265692
"2014-09-03",9.51,9.51,9.51,9.51,0,7.265692
"2014-09-04",9.51,9.51,9.51,9.51,0,7.265692
"2014-09-05",9.51,9.51,9.51,9.51,0,7.265692
"2014-09-08",10.28,10.28,10.28,10.28,200,7.853977
"2014-09-09",10.28,10.28,10.28,10.28,0,7.853977
"2014-09-10",10.28,10.28,10.28,10.28,0,7.853977
"2014-09-11",10.28,10.28,10.28,10.28,0,7.853977
"2014-09-12",10.28,10.28,10.28,10.28,0,7.853977
"2014-09-15",10.28,10.28,10.28,10.28,0,7.853977
"2014-09-16",10.28,10.28,10.28,10.28,0,7.853977
"2014-09-17",10.28,10.28,10.28,10.28,0,7.853977
"2014-09-18",10.28,10.28,10.28,10.28,0,7.853977
"2014-09-19",10.28,10.28,10.28,10.28,0,7.853977
"2014-09-22",10.28,10.28,10.28,10.28,0,7.853977
"2014-09-23",10.28,10.28,10.28,10.28,0,7.853977
"2014-09-24",10.28,10.28,10.28,10.28,0,7.853977
"2014-09-25",10.28,10.28,10.28,10.28,0,7.853977
"2014-09-26",10.28,10.28,10.28,10.28,0,7.853977
"2014-09-29",10.28,10.28,10.28,10.28,0,7.853977
"2014-09-30",10.28,10.28,10.28,10.28,0,7.853977
"2014-10-01",10.28,10.28,10.28,10.28,0,7.853977
"2014-10-02",10.28,10.28,10.28,10.28,0,7.853977
"2014-10-03",10.28,10.28,10.28,10.28,0,7.853977
"2014-10-06",10.28,10.28,10.28,10.28,0,7.853977
"2014-10-07",10.28,10.28,10.28,10.28,0,7.853977
"2014-10-08",10.28,10.28,10.28,10.28,0,7.853977
"2014-10-09",9.84,9.84,9.84,9.84,300,7.517814
"2014-10-10",9.84,9.84,9.84,9.84,0,7.517814
"2014-10-13",9.84,9.84,9.84,9.84,0,7.517814
"2014-10-14",9.84,9.84,9.84,9.84,0,7.517814
"2014-10-15",9.84,9.84,9.84,9.84,0,7.517814
"2014-10-16",9.84,9.84,9.84,9.84,0,7.517814
"2014-10-17",9.84,9.84,9.84,9.84,0,7.517814
"2014-10-20",9.84,9.84,9.84,9.84,0,7.517814
"2014-10-21",9.84,9.84,9.84,9.84,0,7.517814
"2014-10-22",9.84,9.84,9.84,9.84,0,7.517814
"2014-10-23",9.84,9.84,9.84,9.84,0,7.517814
"2014-10-24",9.84,9.84,9.84,9.84,0,7.517814
"2014-10-27",9.84,9.84,9.84,9.84,0,7.517814
"2014-10-28",9.84,9.84,9.84,9.84,0,7.517814
"2014-10-29",9.84,9.84,9.84,9.84,0,7.517814
"2014-10-30",9.84,9.84,9.84,9.84,0,7.517814
"2014-10-31",9.84,9.84,9.84,9.84,0,7.517814
"2014-11-03",9.84,9.84,9.84,9.84,0,7.517814
"2014-11-04",9.84,9.84,9.84,9.84,0,7.517814
"2014-11-05",10.09,10.09,10.09,10.09,200,7.708817
"2014-11-06",10.34,10.34,10.34,10.34,1500,7.899818
"2014-11-07",10.34,10.34,10.34,10.34,0,7.899818
"2014-11-10",10.34,10.34,10.34,10.34,0,7.899818
"2014-11-11",10.43,10.43,10.43,10.43,600,7.968579
"2014-11-12",10.43,10.43,10.43,10.43,0,7.968579
"2014-11-13",10.43,10.43,10.43,10.43,0,7.968579
"2014-11-14",10.43,10.43,10.43,10.43,0,7.968579
"2014-11-17",10.43,10.43,10.43,10.43,0,7.968579
"2014-11-18",10.43,10.43,10.43,10.43,0,7.968579
"2014-11-19",10.43,10.43,10.43,10.43,0,7.968579
"2014-11-20",10.43,10.43,10.43,10.43,0,7.968579
"2014-11-21",10.43,10.43,10.43,10.43,0,7.968579
"2014-11-24",10.43,10.43,10.43,10.43,0,7.968579
"2014-11-25",10.43,10.43,10.43,10.43,0,7.968579
"2014-11-26",10.43,10.43,10.43,10.43,0,7.968579
"2014-11-28",10.43,10.43,10.43,10.43,0,7.968579
"2014-12-01",10.43,10.43,10.43,10.43,0,7.968579
"2014-12-02",10.43,10.43,10.43,10.43,0,7.968579
"2014-12-03",10.43,10.43,10.43,10.43,0,7.968579
"2014-12-04",10.43,10.43,10.43,10.43,0,7.968579
"2014-12-05",10.43,10.43,10.43,10.43,0,7.968579
"2014-12-08",10.43,10.43,10.43,10.43,0,7.968579
"2014-12-09",10.43,10.43,10.43,10.43,0,7.968579
"2014-12-10",10.49,10.49,10.49,10.49,300,8.014419
"2014-12-11",10.49,10.49,10.49,10.49,0,8.014419
"2014-12-12",10.49,10.49,10.49,10.49,0,8.014419
"2014-12-15",10.49,10.49,10.49,10.49,0,8.014419
"2014-12-16",10.49,10.49,10.49,10.49,0,8.014419
"2014-12-17",10.59,10.59,10.59,10.59,300,8.090819
"2014-12-18",10.59,10.59,10.59,10.59,0,8.090819
"2014-12-19",10.59,10.59,10.59,10.59,0,8.090819
"2014-12-22",10.59,10.59,10.59,10.59,0,8.090819
"2014-12-23",10.59,10.59,10.59,10.59,0,8.090819
"2014-12-24",10.59,10.59,10.59,10.59,0,8.090819
"2014-12-26",10.59,10.59,10.59,10.59,0,8.090819
"2014-12-29",11.2,11.2,11.2,11.2,300,8.556862
"2014-12-30",11.2,11.2,11.2,11.2,0,8.556862
"2014-12-31",11.2,11.2,11.2,11.2,0,8.556862
"2015-01-02",11.2,11.2,11.2,11.2,0,8.556862
"2015-01-05",11.2,11.2,11.2,11.2,0,8.556862
"2015-01-06",11.2,11.2,11.2,11.2,0,8.556862
"2015-01-07",10.72,10.72,10.72,10.72,800,8.190139
"2015-01-08",10.72,10.72,10.72,10.72,0,8.190139
"2015-01-09",10.72,10.72,10.72,10.72,0,8.190139
"2015-01-12",10.72,10.72,10.72,10.72,0,8.190139
"2015-01-13",10.72,10.72,10.72,10.72,0,8.190139
"2015-01-14",10.72,10.72,10.72,10.72,0,8.190139
"2015-01-15",10.72,10.72,10.72,10.72,0,8.190139
"2015-01-16",10.72,10.72,10.72,10.72,0,8.190139
"2015-01-20",10.72,10.72,10.72,10.72,0,8.190139
"2015-01-21",10.72,10.72,10.72,10.72,0,8.190139
"2015-01-22",10.72,10.72,10.72,10.72,0,8.190139
"2015-01-23",10.72,10.72,10.72,10.72,0,8.190139
"2015-01-26",10.72,10.72,10.72,10.72,0,8.190139
"2015-01-27",10.72,10.72,10.72,10.72,0,8.190139
"2015-01-28",9.98,9.98,9.98,9.98,3100,7.624777
"2015-01-29",9.83,9.83,9.83,9.83,1300,7.510175
"2015-01-30",9.83,9.83,9.83,9.83,0,7.510175
"2015-02-02",9.83,9.83,9.83,9.83,0,7.510175
"2015-02-03",9.83,9.83,9.83,9.83,0,7.510175
"2015-02-04",9.98,9.98,9.98,9.98,200,7.624777
"2015-02-05",9.98,9.98,9.98,9.98,0,7.624777
"2015-02-06",9.98,9.98,9.98,9.98,0,7.624777
"2015-02-09",10.19,10.19,10.19,10.19,200,7.785217
"2015-02-10",10.24,10.24,10.24,10.24,100,7.823415
"2015-02-11",10.24,10.24,10.24,10.24,0,7.823415
"2015-02-12",10.24,10.24,10.24,10.24,0,7.823415
"2015-02-13",10.24,10.24,10.24,10.24,0,7.823415
"2015-02-17",10.24,10.24,10.24,10.24,0,7.823415
"2015-02-18",10.24,10.24,10.24,10.24,0,7.823415
"2015-02-19",10.24,10.24,10.24,10.24,0,7.823415
"2015-02-20",10.24,10.24,10.24,10.24,0,7.823415
"2015-02-23",10.24,10.24,10.24,10.24,0,7.823415
"2015-02-24",10.24,10.24,10.24,10.24,0,7.823415
"2015-02-25",10.24,10.24,10.24,10.24,0,7.823415
"2015-02-26",10.24,10.24,10.24,10.24,0,7.823415
"2015-02-27",10.24,10.24,10.24,10.24,0,7.823415
"2015-03-02",10.24,10.24,10.24,10.24,0,7.823415
"2015-03-03",10.24,10.24,10.24,10.24,0,7.823415
"2015-03-04",10.24,10.24,10.24,10.24,0,7.823415
"2015-03-05",10.24,10.24,10.24,10.24,0,7.823415
"2015-03-06",10.24,10.24,10.24,10.24,0,7.823415
"2015-03-09",10.24,10.24,10.24,10.24,0,7.823415
"2015-03-10",10.24,10.24,10.24,10.24,0,7.823415
"2015-03-11",10.24,10.24,10.24,10.24,0,7.823415
"2015-03-12",10.24,10.24,10.24,10.24,0,7.823415
"2015-03-13",10.24,10.24,10.24,10.24,0,7.823415
"2015-03-16",10.24,10.24,10.24,10.24,0,7.823415
"2015-03-17",10.8,10.8,10.8,10.8,300,8.251261
"2015-03-18",10.8,10.8,10.8,10.8,0,8.251261
"2015-03-19",10.8,10.8,10.8,10.8,0,8.251261
"2015-03-20",10.8,10.8,10.8,10.8,0,8.251261
"2015-03-23",10.8,10.8,10.8,10.8,0,8.251261
"2015-03-24",10.8,10.8,10.8,10.8,0,8.251261
"2015-03-25",10.8,10.8,10.8,10.8,0,8.251261
"2015-03-26",10.8,10.8,10.8,10.8,0,8.251261
"2015-03-27",10.8,10.8,10.8,10.8,0,8.251261
"2015-03-30",10.8,10.8,10.8,10.8,0,8.251261
"2015-03-31",10.61,10.61,10.61,10.61,100,8.106099
"2015-04-01",10.61,10.61,10.61,10.61,0,8.106099
"2015-04-02",10.61,10.61,10.61,10.61,0,8.106099
"2015-04-06",10.61,10.61,10.61,10.61,0,8.106099
"2015-04-07",10.61,10.61,10.61,10.61,0,8.106099
"2015-04-08",10.61,10.61,10.61,10.61,0,8.106099
"2015-04-09",10.61,10.61,10.61,10.61,0,8.106099
"2015-04-10",10.61,10.61,10.61,10.61,0,8.106099
"2015-04-13",10.61,10.61,10.61,10.61,0,8.106099
"2015-04-14",10.61,10.61,10.61,10.61,0,8.106099
"2015-04-15",10.61,10.61,10.61,10.61,0,8.106099
"2015-04-16",10.61,10.61,10.61,10.61,0,8.106099
"2015-04-17",10.61,10.61,10.61,10.61,0,8.106099
"2015-04-20",10.61,10.61,10.61,10.61,0,8.106099
"2015-04-21",10.61,10.61,10.61,10.61,0,8.106099
"2015-04-22",10.61,10.61,10.61,10.61,0,8.106099
"2015-04-23",10.61,10.61,10.61,10.61,0,8.106099
"2015-04-24",10.61,10.61,10.61,10.61,0,8.106099
"2015-04-27",10.61,10.61,10.61,10.61,0,8.106099
"2015-04-28",10.61,10.61,10.61,10.61,0,8.106099
"2015-04-29",10.61,10.61,10.61,10.61,0,8.106099
"2015-04-30",10.61,10.61,10.61,10.61,0,8.106099
"2015-05-01",10.61,10.61,10.61,10.61,0,8.106099
"2015-05-04",10.61,10.61,10.61,10.61,0,8.106099
"2015-05-05",10.61,10.61,10.61,10.61,0,8.106099
"2015-05-06",10.61,10.61,10.61,10.61,0,8.106099
"2015-05-07",10.45,10.45,10.45,10.45,1300,7.983858
"2015-05-08",10.61,10.61,10.61,10.61,500,8.106099
"2015-05-11",10.61,10.61,10.61,10.61,0,8.106099
"2015-05-12",10.61,10.61,10.61,10.61,0,8.106099
"2015-05-13",10.61,10.61,10.61,10.61,0,8.106099
"2015-05-14",10.61,10.61,10.61,10.61,0,8.106099
"2015-05-15",10.61,10.61,10.61,10.61,0,8.106099
"2015-05-18",10.61,10.61,10.61,10.61,0,8.106099
"2015-05-19",10.61,10.61,10.61,10.61,0,8.106099
"2015-05-20",10.61,10.61,10.61,10.61,0,8.106099
"2015-05-21",10.61,10.61,10.61,10.61,0,8.106099
"2015-05-22",10.61,10.61,10.61,10.61,0,8.106099
"2015-05-26",10.61,10.61,10.61,10.61,0,8.106099
"2015-05-27",10.61,10.61,10.61,10.61,0,8.106099
"2015-05-28",10.61,10.61,10.61,10.61,0,8.106099
"2015-05-29",10.61,10.61,10.61,10.61,0,8.106099
"2015-06-01",10.61,10.61,10.61,10.61,0,8.106099
"2015-06-02",10.61,10.61,10.61,10.61,0,8.106099
"2015-06-03",10.61,10.61,10.61,10.61,0,8.106099
"2015-06-04",10.61,10.61,10.61,10.61,0,8.106099
"2015-06-05",10.61,10.61,10.61,10.61,0,8.106099
"2015-06-08",10.61,10.61,10.61,10.61,0,8.106099
"2015-06-09",10.61,10.61,10.61,10.61,0,8.106099
"2015-06-10",10.61,10.61,10.61,10.61,0,8.106099
"2015-06-11",10.61,10.61,10.61,10.61,0,8.106099
"2015-06-12",10.61,10.61,10.61,10.61,0,8.106099
"2015-06-15",10.61,10.61,10.61,10.61,0,8.106099
"2015-06-16",10.61,10.61,10.61,10.61,0,8.106099
"2015-06-17",10.61,10.61,10.61,10.61,0,8.106099
"2015-06-18",10.61,10.61,10.61,10.61,0,8.106099
"2015-06-19",10.61,10.61,10.61,10.61,0,8.106099
"2015-06-22",10.61,10.61,10.61,10.61,0,8.106099
"2015-06-23",10.61,10.61,10.61,10.61,0,8.106099
"2015-06-24",10.61,10.61,10.61,10.61,0,8.106099
"2015-06-25",10.61,10.61,10.61,10.61,0,8.106099
"2015-06-26",10.61,10.61,10.61,10.61,0,8.106099
"2015-06-29",10.61,10.61,10.61,10.61,0,8.106099
"2015-06-30",10.61,10.61,10.61,10.61,0,8.106099
"2015-07-01",10.61,10.61,10.61,10.61,0,8.106099
"2015-07-02",10.61,10.61,10.61,10.61,0,8.106099
"2015-07-06",10.61,10.61,10.61,10.61,0,8.106099
"2015-07-07",10.61,10.61,10.61,10.61,0,8.106099
"2015-07-08",10.61,10.61,10.61,10.61,0,8.106099
"2015-07-09",10.61,10.61,10.61,10.61,0,8.106099
"2015-07-10",10.61,10.61,10.61,10.61,0,8.106099
"2015-07-13",10.61,10.61,10.61,10.61,0,8.106099
"2015-07-14",10.61,10.61,10.61,10.61,0,8.106099
"2015-07-15",10.61,10.61,10.61,10.61,0,8.106099
"2015-07-16",10.61,10.61,10.61,10.61,0,8.106099
"2015-07-17",10.61,10.61,10.61,10.61,0,8.106099
"2015-07-20",10.61,10.61,10.61,10.61,0,8.106099
"2015-07-21",10.61,10.61,10.61,10.61,0,8.106099
"2015-07-22",10.48,10.48,10.48,10.48,1800,8.006779
"2015-07-23",10.48,10.48,10.48,10.48,0,8.006779
"2015-07-24",10.48,10.48,10.48,10.48,0,8.006779
"2015-07-27",10.48,10.48,10.48,10.48,0,8.006779
"2015-07-28",10.4,10.4,10.4,10.4,1000,7.945657
"2015-07-29",10.4,10.4,10.4,10.4,0,7.945657
"2015-07-30",10.4,10.4,10.4,10.4,0,7.945657
"2015-07-31",10.4,10.4,10.4,10.4,0,7.945657
"2015-08-03",10.3,10.3,10.3,10.3,1000,7.869259
"2015-08-04",10.3,10.3,10.3,10.3,0,7.869259
"2015-08-05",10.3,10.3,10.3,10.3,0,7.869259
"2015-08-06",10.3,10.3,10.3,10.3,0,7.869259
"2015-08-07",10.3,10.3,10.3,10.3,0,7.869259
"2015-08-10",10.3,10.3,10.3,10.3,0,7.869259
"2015-08-11",10.3,10.3,10.3,10.3,0,7.869259
"2015-08-12",10.3,10.3,10.3,10.3,0,7.869259
"2015-08-13",10.3,10.3,10.3,10.3,0,7.869259
"2015-08-14",10.3,10.3,10.3,10.3,0,7.869259
"2015-08-17",10.3,10.3,10.3,10.3,0,7.869259
"2015-08-18",10.3,10.3,10.3,10.3,0,7.869259
"2015-08-19",10.3,10.3,10.3,10.3,0,7.869259
"2015-08-20",10.3,10.3,10.3,10.3,0,7.869259
"2015-08-21",10.3,10.3,10.3,10.3,0,7.869259
"2015-08-24",10.3,10.3,10.3,10.3,0,7.869259
"2015-08-25",10.3,10.3,10.3,10.3,0,7.869259
"2015-08-26",10.3,10.3,10.3,10.3,2000,7.869259
"2015-08-27",9.4,9.4,9.4,9.4,9100,7.181653
"2015-08-28",9.4,9.4,9.4,9.4,0,7.181653
"2015-08-31",9.4,9.4,9.4,9.4,0,7.181653
"2015-09-01",9.4,9.4,9.4,9.4,0,7.181653
"2015-09-02",9.4,9.4,9.4,9.4,0,7.181653
"2015-09-03",9.4,9.4,9.4,9.4,0,7.181653
"2015-09-04",9.4,9.4,9.4,9.4,0,7.181653
"2015-09-08",9.4,9.4,9.4,9.4,0,7.335384
"2015-09-09",9.4,9.4,9.4,9.4,0,7.335384
"2015-09-10",9.4,9.4,9.4,9.4,0,7.335384
"2015-09-11",9.4,9.4,9.4,9.4,0,7.335384
"2015-09-14",9.4,9.4,9.4,9.4,0,7.335384
"2015-09-15",9.4,9.4,9.4,9.4,0,7.335384
"2015-09-16",9.4,9.4,9.4,9.4,0,7.335384
"2015-09-17",9.4,9.4,9.4,9.4,0,7.335384
"2015-09-18",9.4,9.4,9.4,9.4,3100,7.335384
"2015-09-21",9.4,9.4,9.4,9.4,0,7.335384
"2015-09-22",9.4,9.4,9.4,9.4,0,7.335384
"2015-09-23",9.4,9.4,9.4,9.4,0,7.335384
"2015-09-24",9.4,9.4,9.4,9.4,0,7.335384
"2015-09-25",9.4,9.4,9.4,9.4,0,7.335384
"2015-09-28",9.4,9.4,9.4,9.4,0,7.335384
"2015-09-29",9.4,9.4,9.4,9.4,0,7.335384
"2015-09-30",9.4,9.4,9.4,9.4,0,7.335384
"2015-10-01",9.4,9.4,9.4,9.4,0,7.335384
"2015-10-02",9.4,9.4,9.4,9.4,0,7.335384
"2015-10-05",9.4,9.4,9.4,9.4,0,7.335384
"2015-10-06",9.4,9.4,9.4,9.4,0,7.335384
"2015-10-07",9.4,9.4,9.4,9.4,0,7.335384
"2015-10-08",9.4,9.4,9.4,9.4,0,7.335384
"2015-10-09",9.4,9.4,9.4,9.4,0,7.335384
"2015-10-12",9.4,9.4,9.4,9.4,0,7.335384
"2015-10-13",9.4,9.4,9.4,9.4,0,7.335384
"2015-10-14",9.4,9.4,9.4,9.4,0,7.335384
"2015-10-15",9.44,9.44,9.44,9.44,600,7.366597
"2015-10-16",9.44,9.44,9.44,9.44,0,7.366597
"2015-10-19",9.44,9.44,9.44,9.44,0,7.366597
"2015-10-20",9.44,9.44,9.44,9.44,0,7.366597
"2015-10-21",9.44,9.44,9.44,9.44,0,7.366597
"2015-10-22",9.44,9.44,9.44,9.44,0,7.366597
"2015-10-23",9.44,9.44,9.44,9.44,0,7.366597
"2015-10-26",9.44,9.44,9.44,9.44,0,7.366597
"2015-10-27",9.44,9.44,9.44,9.44,0,7.366597
"2015-10-28",9.44,9.44,9.44,9.44,0,7.366597
"2015-10-29",9.44,9.44,9.44,9.44,0,7.366597
"2015-10-30",9.44,9.44,9.44,9.44,0,7.366597
"2015-11-02",9.44,9.44,9.44,9.44,0,7.366597
"2015-11-03",9.44,9.44,9.44,9.44,0,7.366597
"2015-11-04",9.44,9.44,9.44,9.44,0,7.366597
"2015-11-05",9.43,9.43,9.43,9.43,100,7.358793
"2015-11-06",9.43,9.43,9.43,9.43,0,7.358793
"2015-11-09",9.43,9.43,9.43,9.43,0,7.358793
"2015-11-10",9.43,9.43,9.43,9.43,0,7.358793
"2015-11-11",9.43,9.43,9.43,9.43,0,7.358793
"2015-11-12",9.66,9.66,9.66,9.66,100,7.538276
"2015-11-13",9.66,9.66,9.66,9.66,0,7.538276
"2015-11-16",9.66,9.66,9.66,9.66,0,7.538276
"2015-11-17",9.66,9.66,9.66,9.66,0,7.538276
"2015-11-18",9.66,9.66,9.66,9.66,0,7.538276
"2015-11-19",9.66,9.66,9.66,9.66,0,7.538276
"2015-11-20",9.66,9.66,9.66,9.66,0,7.538276
"2015-11-23",9.66,9.66,9.66,9.66,0,7.538276
"2015-11-24",9.66,9.66,9.66,9.66,0,7.538276
"2015-11-25",9.66,9.66,9.66,9.66,0,7.538276
"2015-11-27",9.66,9.66,9.66,9.66,0,7.538276
"2015-11-30",9.66,9.66,9.66,9.66,0,7.538276
"2015-12-01",9.66,9.66,9.66,9.66,0,7.538276
"2015-12-02",9.66,9.66,9.66,9.66,0,7.538276
"2015-12-03",9.66,9.66,9.66,9.66,0,7.538276
"2015-12-04",9.66,9.66,9.66,9.66,0,7.538276
"2015-12-07",9.66,9.66,9.66,9.66,0,7.538276
"2015-12-08",9.66,9.66,9.66,9.66,0,7.538276
"2015-12-09",9.53,9.53,9.53,9.53,1000,7.43683
"2015-12-10",9.53,9.53,9.53,9.53,0,7.43683
"2015-12-11",9.53,9.53,9.53,9.53,0,7.43683
"2015-12-14",9.53,9.53,9.53,9.53,0,7.43683
"2015-12-15",9.53,9.53,9.53,9.53,0,7.43683
"2015-12-16",9.53,9.53,9.53,9.53,0,7.43683
"2015-12-17",9.53,9.53,9.53,9.53,0,7.43683
"2015-12-18",9.53,9.53,9.53,9.53,0,7.43683
"2015-12-21",9.36,9.36,9.36,9.36,1300,7.30417
"2015-12-22",9.53,9.53,9.53,9.53,300,7.43683
"2015-12-23",9.53,9.53,9.53,9.53,10400,7.43683
"2015-12-24",9.53,9.53,9.53,9.53,0,7.43683
"2015-12-28",9.53,9.53,9.53,9.53,0,7.43683
"2015-12-29",9.53,9.53,9.53,9.53,0,7.43683
"2015-12-30",9.53,9.53,9.53,9.53,0,7.43683
"2015-12-31",9.65,9.65,9.65,9.65,600,7.530473
"2016-01-04",9.65,9.65,9.65,9.65,0,7.530473
"2016-01-05",9.45,9.45,9.44,9.44,36800,7.366597
"2016-01-06",9.44,9.44,9.44,9.44,0,7.366597
"2016-01-07",9.44,9.44,9.44,9.44,0,7.366597
"2016-01-08",9.44,9.44,9.44,9.44,0,7.366597
"2016-01-11",9.05,9.05,9.05,9.05,500,7.062257
"2016-01-12",8.7,8.7,8.7,8.7,300,6.789132
"2016-01-13",8.7,8.7,8.7,8.7,0,6.789132
"2016-01-14",8.7,8.7,8.7,8.7,0,6.789132
"2016-01-15",8.7,8.7,8.7,8.7,0,6.789132
"2016-01-19",8.7,8.7,8.7,8.7,0,6.789132
"2016-01-20",8.7,8.7,8.7,8.7,0,6.789132
"2016-01-21",8.7,8.7,8.7,8.7,0,6.789132
"2016-01-22",8.7,8.7,8.7,8.7,0,6.789132
"2016-01-25",8.7,8.7,8.7,8.7,0,6.789132
"2016-01-26",8.7,8.7,8.7,8.7,0,6.789132
"2016-01-27",8.7,8.7,8.7,8.7,0,6.789132
"2016-01-28",8.7,8.7,8.7,8.7,0,6.789132
"2016-01-29",8.7,8.7,8.7,8.7,0,6.789132
"2016-02-01",8.7,8.7,8.7,8.7,0,6.789132
"2016-02-02",8.7,8.7,8.7,8.7,0,6.789132
"2016-02-03",8.7,8.7,8.7,8.7,0,6.789132
"2016-02-04",8.7,8.7,8.7,8.7,0,6.789132
"2016-02-05",8.7,8.7,8.7,8.7,0,6.789132
"2016-02-08",8.7,8.7,8.7,8.7,0,6.789132
"2016-02-09",8.7,8.7,8.7,8.7,0,6.789132
"2016-02-10",8.7,8.7,8.7,8.7,0,6.789132
"2016-02-11",8.7,8.7,8.7,8.7,0,6.789132
"2016-02-12",8.7,8.7,8.7,8.7,0,6.789132
"2016-02-16",8.7,8.7,8.7,8.7,0,6.789132
"2016-02-17",8.7,8.7,8.7,8.7,5000,6.789132
"2016-02-18",8.7,8.7,8.7,8.7,0,6.789132
"2016-02-19",8.7,8.7,8.7,8.7,0,6.789132
"2016-02-22",8.7,8.7,8.7,8.7,0,6.789132
"2016-02-23",8.7,8.7,8.7,8.7,0,6.943159
"2016-02-24",8.7,8.7,8.7,8.7,0,6.943159
"2016-02-25",8.7,8.7,8.7,8.7,0,6.943159
"2016-02-26",8.7,8.7,8.7,8.7,0,6.943159
"2016-02-29",8.7,8.7,8.7,8.7,0,6.943159
"2016-03-01",8.7,8.7,8.7,8.7,0,6.943159
"2016-03-02",8.7,8.7,8.7,8.7,0,6.943159
"2016-03-03",8.7,8.7,8.7,8.7,0,6.943159
"2016-03-04",8.7,8.7,8.7,8.7,0,6.943159
"2016-03-07",8.7,8.7,8.7,8.7,0,6.943159
"2016-03-08",8.7,8.7,8.7,8.7,0,6.943159
"2016-03-09",8.7,8.7,8.7,8.7,5400,6.943159
"2016-03-10",10.47,10.47,10.47,10.47,30000,8.355733
"2016-03-11",10.47,10.47,10.47,10.47,0,8.355733
"2016-03-14",10.47,10.47,10.47,10.47,0,8.355733
"2016-03-15",10.47,10.47,10.47,10.47,0,8.355733
"2016-03-16",10.47,10.47,10.47,10.47,0,8.355733
"2016-03-17",10.47,10.47,10.47,10.47,0,8.355733
"2016-03-18",10.47,10.47,10.47,10.47,0,8.355733
"2016-03-21",10.47,10.47,10.47,10.47,0,8.355733
"2016-03-22",10.47,10.47,10.47,10.47,0,8.355733
"2016-03-23",10.47,10.47,10.47,10.47,0,8.355733
"2016-03-24",10.47,10.47,10.47,10.47,0,8.355733
"2016-03-28",10.47,10.47,10.47,10.47,0,8.355733
"2016-03-29",10.47,10.47,10.47,10.47,0,8.355733
"2016-03-30",10.47,10.47,10.47,10.47,0,8.355733
"2016-03-31",10.47,10.47,10.47,10.47,0,8.355733
"2016-04-01",10.47,10.47,10.47,10.47,0,8.355733
"2016-04-04",10.47,10.47,10.47,10.47,0,8.355733
"2016-04-05",10.47,10.47,10.47,10.47,0,8.355733
"2016-04-06",10.47,10.47,10.47,10.47,0,8.355733
"2016-04-07",10.85,10.85,10.85,10.85,400,8.658994
"2016-04-08",10.85,10.85,10.85,10.85,0,8.658994
"2016-04-11",11,11,11,11,1800,8.778707
"2016-04-12",11,11,11,11,0,8.778707
"2016-04-13",11,11,11,11,0,8.778707
"2016-04-14",11,11,11,11,0,8.778707
"2016-04-15",11,11,11,11,0,8.778707
"2016-04-18",11,11,11,11,0,8.778707
"2016-04-19",11,11,11,11,10000,8.778707
"2016-04-20",11,11,11,11,0,8.778707
"2016-04-21",11,11,11,11,0,8.778707
"2016-04-22",11,11,11,11,0,8.778707
"2016-04-25",11,11,11,11,0,8.778707
"2016-04-26",11,11,11,11,0,8.778707
"2016-04-27",11,11,11,11,0,8.778707
"2016-04-28",11,11,11,11,4400,8.778707
"2016-04-29",11,11,11,11,0,8.778707
"2016-05-02",11,11,11,11,0,8.778707
"2016-05-03",11,11,11,11,7000,8.778707
"2016-05-04",11.75,11.76,11.75,11.76,36000,9.385235
"2016-05-05",11.76,11.76,11.76,11.76,0,9.385235
"2016-05-06",11.76,11.76,11.76,11.76,0,9.385235
"2016-05-09",11.76,11.76,11.76,11.76,0,9.385235
"2016-05-10",11.76,11.76,11.76,11.76,0,9.385235
"2016-05-11",11.76,11.76,11.76,11.76,0,9.385235
"2016-05-12",11.76,11.76,11.76,11.76,0,9.385235
"2016-05-13",11.76,11.76,11.76,11.76,0,9.385235
"2016-05-16",11.76,11.76,11.76,11.76,0,9.385235
"2016-05-17",11.76,11.76,11.76,11.76,0,9.385235
"2016-05-18",11.76,11.76,11.76,11.76,0,9.385235
"2016-05-19",11.76,11.76,11.76,11.76,0,9.385235
"2016-05-20",11.76,11.76,11.76,11.76,0,9.385235
"2016-05-23",11.76,11.76,11.76,11.76,0,9.385235
"2016-05-24",11.76,11.76,11.76,11.76,0,9.385235
"2016-05-25",11.76,11.76,11.76,11.76,0,9.385235
"2016-05-26",11.76,11.76,11.76,11.76,0,9.385235
"2016-05-27",11.76,11.76,11.76,11.76,0,9.385235
"2016-05-31",11.76,11.76,11.76,11.76,0,9.385235
"2016-06-01",11.76,11.76,11.76,11.76,0,9.385235
"2016-06-02",11.76,11.76,11.76,11.76,0,9.385235
"2016-06-03",11.76,11.76,11.76,11.76,0,9.385235
"2016-06-06",11.76,11.76,11.76,11.76,0,9.385235
"2016-06-07",11.92,11.92,11.92,11.92,1300,9.512923
"2016-06-08",11.92,11.92,11.92,11.92,0,9.512923
"2016-06-09",11.18,11.18,11.18,11.18,200,8.922359
"2016-06-10",11.18,11.18,11.18,11.18,0,8.922359
"2016-06-13",11.18,11.18,11.18,11.18,0,8.922359
"2016-06-14",11.18,11.18,11.18,11.18,0,8.922359
"2016-06-15",11.18,11.18,11.18,11.18,0,8.922359
"2016-06-16",11.18,11.18,11.18,11.18,0,8.922359
"2016-06-17",11.18,11.18,11.18,11.18,0,8.922359
"2016-06-20",11.18,11.18,11.18,11.18,0,8.922359
"2016-06-21",11.18,11.18,11.18,11.18,0,8.922359
"2016-06-22",11.18,11.18,11.18,11.18,0,8.922359
"2016-06-23",11.18,11.18,11.18,11.18,0,8.922359
"2016-06-24",11.18,11.18,11.18,11.18,0,8.922359
"2016-06-27",11.18,11.18,11.18,11.18,0,8.922359
"2016-06-28",11.18,11.18,11.18,11.18,0,8.922359
"2016-06-29",11.18,11.18,11.18,11.18,0,8.922359
"2016-06-30",11.18,11.18,11.18,11.18,0,8.922359
"2016-07-01",11.1,11.1,11.1,11.1,200,8.858511
"2016-07-05",11.1,11.1,11.1,11.1,0,8.858511
"2016-07-06",11.1,11.1,11.1,11.1,0,8.858511
"2016-07-07",11.1,11.1,11.1,11.1,0,8.858511
"2016-07-08",11.1,11.1,11.1,11.1,0,8.858511
"2016-07-11",11.1,11.1,11.1,11.1,0,8.858511
"2016-07-12",11.1,11.1,11.1,11.1,0,8.858511
"2016-07-13",11.1,11.1,11.1,11.1,0,8.858511
"2016-07-14",11.1,11.1,11.1,11.1,0,8.858511
"2016-07-15",11.1,11.1,11.1,11.1,0,8.858511
"2016-07-18",11.1,11.1,11.1,11.1,0,8.858511
"2016-07-19",11.1,11.1,11.1,11.1,0,8.858511
"2016-07-20",11.1,11.1,11.1,11.1,0,8.858511
"2016-07-21",11.1,11.1,11.1,11.1,0,8.858511
"2016-07-22",11.1,11.1,11.1,11.1,0,8.858511
"2016-07-25",11.1,11.1,11.1,11.1,0,8.858511
"2016-07-26",11.1,11.1,11.1,11.1,0,8.858511
"2016-07-27",11.1,11.1,11.1,11.1,0,8.858511
"2016-07-28",11.25,11.25,11.25,11.25,9100,8.978223
"2016-07-29",11.25,11.25,11.25,11.25,0,8.978223
"2016-08-01",11.25,11.25,11.25,11.25,0,8.978223
"2016-08-02",11.25,11.25,11.25,11.25,0,8.978223
"2016-08-03",11.25,11.25,11.25,11.25,0,8.978223
"2016-08-04",11.25,11.25,11.25,11.25,0,8.978223
"2016-08-05",11.25,11.25,11.25,11.25,0,8.978223
"2016-08-08",11.25,11.25,11.25,11.25,0,8.978223
"2016-08-09",11.25,11.25,11.25,11.25,0,8.978223
"2016-08-10",11.25,11.25,11.25,11.25,0,8.978223
"2016-08-11",11.25,11.25,11.25,11.25,0,8.978223
"2016-08-12",11.25,11.25,11.25,11.25,0,8.978223
"2016-08-15",11.25,11.25,11.25,11.25,0,8.978223
"2016-08-16",11.25,11.25,11.25,11.25,0,8.978223
"2016-08-17",11.71,11.71,11.71,11.71,700,9.345331
"2016-08-18",11.71,11.71,11.71,11.71,0,9.345331
"2016-08-19",11.71,11.71,11.71,11.71,0,9.345331
"2016-08-22",11.71,11.71,11.71,11.71,0,9.345331
"2016-08-23",11.71,11.71,11.71,11.71,0,9.345331
"2016-08-24",11.71,11.71,11.71,11.71,0,9.345331
"2016-08-25",11.71,11.71,11.71,11.71,0,9.345331
"2016-08-26",11.71,11.71,11.71,11.71,0,9.345331
"2016-08-29",11.71,11.71,11.71,11.71,0,9.345331
"2016-08-30",11.71,11.71,11.71,11.71,0,9.345331
"2016-08-31",11.71,11.71,11.71,11.71,0,9.345331
"2016-09-01",11.71,11.71,11.71,11.71,0,9.345331
"2016-09-02",11.71,11.71,11.71,11.71,0,9.345331
"2016-09-06",11.71,11.71,11.71,11.71,0,9.524267
"2016-09-07",11.71,11.71,11.71,11.71,0,9.524267
"2016-09-08",11.71,11.71,11.71,11.71,0,9.524267
"2016-09-09",11.71,11.71,11.71,11.71,0,9.524267
"2016-09-12",11.71,11.71,11.71,11.71,0,9.524267
"2016-09-13",11.71,11.71,11.71,11.71,0,9.524267
"2016-09-14",11.71,11.71,11.71,11.71,0,9.524267
"2016-09-15",11.71,11.71,11.71,11.71,0,9.524267
"2016-09-16",11.71,11.71,11.71,11.71,0,9.524267
"2016-09-19",11.71,11.71,11.71,11.71,0,9.524267
"2016-09-20",11.71,11.71,11.71,11.71,0,9.524267
"2016-09-21",11.71,11.71,11.71,11.71,0,9.524267
"2016-09-22",11.71,11.71,11.71,11.71,0,9.524267
"2016-09-23",11.71,11.71,11.71,11.71,0,9.524267
"2016-09-26",11.71,11.71,11.71,11.71,0,9.524267
"2016-09-27",11.71,11.71,11.71,11.71,0,9.524267
"2016-09-28",11.71,11.71,11.71,11.71,0,9.524267
"2016-09-29",11.71,11.71,11.71,11.71,0,9.524267
"2016-09-30",11.71,11.71,11.71,11.71,0,9.524267
"2016-10-03",11.71,11.71,11.71,11.71,0,9.524267
"2016-10-04",11.71,11.71,11.71,11.71,0,9.524267
"2016-10-05",11.71,11.71,11.71,11.71,15000,9.524267
"2016-10-06",11.71,11.71,11.71,11.71,25000,9.524267
"2016-10-07",11.71,11.71,11.71,11.71,0,9.524267
"2016-10-10",11.71,11.71,11.71,11.71,0,9.524267
"2016-10-11",11.71,11.71,11.71,11.71,0,9.524267
"2016-10-12",11.71,11.71,11.71,11.71,0,9.524267
"2016-10-13",11.71,11.71,11.71,11.71,0,9.524267
"2016-10-14",11.71,11.71,11.71,11.71,10000,9.524267
"2016-10-17",11.71,11.71,11.71,11.71,10000,9.524267
"2016-10-18",11.71,11.71,11.71,11.71,0,9.524267
"2016-10-19",11.71,11.71,11.71,11.71,0,9.524267
"2016-10-20",11.71,11.71,11.71,11.71,0,9.524267
"2016-10-21",11.71,11.71,11.71,11.71,0,9.524267
"2016-10-24",11.71,11.71,11.71,11.71,0,9.524267
"2016-10-25",11.71,11.71,11.71,11.71,0,9.524267
"2016-10-26",11.71,11.71,11.71,11.71,0,9.524267
"2016-10-27",11.71,11.71,11.71,11.71,0,9.524267
"2016-10-28",11.71,11.71,11.71,11.71,0,9.524267
"2016-10-31",11.71,11.71,11.71,11.71,0,9.524267
"2016-11-01",11.71,11.71,11.71,11.71,0,9.524267
"2016-11-02",11.71,11.71,11.71,11.71,0,9.524267
"2016-11-03",11.71,11.71,11.71,11.71,0,9.524267
"2016-11-04",11.71,11.71,11.71,11.71,0,9.524267
"2016-11-07",11.71,11.71,11.71,11.71,0,9.524267
"2016-11-08",11.71,11.71,11.71,11.71,0,9.524267
"2016-11-09",11.71,11.71,11.71,11.71,0,9.524267
"2016-11-10",11.71,11.71,11.71,11.71,0,9.524267
"2016-11-11",11.71,11.71,11.71,11.71,0,9.524267
"2016-11-14",11.71,11.71,11.71,11.71,0,9.524267
"2016-11-15",11.71,11.71,11.71,11.71,0,9.524267
"2016-11-16",11.71,11.71,11.71,11.71,0,9.524267
"2016-11-17",11.71,11.71,11.71,11.71,0,9.524267
"2016-11-18",11.71,11.71,11.71,11.71,0,9.524267
"2016-11-21",11.71,11.71,11.71,11.71,0,9.524267
"2016-11-22",11.71,11.71,11.71,11.71,0,9.524267
"2016-11-23",11.71,11.71,11.71,11.71,0,9.524267
"2016-11-25",11.71,11.71,11.71,11.71,0,9.524267
"2016-11-28",11.71,11.71,11.71,11.71,0,9.524267
"2016-11-29",11.71,11.71,11.71,11.71,0,9.524267
"2016-11-30",11.71,11.71,11.71,11.71,0,9.524267
"2016-12-01",11.71,11.71,11.71,11.71,0,9.524267
"2016-12-02",11.71,11.71,11.71,11.71,0,9.524267
"2016-12-05",11.71,11.71,11.71,11.71,0,9.524267
"2016-12-06",11.71,11.71,11.71,11.71,0,9.524267
"2016-12-07",11.71,11.71,11.71,11.71,0,9.524267
"2016-12-08",11.71,11.71,11.71,11.71,0,9.524267
"2016-12-09",10.84,10.84,10.84,10.84,200,8.816659
"2016-12-12",10.84,10.84,10.84,10.84,0,8.816659
"2016-12-13",10.63,10.63,10.63,10.63,100,8.645855
"2016-12-14",10.63,10.63,10.63,10.63,6400,8.645855
"2016-12-15",10.63,10.63,10.63,10.63,0,8.645855
"2016-12-16",10.63,10.63,10.63,10.63,0,8.645855
"2016-12-19",10.63,10.63,10.63,10.63,0,8.645855
"2016-12-20",10.63,10.63,10.63,10.63,0,8.645855
"2016-12-21",10.63,10.63,10.63,10.63,0,8.645855
"2016-12-22",10.63,10.63,10.63,10.63,0,8.645855
"2016-12-23",10.63,10.63,10.63,10.63,0,8.645855
"2016-12-27",10.63,10.63,10.63,10.63,0,8.645855
"2016-12-28",10.63,10.63,10.63,10.63,0,8.645855
"2016-12-29",10.63,10.63,10.63,10.63,0,8.645855
"2016-12-30",10.63,10.63,10.63,10.63,0,8.645855
"2017-01-03",10.63,10.63,10.63,10.63,0,8.645855
"2017-01-04",10.63,10.63,10.63,10.63,0,8.645855
"2017-01-05",10.63,10.63,10.63,10.63,0,8.645855
"2017-01-06",10.63,10.63,10.63,10.63,0,8.645855
"2017-01-09",10.63,10.63,10.63,10.63,0,8.645855
"2017-01-10",10.63,10.63,10.63,10.63,0,8.645855
"2017-01-11",10.63,10.63,10.63,10.63,0,8.645855
"2017-01-12",10.63,10.63,10.63,10.63,0,8.645855
"2017-01-13",10.63,10.63,10.63,10.63,0,8.645855
"2017-01-17",10.63,10.63,10.63,10.63,0,8.645855
"2017-01-18",10.63,10.63,10.63,10.63,0,8.645855
"2017-01-19",10.63,10.63,10.63,10.63,0,8.645855
"2017-01-20",10.63,10.63,10.63,10.63,0,8.645855
"2017-01-23",10.63,10.63,10.63,10.63,0,8.645855
"2017-01-24",10.63,10.63,10.63,10.63,0,8.645855
"2017-01-25",10.63,10.63,10.63,10.63,0,8.645855
"2017-01-26",10.63,10.63,10.63,10.63,0,8.645855
"2017-01-27",10.63,10.63,10.63,10.63,0,8.645855
"2017-01-30",10.63,10.63,10.63,10.63,0,8.645855
"2017-01-31",10.63,10.63,10.63,10.63,0,8.645855
"2017-02-01",10.63,10.63,10.63,10.63,0,8.645855
"2017-02-02",10.63,10.63,10.63,10.63,0,8.645855
"2017-02-03",10.63,10.63,10.63,10.63,0,8.645855
"2017-02-06",10.63,10.63,10.63,10.63,0,8.645855
"2017-02-07",10.63,10.63,10.63,10.63,0,8.645855
"2017-02-08",10.63,10.63,10.63,10.63,0,8.645855
"2017-02-09",10.63,10.63,10.63,10.63,0,8.645855
"2017-02-10",10.63,10.63,10.63,10.63,0,8.645855
"2017-02-13",10.63,10.63,10.63,10.63,0,8.645855
"2017-02-14",10.63,10.63,10.63,10.63,0,8.645855
"2017-02-15",10.63,10.63,10.63,10.63,0,8.645855
"2017-02-16",10.63,10.63,10.63,10.63,0,8.645855
"2017-02-17",10.63,10.63,10.63,10.63,0,8.645855
"2017-02-21",10.63,10.63,10.63,10.63,0,8.645855
"2017-02-22",10.63,10.63,10.63,10.63,0,8.645855
"2017-02-23",10.63,10.63,10.63,10.63,0,8.645855
"2017-02-24",10.63,10.63,10.63,10.63,0,8.809954
"2017-02-27",10.63,10.63,10.63,10.63,0,8.809954
"2017-02-28",10.63,10.63,10.63,10.63,0,8.809954
"2017-03-01",10.63,10.63,10.63,10.63,0,8.809954
"2017-03-02",10.63,10.63,10.63,10.63,0,8.809954
"2017-03-03",10.63,10.63,10.63,10.63,0,8.809954
"2017-03-06",10.63,10.63,10.63,10.63,0,8.809954
"2017-03-07",10.73,10.73,10.73,10.73,100,8.892831
"2017-03-08",10.73,10.73,10.73,10.73,0,8.892831
"2017-03-09",10.57,10.57,10.57,10.57,900,8.760225
"2017-03-10",10.57,10.57,10.57,10.57,0,8.760225
"2017-03-13",10.57,10.57,10.57,10.57,0,8.760225
"2017-03-14",10.57,10.57,10.57,10.57,0,8.760225
"2017-03-15",10.57,10.57,10.57,10.57,0,8.760225
"2017-03-16",10.9,10.9,10.9,10.9,1700,9.033724
"2017-03-17",10.9,10.9,10.9,10.9,0,9.033724
"2017-03-20",10.9,10.9,10.9,10.9,0,9.033724
"2017-03-21",11.19,11.19,11.19,11.19,200,9.274071
"2017-03-22",11.19,11.19,11.19,11.19,5000,9.274071
"2017-03-23",11.19,11.19,11.19,11.19,0,9.274071
"2017-03-24",11.19,11.19,11.19,11.19,5000,9.274071
"2017-03-27",11.5,11.5,11.5,11.5,400,9.530993
"2017-03-28",11.5,11.5,11.5,11.5,0,9.530993
"2017-03-29",11.5,11.5,11.5,11.5,0,9.530993
"2017-03-30",11.55,11.55,11.55,11.55,5000,9.572433
"2017-03-31",11.55,11.55,11.55,11.55,0,9.572433
"2017-04-03",11.55,11.55,11.55,11.55,0,9.572433
"2017-04-04",11.55,11.55,11.55,11.55,0,9.572433
"2017-04-05",11.55,11.55,11.55,11.55,0,9.572433
"2017-04-06",11.25,11.25,11.25,11.25,1400,9.323799
"2017-04-07",11.25,11.25,11.25,11.25,1800,9.323799
"2017-04-10",11.25,11.25,11.25,11.25,0,9.323799
"2017-04-11",11.25,11.25,11.25,11.25,0,9.323799
"2017-04-12",11.25,11.25,11.25,11.25,0,9.323799
"2017-04-13",11.25,11.25,11.25,11.25,0,9.323799
"2017-04-17",11.25,11.25,11.25,11.25,0,9.323799
"2017-04-18",11.25,11.25,11.25,11.25,0,9.323799
"2017-04-19",11.25,11.25,11.25,11.25,0,9.323799
"2017-04-20",11.25,11.25,11.25,11.25,0,9.323799
"2017-04-21",11.25,11.25,11.25,11.25,0,9.323799
"2017-04-24",11.25,11.25,11.25,11.25,0,9.323799
"2017-04-25",11.25,11.25,11.25,11.25,0,9.323799
"2017-04-26",11.71,11.71,11.71,11.71,700,9.705038
"2017-04-27",11.71,11.71,11.71,11.71,0,9.705038
"2017-04-28",11.6,11.6,11.6,11.6,400,9.613872
"2017-05-01",11.6,11.6,11.6,11.6,0,9.613872
"2017-05-02",11.6,11.6,11.6,11.6,5000,9.613872
"2017-05-03",11.6,11.6,11.6,11.6,0,9.613872
"2017-05-04",11.6,11.6,11.6,11.6,0,9.613872
"2017-05-05",11.6,11.6,11.6,11.6,0,9.613872
"2017-05-08",11.6,11.6,11.6,11.6,0,9.613872
"2017-05-09",11.6,11.6,11.6,11.6,0,9.613872
"2017-05-10",11.31,11.31,11.31,11.31,100,9.373526
"2017-05-11",11.31,11.31,11.31,11.31,0,9.373526
"2017-05-12",11.31,11.31,11.31,11.31,0,9.373526
"2017-05-15",11.31,11.31,11.31,11.31,0,9.373526
"2017-05-16",11.31,11.31,11.31,11.31,0,9.373526
"2017-05-17",11.31,11.31,11.31,11.31,0,9.373526
"2017-05-18",11,11,11,11,2200,9.116604
"2017-05-19",11,11,11,11,0,9.116604
"2017-05-22",11,11,11,11,0,9.116604
"2017-05-23",11,11,11,11,10000,9.116604
"2017-05-24",11,11,11,11,0,9.116604
"2017-05-25",11,11,11,11,0,9.116604
"2017-05-26",11,11,11,11,0,9.116604
"2017-05-30",11,11,11,11,0,9.116604
"2017-05-31",11,11,11,11,0,9.116604
"2017-06-01",11.5,11.5,11.5,11.5,20100,9.530993
"2017-06-02",11.75,11.75,11.75,11.75,100,9.73819
"2017-06-05",11.75,11.75,11.75,11.75,0,9.73819
"2017-06-06",11.75,11.75,11.75,11.75,0,9.73819
"2017-06-07",11.8,11.8,11.8,11.8,1000,9.779628
"2017-06-08",11.8,11.8,11.8,11.8,4800,9.779628
"2017-06-09",11.8,11.8,11.8,11.8,0,9.779628
"2017-06-12",11.8,11.8,11.8,11.8,0,9.779628
"2017-06-13",11.8,11.8,11.8,11.8,5200,9.779628
"2017-06-14",11.8,11.8,11.8,11.8,0,9.779628
"2017-06-15",12.05,12.05,12.05,12.05,200,9.986823
"2017-06-16",12.05,12.05,12.05,12.05,0,9.986823
"2017-06-19",12.05,12.05,12.05,12.05,0,9.986823
"2017-06-20",12.05,12.05,12.05,12.05,0,9.986823
"2017-06-21",12.05,12.05,12.05,12.05,0,9.986823
"2017-06-22",12.05,12.05,12.05,12.05,0,9.986823
"2017-06-23",12.05,12.05,12.05,12.05,0,9.986823
"2017-06-26",12.05,12.05,12.05,12.05,0,9.986823
"2017-06-27",12.05,12.05,12.05,12.05,0,9.986823
"2017-06-28",12.05,12.05,12.05,12.05,0,9.986823
"2017-06-29",12.8,12.8,12.43,12.43,13900,10.30176
"2017-06-30",12.43,12.43,12.43,12.43,30900,10.30176
"2017-07-03",12.43,12.43,12.43,12.43,0,10.30176
"2017-07-05",12.43,12.43,12.43,12.43,0,10.30176
"2017-07-06",12.43,12.43,12.43,12.43,0,10.30176
"2017-07-07",12.43,12.43,12.43,12.43,0,10.30176
"2017-07-10",12.43,12.43,12.43,12.43,0,10.30176
"2017-07-11",12.43,12.43,12.43,12.43,0,10.30176
"2017-07-12",12.43,12.43,12.43,12.43,0,10.30176
"2017-07-13",12.15,12.15,12.15,12.15,100,10.0697
"2017-07-14",12.15,12.15,12.15,12.15,0,10.0697
"2017-07-17",12.15,12.15,12.15,12.15,0,10.0697
"2017-07-18",12.15,12.15,12.15,12.15,0,10.0697
"2017-07-19",12.15,12.15,12.15,12.15,0,10.0697
"2017-07-20",12.15,12.15,12.15,12.15,0,10.0697
"2017-07-21",12.15,12.15,12.15,12.15,0,10.0697
"2017-07-24",12.15,12.15,12.15,12.15,0,10.0697
"2017-07-25",12.15,12.15,12.15,12.15,0,10.0697
"2017-07-26",12.15,12.15,12.15,12.15,0,10.0697
"2017-07-27",12.3,12.3,12.3,12.3,2100,10.19402
"2017-07-28",12.3,12.3,12.3,12.3,0,10.19402
"2017-07-31",12.3,12.3,12.3,12.3,0,10.19402
"2017-08-01",12.3,12.3,12.3,12.3,0,10.19402
"2017-08-02",12.3,12.3,12.3,12.3,0,10.19402
"2017-08-03",12.3,12.3,12.3,12.3,0,10.19402
"2017-08-04",12.3,12.3,12.3,12.3,0,10.19402
"2017-08-07",12.3,12.3,12.3,12.3,0,10.19402
"2017-08-08",12.3,12.3,12.3,12.3,0,10.19402
"2017-08-09",12.3,12.3,12.3,12.3,0,10.19402
"2017-08-10",12.3,12.3,12.3,12.3,0,10.19402
"2017-08-11",12.3,12.3,12.3,12.3,0,10.19402
"2017-08-14",12.3,12.3,12.3,12.3,0,10.19402
"2017-08-15",12.3,12.3,12.3,12.3,0,10.19402
"2017-08-16",12.3,12.3,12.3,12.3,0,10.19402
"2017-08-17",12.3,12.3,12.3,12.3,0,10.19402
"2017-08-18",12.6,12.6,12.6,12.6,600,10.442654
"2017-08-21",12.5,12.5,12.5,12.5,100,10.359776
"2017-08-22",12.77,12.77,12.77,12.77,42000,10.583548
"2017-08-23",12.77,12.77,12.77,12.77,0,10.583548
"2017-08-24",12.77,12.77,12.77,12.77,0,10.583548
"2017-08-25",12.77,12.77,12.77,12.77,0,10.583548
"2017-08-28",12.77,12.77,12.77,12.77,0,10.583548
"2017-08-29",12.77,12.77,12.77,12.77,0,10.583548
"2017-08-30",12.77,12.77,12.77,12.77,0,10.583548
"2017-08-31",12.77,12.77,12.77,12.77,0,10.583548
"2017-09-01",12.77,12.77,12.77,12.77,0,10.583548
"2017-09-05",12.77,12.77,12.77,12.77,0,10.989357
"2017-09-06",12.77,12.77,12.77,12.77,0,10.989357
"2017-09-07",12.77,12.77,12.77,12.77,0,10.989357
"2017-09-08",12.77,12.77,12.77,12.77,0,10.989357
"2017-09-11",12.77,12.77,12.77,12.77,0,10.989357
"2017-09-12",12.77,12.77,12.77,12.77,0,10.989357
"2017-09-13",12.77,12.77,12.77,12.77,0,10.989357
"2017-09-14",12.77,12.77,12.77,12.77,0,10.989357
"2017-09-15",12.77,12.77,12.77,12.77,0,10.989357
"2017-09-18",12.77,12.77,12.77,12.77,0,10.989357
"2017-09-19",12.77,12.77,12.77,12.77,0,10.989357
"2017-09-20",12.77,12.77,12.77,12.77,0,10.989357
"2017-09-21",12.77,12.77,12.77,12.77,0,10.989357
"2017-09-22",12.77,12.77,12.77,12.77,0,10.989357
"2017-09-25",12.77,12.77,12.77,12.77,0,10.989357
"2017-09-26",12.77,12.77,12.77,12.77,0,10.989357
"2017-09-27",12.04,12.05,12.04,12.05,33200,10.369753
"2017-09-28",12.05,12.05,12.05,12.05,0,10.369753
"2017-09-29",12.05,12.05,12.05,12.05,0,10.369753
"2017-10-02",12.05,12.05,12.05,12.05,0,10.369753
"2017-10-03",12.05,12.05,12.05,12.05,10000,10.369753
"2017-10-04",12.05,12.05,12.05,12.05,0,10.369753
"2017-10-05",12.05,12.05,12.05,12.05,0,10.369753
"2017-10-06",12.05,12.05,12.05,12.05,10000,10.369753
"2017-10-09",12.05,12.05,12.05,12.05,10000,10.369753
"2017-10-10",12.05,12.05,12.05,12.05,10000,10.369753
"2017-10-11",12.05,12.05,12.05,12.05,10000,10.369753
"2017-10-12",12.05,12.05,12.05,12.05,0,10.369753
"2017-10-13",12.05,12.05,12.05,12.05,10000,10.369753
"2017-10-16",12.05,12.05,12.05,12.05,0,10.369753
"2017-10-17",12.05,12.05,12.05,12.05,10000,10.369753
"2017-10-18",12.05,12.05,12.05,12.05,0,10.369753
"2017-10-19",12.05,12.05,12.05,12.05,0,10.369753
"2017-10-20",12.05,12.05,12.05,12.05,0,10.369753
"2017-10-23",12.05,12.05,12.05,12.05,0,10.369753
"2017-10-24",12.05,12.05,12.05,12.05,0,10.369753
"2017-10-25",12.05,12.05,12.05,12.05,0,10.369753
"2017-10-26",12.05,12.05,12.05,12.05,0,10.369753
"2017-10-27",12.05,12.05,12.05,12.05,0,10.369753
"2017-10-30",12.05,12.05,12.05,12.05,0,10.369753
"2017-10-31",12.05,12.05,12.05,12.05,0,10.369753
"2017-11-01",12.05,12.05,12.05,12.05,0,10.369753
"2017-11-02",12.05,12.05,12.05,12.05,0,10.369753
"2017-11-03",12.05,12.05,12.05,12.05,0,10.369753
"2017-11-06",12.05,12.05,12.05,12.05,0,10.369753
"2017-11-07",12.05,12.05,12.05,12.05,0,10.369753
"2017-11-08",12.05,12.05,12.05,12.05,0,10.369753
"2017-11-09",12.05,12.05,12.05,12.05,0,10.369753
"2017-11-10",12.05,12.05,12.05,12.05,0,10.369753
"2017-11-13",12.05,12.05,12.05,12.05,0,10.369753
"2017-11-14",12.05,12.05,12.05,12.05,0,10.369753
"2017-11-15",12.05,12.05,12.05,12.05,0,10.369753
"2017-11-16",11.37,11.37,11.37,11.37,1000,9.784573
"2017-11-17",11.37,11.37,11.37,11.37,0,9.784573
"2017-11-20",11.37,11.37,11.37,11.37,0,9.784573
"2017-11-21",11.37,11.37,11.37,11.37,0,9.784573
"2017-11-22",11.37,11.37,11.37,11.37,2600,9.784573
"2017-11-24",11.37,11.37,11.37,11.37,0,9.784573
"2017-11-27",11.37,11.37,11.37,11.37,0,9.784573
"2017-11-28",11.37,11.37,11.37,11.37,0,9.784573
"2017-11-29",11.3,11.3,11.3,11.3,1500,9.724333
"2017-11-30",11.3,11.3,11.3,11.3,0,9.724333
"2017-12-01",11.3,11.3,11.3,11.3,0,9.724333
"2017-12-04",11.3,11.3,11.3,11.3,0,9.724333
"2017-12-05",11.3,11.3,11.3,11.3,0,9.724333
"2017-12-06",11.3,11.3,11.3,11.3,0,9.724333
"2017-12-07",11.3,11.3,11.3,11.3,5700,9.724333
"2017-12-08",11.3,11.3,11.3,11.3,0,9.724333
"2017-12-11",11.3,11.3,11.3,11.3,0,9.724333
"2017-12-12",11.3,11.3,11.3,11.3,0,9.724333
"2017-12-13",11.3,11.3,11.3,11.3,0,9.724333
"2017-12-14",11.3,11.3,11.3,11.3,0,9.724333
"2017-12-15",11.3,11.3,11.3,11.3,0,9.724333
"2017-12-18",11.3,11.3,11.3,11.3,0,9.724333
"2017-12-19",11.3,11.3,11.3,11.3,0,9.724333
"2017-12-20",11.3,11.3,11.3,11.3,0,9.724333
"2017-12-21",11.3,11.3,11.3,11.3,0,9.724333
"2017-12-22",11.3,11.3,11.3,11.3,0,9.724333
"2017-12-26",11.8,11.8,11.8,11.8,22500,10.154612
"2017-12-27",11.8,11.8,11.8,11.8,0,10.154612
"2017-12-28",11.8,11.8,11.8,11.8,0,10.154612
"2017-12-29",11.8,11.8,11.8,11.8,0,10.154612
