"dates","PSX.Open","PSX.High","PSX.Low","PSX.Close","PSX.Volume","PSX.Adjusted"
"2012-04-12",33.25,34.209999,32,34,654700,25.827448
"2012-04-13",34,37.450001,33.91,37,1685000,28.106342
"2012-04-16",37,37,35.990002,36.549999,550200,27.764507
"2012-04-17",36.400002,36.75,36,36,179600,27.34671
"2012-04-18",36,36.439999,34.5,36,207100,27.34671
"2012-04-19",36,37.220001,35.799999,36,598100,27.34671
"2012-04-20",36.099998,37,36.099998,36.32,149700,27.589781
"2012-04-23",36.240002,36.240002,35.419998,35.68,95700,27.103626
"2012-04-24",36,36,34.68,34.75,124500,26.397161
"2012-04-25",34.799999,35.5,34.5,34.75,266200,26.397161
"2012-04-26",34.610001,34.990002,34.439999,34.950001,183900,26.549089
"2012-04-27",35.25,35.25,33.970001,34.110001,536000,25.911007
"2012-04-30",34.34,34.900002,34,34.049999,4105700,25.865425
"2012-05-01",33.740002,34.099998,32.580002,32.759998,6878600,24.8855
"2012-05-02",32.599998,32.669998,31.629999,32,11287600,24.30818
"2012-05-03",31.93,31.98,31.049999,31.389999,11800000,23.84481
"2012-05-04",30.85,31.09,30.120001,30.16,10881000,22.910461
"2012-05-07",30.1,30.549999,29.25,29.35,12257200,22.295162
"2012-05-08",29.09,30.41,28.75,30.1,14601300,22.864883
"2012-05-09",29.809999,32.889999,29.73,32.490002,13990000,24.680405
"2012-05-10",33.049999,33.349998,31.52,32.48,8862000,24.672806
"2012-05-11",31.73,32.150002,31.4,31.83,4460100,24.179043
"2012-05-14",31.190001,31.58,30.77,31.32,6398200,23.791634
"2012-05-15",31.35,32.32,31.059999,31.67,6362800,24.057507
"2012-05-16",31.459999,32.389999,31.25,32.099998,6118600,24.384142
"2012-05-17",31.889999,32,31.200001,31.26,5850500,23.746061
"2012-05-18",31.43,31.690001,30.99,31.379999,7940800,23.837214
"2012-05-21",31.23,32.34,30.950001,32.189999,5480100,24.452509
"2012-05-22",31.879999,32.27,31.33,31.629999,5415000,24.027119
"2012-05-23",31.35,31.49,30.879999,31.41,5268900,23.860004
"2012-05-24",31.42,31.440001,30.75,31.129999,4210400,23.647305
"2012-05-25",31.01,31.41,30.83,31.299999,3217900,23.776442
"2012-05-29",31.280001,31.719999,30.860001,31.01,3979600,23.556147
"2012-05-30",30.790001,30.83,30.18,30.440001,6000600,23.123158
"2012-05-31",30.26,30.35,29.719999,30.030001,8098000,22.811708
"2012-06-01",29.5,30.17,29.379999,29.92,5701700,22.728149
"2012-06-04",29.299999,30.190001,29.25,29.530001,4844900,22.431894
"2012-06-05",29.370001,30.1,29.32,29.9,4046500,22.712961
"2012-06-06",30.030001,32,29.82,31.530001,8609400,23.951155
"2012-06-07",32.07,32.75,31.74,31.83,7694300,24.179043
"2012-06-08",31.66,32.349998,31.51,32.119999,4302100,24.399338
"2012-06-11",32.450001,33.049999,32.23,32.599998,5999000,24.763962
"2012-06-12",32.560001,33.740002,32.490002,33.490002,6809900,25.440035
"2012-06-13",33.27,33.490002,32.540001,32.77,2876200,24.893095
"2012-06-14",32.77,33.639999,32.310001,33.529999,4460000,25.470413
"2012-06-15",33.599998,34.91,33.380001,34.900002,9892400,26.51112
"2012-06-18",34.380001,34.5,33.830002,33.860001,4254400,25.721096
"2012-06-19",34.060001,34.529999,33.73,33.860001,4873500,25.721096
"2012-06-20",33.790001,34.849998,33.48,34.66,4628400,26.328804
"2012-06-21",34.700001,34.759998,33.060001,33.48,3489900,25.432436
"2012-06-22",33.650002,34.709999,33.029999,34.16,4359500,25.948988
"2012-06-25",33.689999,33.689999,32.759998,32.869999,3518600,24.969061
"2012-06-26",32.810001,33.98,32.400002,32.580002,3274700,24.74877
"2012-06-27",32.610001,33.400002,31.42,31.889999,3615600,24.224621
"2012-06-28",31.540001,32.400002,31.290001,32.310001,3115900,24.543667
"2012-06-29",32.779999,33.380001,32.650002,33.240002,4599500,25.250128
"2012-07-02",33.59,34.32,33.369999,34,3868500,25.827448
"2012-07-03",34.02,34.630001,33.830002,34.240002,3647400,26.009754
"2012-07-05",33.830002,34.240002,33.540001,33.799999,2711300,25.675516
"2012-07-06",33.400002,33.68,32.919998,33.369999,1907800,25.348866
"2012-07-09",33.080002,33.759998,32.650002,33.25,2264600,25.257721
"2012-07-10",33.470001,33.470001,32.5,32.68,2972900,24.82473
"2012-07-11",32.66,33.639999,32.349998,33.48,2583000,25.432436
"2012-07-12",33.150002,33.189999,32.549999,33.009998,3505600,25.075415
"2012-07-13",33.610001,35.080002,33.509998,34.939999,4801300,26.541489
"2012-07-16",34.689999,36.119999,34.560001,36.099998,4895700,27.422678
"2012-07-17",36.16,36.799999,35.860001,36.689999,3604100,27.87085
"2012-07-18",36.650002,37.669998,36.59,37.099998,2839200,28.182301
"2012-07-19",36.919998,37,35.5,35.599998,3758600,27.189426
"2012-07-20",35.18,35.439999,34.91,35.32,3290000,26.975574
"2012-07-23",34.790001,35.279999,34.5,35.02,3245900,26.746456
"2012-07-24",35.25,35.419998,34.610001,35.23,2351600,26.906837
"2012-07-25",35.599998,35.889999,34.869999,35.400002,3551300,27.036684
"2012-07-26",35.759998,36.060001,35.59,35.959999,2951300,27.464375
"2012-07-27",36.23,36.91,35.900002,36.52,6158600,27.892075
"2012-07-30",36.860001,37.650002,36.830002,37.650002,2830300,28.755106
"2012-07-31",37.740002,38.360001,37.509998,37.599998,6958400,28.71693
"2012-08-01",39.080002,40.18,37.779999,38.27,6639700,29.228636
"2012-08-02",37.939999,39.07,37.84,38.299999,4434800,29.251539
"2012-08-03",38.599998,39.849998,38.599998,39.669998,4516000,30.297884
"2012-08-06",39.939999,40.349998,39.77,40.07,3405100,30.60338
"2012-08-07",40.389999,40.830002,39.59,39.77,4636800,30.374254
"2012-08-08",39.599998,40.200001,39.459999,40.150002,4002600,30.664482
"2012-08-09",39.900002,40.599998,39.880001,40.32,2888200,30.794315
"2012-08-10",40.259998,40.43,39.75,40,2107700,30.549917
"2012-08-13",39.860001,40.349998,39.77,40.150002,2213500,30.664482
"2012-08-14",40.189999,40.450001,39.799999,39.93,2533900,30.496454
"2012-08-15",40.540001,40.66,39.93,40.360001,4009400,30.824869
"2012-08-16",40.529999,41.259998,40.369999,41.18,3862100,31.451145
"2012-08-17",41.619999,42.93,41.470001,42.77,5536300,32.665489
"2012-08-20",42.869999,43.450001,42.75,43.07,3809500,32.894634
"2012-08-21",43.380001,43.380001,41.490002,41.549999,4469400,31.733732
"2012-08-22",41.360001,41.529999,40.419998,41.48,4384500,31.680271
"2012-08-23",41.48,41.630001,41.049999,41.330002,1996300,31.565706
"2012-08-24",41.150002,41.540001,40.740002,41.360001,2562300,31.588614
"2012-08-27",41.43,42.389999,40.970001,41.07,3779200,31.367125
"2012-08-28",40.900002,42.470001,40.900002,41.959999,3770300,32.04686
"2012-08-29",41.900002,42.389999,41.650002,41.98,2674300,32.06213
"2012-08-30",41.790001,42.700001,41.619999,42.48,2523800,32.444023
"2012-08-31",42.700001,43,41.099998,42,5791200,32.077412
"2012-09-04",42.07,42.450001,41.48,42.41,2620700,32.390541
"2012-09-05",42.490002,42.580002,41.43,41.740002,2881800,31.878826
"2012-09-06",42.16,43.740002,42.16,43.419998,4222200,33.161922
"2012-09-07",43.48,44.310001,43.360001,44.259998,3458100,33.80349
"2012-09-10",43.93,44.849998,43.93,44.540001,4417300,34.017326
"2012-09-11",44.639999,46.099998,44.459999,45.59,6304700,34.819283
"2012-09-12",46.139999,47.41,46.040001,46.279999,5269800,35.346252
"2012-09-13",46.299999,46.849998,45.369999,46.639999,5292000,35.621201
"2012-09-14",47.16,48.220001,46.009998,46.73,6718600,35.689941
"2012-09-17",46.169998,46.970001,46,46.139999,4833400,35.23933
"2012-09-18",45.529999,45.779999,44.439999,45.52,6108200,34.765808
"2012-09-19",45.529999,46.599998,45.509998,45.57,3505400,34.803989
"2012-09-20",45.389999,46.310001,45.169998,45.779999,3233500,34.964378
"2012-09-21",46.040001,47.09,46.040001,46.82,5960500,35.758682
"2012-09-24",46.689999,46.919998,46.259998,46.740002,2453800,35.697571
"2012-09-25",47,47.299999,45.959999,45.98,2912200,35.117123
"2012-09-26",45.689999,46.330002,45.23,45.529999,3626000,34.773445
"2012-09-27",45.799999,46.740002,45.68,46.529999,3180100,35.537189
"2012-09-28",46.43,46.529999,46.02,46.369999,3253700,35.414982
"2012-10-01",46.599998,47.02,46.259998,46.560001,2785500,35.560104
"2012-10-02",46.68,46.959999,46.27,46.419998,2911900,35.453163
"2012-10-03",46.27,46.41,45,45.16,5392000,34.490856
"2012-10-04",45.59,45.66,45.080002,45.389999,6196000,34.666519
"2012-10-05",45.869999,47.68,45.759998,46.02,7658200,35.14769
"2012-10-08",45.959999,46.57,45.560001,45.93,3414600,35.078941
"2012-10-09",46.16,46.75,46.060001,46.09,3667800,35.201138
"2012-10-10",46.02,46.330002,44.689999,45.150002,5564600,34.483215
"2012-10-11",45.380001,45.650002,44.57,44.599998,4600600,34.252823
"2012-10-12",44.330002,44.619999,42.450001,43.919998,6634300,33.730579
"2012-10-15",43.849998,44.43,43.41,44.380001,2722000,34.083858
"2012-10-16",44.77,46.790001,44.599998,46.490002,5742000,35.704353
"2012-10-17",46.549999,47.220001,46.310001,46.650002,2842000,35.827221
"2012-10-18",46.619999,46.630001,45.389999,45.560001,3402300,34.990097
"2012-10-19",45.529999,46.09,44.549999,44.639999,3002400,34.283539
"2012-10-22",44.73,45.73,44.73,45.580002,3421700,35.005463
"2012-10-23",44.91,45.080002,43.93,44.919998,4079100,34.498581
"2012-10-24",45,45.650002,44.66,44.779999,3478700,34.39106
"2012-10-25",45.139999,45.450001,44.549999,45.029999,2903900,34.583057
"2012-10-26",45.57,47.619999,44.82,47.5,6123800,36.480022
"2012-10-31",47.82,48.400002,46.639999,47.16,4791200,36.218899
"2012-11-01",47,47.650002,46.389999,47.380001,4291500,36.387859
"2012-11-02",48.009998,48.150002,46.07,46.209999,2826000,35.489296
"2012-11-05",46.23,47.900002,46.23,47.759998,3024100,36.679707
"2012-11-06",48,51,47.860001,50.040001,8220800,38.430744
"2012-11-07",49.23,50.080002,48.75,49.459999,6708500,37.985302
"2012-11-08",49.34,49.970001,48.939999,49,3699100,37.632027
"2012-11-09",48.110001,48.560001,47.169998,47.41,5424200,36.410912
"2012-11-12",47.43,48.110001,47.279999,47.349998,2699200,36.364822
"2012-11-13",47,47.759998,46.560001,46.860001,3129100,35.988495
"2012-11-14",47.169998,47.459999,45.709999,45.759998,3542400,35.1437
"2012-11-15",45.529999,46.189999,44.939999,45.34,3805000,34.821136
"2012-11-16",45.560001,45.919998,44.950001,45.77,4591900,35.151382
"2012-11-19",46.400002,48.25,46.380001,48.119999,4339700,36.956177
"2012-11-20",48.189999,49.07,47.869999,49.060001,3492900,37.678097
"2012-11-21",49.32,49.650002,48.84,49.389999,3805700,37.931545
"2012-11-23",49.580002,50,49.41,49.82,1698700,38.261787
"2012-11-26",49.549999,49.98,49.07,49.560001,2943300,38.062096
"2012-11-27",49.509998,50.419998,49.009998,50.060001,4638900,38.446098
"2012-11-28",49.66,51.27,49.25,51,5404800,39.168026
"2012-11-29",51.200001,51.66,50.830002,51.560001,3951100,39.598103
"2012-11-30",51.68,52.529999,51.450001,52.369999,5323100,40.220173
"2012-12-03",52.650002,52.759998,51.02,51.560001,5670000,39.598103
"2012-12-04",51.48,52.240002,51.48,51.560001,3726600,39.598103
"2012-12-05",51.450001,51.950001,50.27,50.689999,3332400,38.929935
"2012-12-06",50.689999,51.209999,50.299999,50.970001,3405700,39.144978
"2012-12-07",51.189999,52.75,51.060001,52.34,4854900,40.197144
"2012-12-10",52.209999,54.32,52.200001,53.580002,7741300,41.149456
"2012-12-11",53.720001,53.919998,52.73,53.040001,5205500,40.734737
"2012-12-12",53.330002,53.5,52.939999,53.049999,8427100,40.742428
"2012-12-13",52.599998,52.599998,51.240002,52.209999,7136600,40.097301
"2012-12-14",52,53.540001,51.799999,53.470001,5120800,41.064987
"2012-12-17",53.560001,53.860001,53.18,53.52,4292300,41.103374
"2012-12-18",53.439999,53.700001,53,53.169998,3922800,40.834579
"2012-12-19",53.279999,53.380001,51.84,52.5,6409900,40.320026
"2012-12-20",52.580002,52.720001,51.700001,52.419998,4391700,40.258583
"2012-12-21",51.709999,52.380001,51.330002,52.16,5053600,40.058903
"2012-12-24",52.220001,52.400002,51.900002,51.970001,975200,39.912983
"2012-12-26",52.16,52.619999,51.32,51.360001,2322700,39.444492
"2012-12-27",51.5,51.709999,50.400002,51.560001,2885400,39.598103
"2012-12-28",51.060001,51.5,50.52,50.57,2999100,38.837784
"2012-12-31",50.400002,53.220001,50.400002,53.099998,4233600,40.780823
"2013-01-02",54.25,55.310001,53.23,55.259998,5229900,42.439709
"2013-01-03",55.029999,55.169998,52.869999,53.189999,5291900,40.849941
"2013-01-04",53.119999,53.68,52.290001,53.139999,4161100,40.811543
"2013-01-07",52.48,52.48,50.77,51.360001,6884000,39.444492
"2013-01-08",51.200001,51.779999,51.080002,51.59,3575600,39.62114
"2013-01-09",51.560001,52.150002,51.02,51.32,4429800,39.41378
"2013-01-10",51.639999,51.84,51.220001,51.509998,3403400,39.559704
"2013-01-11",51.279999,51.700001,50.360001,50.580002,4615800,38.845467
"2013-01-14",50.669998,51.419998,50.119999,51.349998,5000100,39.436817
"2013-01-15",51.349998,52.330002,51.200001,52.240002,4499600,40.120335
"2013-01-16",52.130001,54.549999,52.07,54.52,8024800,41.871387
"2013-01-17",54.98,55.830002,54.189999,55.150002,5976600,42.355217
"2013-01-18",55.209999,55.740002,54.580002,55.07,5998800,42.293785
"2013-01-22",55.240002,55.240002,53.919998,54.610001,4462000,41.940495
"2013-01-23",54.720001,56.189999,54.200001,55.52,4293900,42.639389
"2013-01-24",55.5,56.950001,55.369999,56.119999,4702100,43.100185
"2013-01-25",56.5,56.889999,56.110001,56.810001,3612300,43.6301
"2013-01-28",57.09,57.68,56.5,57.09,4055400,43.845139
"2013-01-29",58,60.450001,57.959999,59.880001,8446300,45.987877
"2013-01-30",62.380001,62.91,60.650002,60.759998,7922300,46.663708
"2013-01-31",60.369999,61.049999,59.91,60.57,5450400,46.517792
"2013-02-01",62,63.25,61.220001,62.75,4709200,48.192032
"2013-02-04",62.130001,62.25,61.16,61.220001,3796500,47.016987
"2013-02-05",61.720001,61.98,60.98,61.009998,4578900,46.855701
"2013-02-06",60.790001,62.5,60.709999,61.720001,5068700,47.400997
"2013-02-07",61.880001,63.34,61,63.259998,4392600,48.58371
"2013-02-08",63.41,65.239998,63.220001,64.019997,4745800,49.167385
"2013-02-11",64,64.660004,63.720001,64.18,3097900,49.290268
"2013-02-12",64.620003,64.779999,63.779999,64.43,3702400,49.482258
"2013-02-13",64.5,64.5,63.849998,64.110001,2777100,49.236511
"2013-02-14",63.77,64.919998,63.75,64.830002,3560000,49.789474
"2013-02-15",64.550003,65.379997,63.529999,64.169998,3787800,49.282593
"2013-02-19",63.669998,64.879997,63.66,64.760002,3091700,49.979496
"2013-02-20",64.75,64.949997,62.540001,62.639999,4847000,48.343353
"2013-02-21",62.32,62.919998,61.220001,62.290001,5032600,48.073235
"2013-02-22",62.779999,64.120003,62.509998,64.110001,3049300,49.477844
"2013-02-25",64.489998,64.739998,61.310001,61.34,4294800,47.340057
"2013-02-26",61.48,61.689999,59.939999,61.23,4346900,47.255161
"2013-02-27",61.299999,63.119999,61,62.990002,2581500,48.613468
"2013-02-28",62.860001,64.269997,62,62.959999,4226400,48.590313
"2013-03-01",62.709999,63.93,62.189999,63.900002,3150000,49.315777
"2013-03-04",63.84,65.739998,63.540001,65.68,3758500,50.68951
"2013-03-05",66.040001,66.050003,64.519997,65.769997,3920300,50.758991
"2013-03-06",66,66.970001,65.400002,66.050003,2929700,50.975075
"2013-03-07",65.889999,66.120003,64.790001,65.870003,3429800,50.836143
"2013-03-08",66.080002,66.279999,65.599998,66.029999,4045300,50.959633
"2013-03-11",65.900002,66.080002,63.939999,65.690002,4966800,50.697231
"2013-03-12",65.660004,66.400002,65.209999,66.220001,4134600,51.106266
"2013-03-13",65.879997,66.040001,64.199997,64.550003,4784800,49.817432
"2013-03-14",64.959999,65.449997,64.290001,64.949997,3832700,50.126129
"2013-03-15",64.489998,65.239998,64.110001,64.150002,5979000,49.50872
"2013-03-18",63.32,65.290001,63.009998,65.029999,3643900,50.18787
"2013-03-19",64.879997,66.349998,64.660004,65.410004,4124400,50.48114
"2013-03-20",66,68.440002,65.949997,67.540001,5087500,52.124989
"2013-03-21",67,67.839996,66.110001,66.82,3394800,51.569328
"2013-03-22",66.970001,67.790001,66.839996,67.550003,2650400,52.132725
"2013-03-25",67.940002,68.699997,66.650002,66.860001,3905300,51.600201
"2013-03-26",66.980003,67.410004,66.370003,67.239998,3243600,51.893475
"2013-03-27",67.129997,68.290001,66.459999,68.269997,3920600,52.688377
"2013-03-28",68.379997,70.519997,67.959999,69.970001,6211100,54.000401
"2013-04-01",70,70.190002,68.730003,69.360001,3015200,53.529606
"2013-04-02",70.169998,70.199997,66.709999,66.839996,5679900,51.584755
"2013-04-03",66.839996,66.879997,61.470001,62.459999,14028500,48.204426
"2013-04-04",62.57,63.950001,61.939999,62.389999,6139100,48.15041
"2013-04-05",61.259998,62.970001,60.200001,62.310001,5289600,48.088669
"2013-04-08",62.290001,63.799999,61.900002,63.619999,3969300,49.099686
"2013-04-09",63.950001,65.230003,62.860001,64.660004,4291500,49.902325
"2013-04-10",64.779999,65.209999,63.049999,63.860001,6005500,49.284904
"2013-04-11",63.810001,63.860001,61.810001,62.009998,6204800,47.857136
"2013-04-12",61.369999,61.740002,59.07,60.669998,8305100,46.822968
"2013-04-15",59.18,59.990002,57.080002,57.52,7897200,44.391922
"2013-04-16",58.150002,59.32,57.77,59.279999,5644000,45.750221
"2013-04-17",58.549999,58.790001,57.16,57.990002,4602100,44.754658
"2013-04-18",57.919998,58.540001,56.130001,57.23,4270200,44.168106
"2013-04-19",58.139999,58.139999,56.459999,57.84,5045100,44.638874
"2013-04-22",58.119999,60.34,58.07,59.43,3659300,45.86599
"2013-04-23",59.59,61.419998,59.360001,61.150002,5318500,47.19342
"2013-04-24",61.41,63.049999,61.310001,61.82,4771700,47.71051
"2013-04-25",62.040001,63.09,61.779999,61.900002,4384100,47.772247
"2013-04-26",61.849998,62.080002,61.139999,61.599998,3034700,47.54071
"2013-04-29",61.970001,62.299999,61.48,61.799999,3444900,47.695061
"2013-04-30",61.93,62.200001,60.02,60.950001,5457000,47.03907
"2013-05-01",61.110001,61.939999,59.549999,59.669998,5678600,46.051212
"2013-05-02",60.07,60.68,59.16,60.299999,4212400,46.537422
"2013-05-03",60.799999,62.66,60.490002,62.18,4548900,47.988346
"2013-05-06",62.490002,64.239998,62.32,63.869999,3682400,49.292614
"2013-05-07",64.25,65.339996,64.019997,64.480003,4676600,49.763401
"2013-05-08",64.230003,64.470001,62.849998,63.41,3664300,48.937603
"2013-05-09",63.23,63.27,61.880001,62.130001,3436900,47.949745
"2013-05-10",61.73,62.200001,61,61.380001,5059200,47.370926
"2013-05-13",61.130001,62.279999,60.389999,61.970001,3829500,47.826271
"2013-05-14",62.060001,64.18,62,64.080002,6212800,49.454704
"2013-05-15",63.73,65.480003,63.73,64.949997,5621700,50.126129
"2013-05-16",64.709999,65.410004,63.720001,63.84,3994700,49.508053
"2013-05-17",64.199997,65.919998,64.18,65.459999,5521600,50.764362
"2013-05-20",65.32,66.849998,65.32,65.959999,4531600,51.152107
"2013-05-21",66.099998,66.709999,64.889999,65.419998,4505200,50.733345
"2013-05-22",65.300003,66.620003,64.800003,65.389999,4482700,50.710075
"2013-05-23",64.440002,65.559998,63.900002,65.25,2380300,50.601509
"2013-05-24",64.769997,65.5,63.799999,65.470001,2518400,50.772121
"2013-05-28",66.389999,66.980003,65.919998,66.519997,2792000,51.586391
"2013-05-29",66.209999,67.339996,65.650002,66.839996,3135200,51.834553
"2013-05-30",66.349998,67.110001,65.68,66.769997,2896400,51.780285
"2013-05-31",66.639999,67.889999,66.279999,66.57,3506400,51.625179
"2013-06-03",67.040001,67.089996,64.279999,66.080002,4022900,51.24519
"2013-06-04",65.800003,66.18,64.300003,65.18,2890200,50.547226
"2013-06-05",64.940002,65.349998,63.529999,63.610001,3064900,49.329685
"2013-06-06",63.68,65.150002,63.349998,65,2637300,50.407631
"2013-06-07",65.440002,66.199997,65.18,65.870003,2774600,51.082317
"2013-06-10",65.93,66.389999,65.010002,65.110001,2372500,50.492943
"2013-06-11",64.050003,64.730003,63.700001,63.959999,3202200,49.601109
"2013-06-12",64.879997,65.209999,63.18,63.310001,3967600,49.097034
"2013-06-13",63.09,64.82,62.369999,64.510002,3336300,50.027645
"2013-06-14",64.709999,64.970001,63.77,63.810001,1833900,49.484783
"2013-06-17",64.199997,64.690002,63.98,64.260002,3341200,49.833767
"2013-06-18",64.480003,65,64.25,64.389999,2336900,49.934582
"2013-06-19",64.269997,64.870003,63.509998,63.630001,3341500,49.345184
"2013-06-20",62.580002,62.689999,60.060001,60.389999,5087000,46.832565
"2013-06-21",61.02,61.23,58.060001,59.25,6354700,45.948494
"2013-06-24",58.459999,58.77,56.84,57.189999,4938400,44.35096
"2013-06-25",58.290001,59.709999,58.290001,59.41,3453600,46.072586
"2013-06-26",60.099998,60.959999,59.560001,59.720001,2706600,46.312984
"2013-06-27",60.32,60.41,58.450001,59.220001,3883300,45.925236
"2013-06-28",59.139999,59.75,58.77,58.91,3573800,45.684822
"2013-07-01",59.240002,60.240002,58.669998,58.900002,3486700,45.677071
"2013-07-02",58.849998,59.209999,56.610001,57.080002,4998500,44.265652
"2013-07-03",56.75,57.709999,54.799999,57.68,6190900,44.730965
"2013-07-05",57.84,57.889999,55.41,57.240002,3653200,44.389748
"2013-07-08",57.709999,59.169998,57.639999,58.75,3067800,45.560745
"2013-07-09",59.02,59.369999,58.41,58.509998,3271200,45.374615
"2013-07-10",58.41,58.630001,55.939999,56.09,5874000,43.497906
"2013-07-11",57.049999,57.900002,56.02,57.759998,5355200,44.792999
"2013-07-12",56.900002,59.639999,56.900002,59.09,6108800,45.824406
"2013-07-15",59.450001,59.849998,58.779999,59.23,4202400,45.932983
"2013-07-16",59.209999,59.419998,57.150002,57.639999,6289800,44.699936
"2013-07-17",57.82,58.419998,57.099998,58.040001,3527400,45.010139
"2013-07-18",58.189999,58.279999,56.709999,56.919998,4328100,44.141586
"2013-07-19",57.439999,57.830002,56.720001,57.490002,3960500,44.583614
"2013-07-22",57.880001,58.450001,57.18,57.959999,4093500,44.948101
"2013-07-23",58.470001,59.709999,58.349998,59.490002,3938200,46.134628
"2013-07-24",59.650002,59.650002,57.700001,58.84,4041900,45.63055
"2013-07-25",58.68,59.700001,58.240002,59.419998,4551000,46.080334
"2013-07-26",59.25,59.84,58.709999,59,2603600,45.75462
"2013-07-29",59,59.290001,58.57,58.959999,852400,45.723595
"2013-07-30",59.049999,59.25,57.91,58.470001,4076700,45.343601
"2013-07-31",57.32,61.970001,57.130001,61.5,8186700,47.693375
"2013-08-01",61.869999,61.91,60.32,60.52,3918500,46.933384
"2013-08-02",60.130001,60.130001,58.07,58.41,5612800,45.297085
"2013-08-05",58.279999,58.299999,57.299999,57.799999,4125100,44.824024
"2013-08-06",57.639999,59.150002,57.639999,58.310001,4863300,45.219532
"2013-08-07",58.240002,58.689999,57.560001,57.959999,3824100,44.948101
"2013-08-08",58.02,59.360001,57.900002,59,3254800,45.75462
"2013-08-09",59,59.310001,58.57,58.919998,3178500,45.692589
"2013-08-12",58.439999,58.98,57.720001,58.169998,3295100,45.110966
"2013-08-13",58.389999,59.189999,58,59.09,3180300,45.824406
"2013-08-14",59,59.18,58.380001,58.790001,2358500,45.834549
"2013-08-15",58.27,58.43,57.040001,57.150002,3495300,44.555958
"2013-08-16",56.889999,56.990002,56.07,56.299999,3478700,43.893272
"2013-08-19",56.279999,56.849998,55.25,55.34,3212100,43.144817
"2013-08-20",55.23,57.689999,54.900002,57.009998,3870800,44.446796
"2013-08-21",56.73,58.490002,56.299999,57.950001,3784200,45.179668
"2013-08-22",57.98,58.869999,57.52,58.110001,3009300,45.304398
"2013-08-23",58.450001,59.240002,57.939999,58.110001,2951800,45.304398
"2013-08-26",58.169998,59.09,57.880001,58.130001,2843800,45.32
"2013-08-27",57.709999,58,57.09,57.099998,2979300,44.516972
"2013-08-28",57.200001,58.299999,57.200001,58.029999,2220300,45.242043
"2013-08-29",57.869999,58.470001,57.380001,57.720001,2119000,45.000351
"2013-08-30",57.950001,58.5,56.950001,57.099998,2661100,44.516972
"2013-09-03",57.759998,58.439999,57.330002,58.110001,3045700,45.304398
"2013-09-04",57.919998,59.32,57.580002,59.029999,4079400,46.021664
"2013-09-05",58.68,59.099998,57.790001,57.799999,3849800,45.062717
"2013-09-06",57.91,58.110001,56.900002,57.419998,2800400,44.766445
"2013-09-09",57.07,57.919998,57.02,57.470001,3102600,44.805447
"2013-09-10",57.439999,57.439999,56.68,56.790001,3476500,44.275299
"2013-09-11",56.830002,57.029999,56.060001,56.93,2597300,44.384434
"2013-09-12",56.990002,57.34,56.330002,56.450001,2662700,44.010212
"2013-09-13",56.639999,57.73,56.57,57.130001,2420800,44.540367
"2013-09-16",57.619999,57.700001,56.709999,56.830002,2521900,44.306473
"2013-09-17",56.709999,56.799999,55.810001,56.049999,3885000,43.698368
"2013-09-18",56.049999,57.5,56.02,57.25,3873300,44.63393
"2013-09-19",58.34,59.209999,57.900002,58.150002,4667700,45.335583
"2013-09-20",58.209999,59.299999,57.689999,57.93,4944400,45.164066
"2013-09-23",57.73,57.73,56.900002,57.41,3067700,44.758667
"2013-09-24",57.240002,58.549999,57.029999,57.77,3430500,45.039341
"2013-09-25",57.82,58.549999,57.529999,58.049999,3049500,45.257629
"2013-09-26",58.009998,59,58.009998,58.48,2709400,45.592869
"2013-09-27",58.099998,58.869999,58.099998,58.529999,3027700,45.631851
"2013-09-30",58.009998,58.09,56.880001,57.82,4407300,45.078304
"2013-10-01",57.650002,58.220001,57.189999,57.900002,2600600,45.140675
"2013-10-02",57.59,59.310001,57.330002,59.18,4150400,46.138607
"2013-10-03",58.860001,59.830002,58.599998,59.560001,4244400,46.434872
"2013-10-04",59,59.349998,58.389999,59.169998,3550700,46.130806
"2013-10-07",58.759998,58.900002,57.900002,57.900002,3345300,45.140675
"2013-10-08",57.919998,58.09,56.5,56.889999,4211400,44.353245
"2013-10-09",56.82,57.279999,56.509998,56.900002,3466300,44.361046
"2013-10-10",57.669998,58.790001,57.619999,58.57,4396700,45.663029
"2013-10-11",58.549999,60.810001,58.470001,59.93,5680300,46.723331
"2013-10-14",59.57,60.720001,59.25,60.48,2891900,47.152122
"2013-10-15",60.389999,60.849998,59.34,59.5,3602600,46.388096
"2013-10-16",60.02,60.75,59.860001,60.73,2993300,47.347038
"2013-10-17",60.57,62.389999,60.5,62.220001,3405000,48.508698
"2013-10-18",62.509998,63.5,62.25,63.48,3813800,49.491024
"2013-10-21",63.77,64.190002,63.490002,63.91,2985500,49.826271
"2013-10-22",64.339996,65.239998,64.160004,64.879997,4264700,50.582497
"2013-10-23",64.370003,65.400002,64.330002,64.660004,4215000,50.411003
"2013-10-24",64.540001,64.599998,62.700001,63.23,4248900,49.296116
"2013-10-25",63.32,63.720001,62.75,63.400002,2206800,49.428661
"2013-10-28",63.77,64.419998,63.139999,63.279999,3067700,49.335094
"2013-10-29",63.389999,64.32,63.23,64.139999,3213300,50.005592
"2013-10-30",64.099998,65.639999,63.049999,65.230003,4687500,50.855385
"2013-10-31",64.980003,65.529999,64.410004,64.43,3786300,50.231682
"2013-11-01",64.470001,64.830002,63.290001,64.129997,2746900,49.997784
"2013-11-04",64.279999,64.540001,63.389999,64.440002,2728600,50.239468
"2013-11-05",64.25,64.809998,63.619999,64.269997,3184100,50.106934
"2013-11-06",64.75,65.559998,64.150002,64.360001,2979500,50.177094
"2013-11-07",64.279999,64.860001,63.619999,63.84,3084200,49.771698
"2013-11-08",63.919998,65.389999,63.66,65.360001,3252600,50.95673
"2013-11-11",65.150002,65.580002,64.790001,65.489998,2437700,51.05809
"2013-11-12",64.93,66.230003,64.830002,65.410004,3229900,51.301216
"2013-11-13",65.279999,66.059998,64.529999,66.050003,3427000,51.803181
"2013-11-14",66.239998,68.360001,66.230003,67.559998,4088500,52.987473
"2013-11-15",67.300003,67.620003,66.519997,67.099998,4106300,52.626694
"2013-11-18",67.620003,68.050003,67.050003,67.209999,2723300,52.712963
"2013-11-19",67.139999,68.540001,66.919998,67.769997,3246100,53.152168
"2013-11-20",68.220001,68.389999,66.800003,67.029999,2923500,52.571785
"2013-11-21",67.059998,67.639999,65.839996,67.5,2933400,52.940403
"2013-11-22",67.849998,68.800003,67.540001,68.480003,3108000,53.709038
"2013-11-25",68.480003,69.349998,68.129997,68.639999,2808300,53.834515
"2013-11-26",68.790001,69.230003,68.129997,68.75,3094400,53.920784
"2013-11-27",68.599998,71,68.400002,70.120003,4526400,54.995277
"2013-11-29",70.029999,70.720001,69.410004,69.610001,1688100,54.595295
"2013-12-02",70,71.75,69.669998,71.360001,3900900,55.967812
"2013-12-03",71.059998,71.269997,69.540001,70.599998,4299300,55.371746
"2013-12-04",69.699997,70.480003,68.330002,69.589996,5377100,54.579609
"2013-12-05",69.82,70.5,69.169998,69.730003,3978800,54.689415
"2013-12-06",70.330002,72.5,70,71.239998,5174200,55.873703
"2013-12-09",72.300003,73.169998,71.699997,71.830002,4297300,56.33643
"2013-12-10",71.25,72.440002,69.540001,71.610001,4233700,56.163902
"2013-12-11",71.639999,71.690002,70.290001,70.849998,3890300,55.567833
"2013-12-12",70.800003,71.690002,70.440002,71.220001,2773000,55.858032
"2013-12-13",71.25,72.019997,70.57,71.599998,2711400,56.156055
"2013-12-16",71.68,73.260002,71.529999,72.610001,2741600,56.948193
"2013-12-17",72.610001,73.269997,72.25,72.599998,2438200,56.940357
"2013-12-18",72.559998,74.120003,72.209999,73.980003,3960900,58.022709
"2013-12-19",73.550003,74.389999,72.699997,72.919998,3505000,57.191326
"2013-12-20",73.199997,74.529999,73.050003,74.029999,4906800,58.061909
"2013-12-23",74.5,75.389999,74.279999,74.410004,2556800,58.35994
"2013-12-24",74.739998,74.970001,74.290001,74.739998,1065000,58.618759
"2013-12-26",75,75.290001,74.68,75.120003,1187000,58.916801
"2013-12-27",75.139999,75.18,74.190002,74.75,1688800,58.626617
"2013-12-30",75.010002,75.599998,74.690002,74.720001,2252200,58.603077
"2013-12-31",75.269997,77.290001,75.18,77.129997,2993900,60.493248
"2014-01-02",77.169998,77.32,76.360001,76.449997,2846700,59.959923
"2014-01-03",76.360001,76.989998,76.150002,76.290001,1958200,59.834431
"2014-01-06",76.510002,77.489998,76.400002,77.010002,2815600,60.399132
"2014-01-07",77.07,77.830002,76.669998,77.019997,4005700,60.406963
"2014-01-08",77.25,77.410004,76.150002,76.870003,4492200,60.289341
"2014-01-09",77.010002,78.25,76.879997,78.129997,4187400,61.277554
"2014-01-10",78.389999,79,77.239998,78,3019900,61.175602
"2014-01-13",78.199997,78.199997,75.489998,75.809998,3046300,59.457954
"2014-01-14",76.150002,76.709999,75.800003,76.489998,3359100,59.991291
"2014-01-15",76.5,76.529999,74.75,75.540001,3697800,59.246185
"2014-01-16",75.309998,75.730003,74.669998,75.389999,3231900,59.128559
"2014-01-17",74.870003,76.620003,74.849998,76.019997,3901600,59.622665
"2014-01-21",76.029999,77.400002,76.029999,76.900002,2792000,60.312855
"2014-01-22",77.300003,77.599998,76.089996,77.099998,2748300,60.469707
"2014-01-23",77.519997,78.099998,76.040001,77.199997,4105600,60.548138
"2014-01-24",76.220001,76.349998,73.599998,74.440002,4712700,58.383472
"2014-01-27",74.57,75.699997,73.779999,74.900002,3408300,58.744251
"2014-01-28",73.919998,75.459999,73.919998,75.080002,2792000,58.885433
"2014-01-29",74.029999,76.900002,70.809998,74.18,5942000,58.17955
"2014-01-30",74.440002,74.970001,73.370003,73.559998,4595300,57.693283
"2014-01-31",73.099998,74.580002,72.75,73.089996,5799800,57.324661
"2014-02-03",73.120003,73.580002,71.139999,71.360001,5620300,55.967812
"2014-02-04",71.510002,71.75,68.779999,71.139999,4647500,55.795258
"2014-02-05",70.75,71.550003,69.110001,70.669998,6071000,55.426659
"2014-02-06",71.300003,73.620003,70.889999,73.300003,5388900,57.489376
"2014-02-07",73.699997,74.43,72.910004,74.279999,3310400,58.257977
"2014-02-10",74.349998,74.690002,72.029999,72.269997,3743600,56.68153
"2014-02-11",72.300003,74.260002,72.239998,74.089996,3711500,58.108967
"2014-02-12",74.169998,74.599998,73.360001,73.639999,3045200,57.756042
"2014-02-13",72.75,74.919998,72.629997,74.650002,3234400,58.859898
"2014-02-14",74.470001,75.980003,74.260002,75.93,2408700,59.869156
"2014-02-18",76.209999,76.989998,75.269997,75.379997,2813700,59.435482
"2014-02-19",75.220001,76.949997,75.019997,75.269997,3700300,59.348755
"2014-02-20",75.019997,75.760002,74.75,75.290001,3164800,59.364532
"2014-02-21",75.080002,75.690002,74.809998,74.949997,3210500,59.096436
"2014-02-24",75.010002,77.769997,75.010002,76.25,3631400,60.121483
"2014-02-25",76.230003,78.309998,75.900002,77.529999,4201700,61.130703
"2014-02-26",77.440002,77.93,76.449997,76.760002,3384100,60.523594
"2014-02-27",76.480003,76.800003,74.330002,74.739998,5635900,58.930859
"2014-02-28",74.779999,78.889999,74.379997,74.860001,4209000,59.025478
"2014-03-03",74.650002,75.769997,74.370003,74.860001,2672200,59.025478
"2014-03-04",75.550003,76.199997,74.900002,76.080002,2380300,59.987419
"2014-03-05",75.800003,76.93,75.449997,76.809998,2815300,60.563019
"2014-03-06",76.980003,78.790001,76.949997,78.139999,3699300,61.611683
"2014-03-07",78.5,78.779999,77.349998,78.080002,2243500,61.564384
"2014-03-10",78,79.199997,77.82,78.660004,2371900,62.021709
"2014-03-11",78.629997,79.379997,78.010002,79.080002,3068100,62.352859
"2014-03-12",79.089996,80.290001,79.059998,80,3437700,63.078251
"2014-03-13",80.07,80.389999,77.720001,78.139999,3439100,61.611683
"2014-03-14",78.029999,79.410004,78,78.690002,2751000,62.045364
"2014-03-17",78.860001,79.720001,78.739998,79.349998,2640700,62.56575
"2014-03-18",79.32,80.360001,78.910004,80.349998,3002000,63.354206
"2014-03-19",80.239998,80.25,77.919998,78.43,2894800,61.840347
"2014-03-20",78.07,78.959999,77.529999,78.5,3108200,61.895546
"2014-03-21",80.120003,80.120003,77.82,77.949997,4624400,61.461876
"2014-03-24",78.370003,78.699997,77.019997,77.419998,3287000,61.043991
"2014-03-25",77.239998,78.739998,77.239998,78.199997,3040600,61.659008
"2014-03-26",78.470001,78.800003,76.919998,77.209999,2657000,60.878403
"2014-03-27",77.290001,77.669998,76.730003,76.860001,3430600,60.602417
"2014-03-28",77,77.400002,76.510002,76.650002,3014100,60.436867
"2014-03-31",77.300003,77.559998,76.870003,77.059998,3071500,60.760136
"2014-04-01",77.220001,79.639999,76.93,79.580002,4031200,62.747089
"2014-04-02",79.169998,79.5,77.889999,79.239998,3083000,62.479015
"2014-04-03",79.669998,80.910004,79.669998,80.599998,3319400,63.551373
"2014-04-04",81.010002,81.43,79.150002,79.57,3315400,62.73922
"2014-04-07",79.099998,79.949997,77.879997,77.949997,3224400,61.461876
"2014-04-08",78.059998,78.669998,77.010002,77.559998,3338900,61.154362
"2014-04-09",78.029999,78.709999,77.230003,78.330002,2515700,61.761501
"2014-04-10",78.269997,79.379997,76.669998,76.690002,3875400,60.468399
"2014-04-11",76.629997,78.059998,76.18,76.75,5550200,60.51569
"2014-04-14",77.110001,78.029999,76.639999,78.010002,2673900,61.50919
"2014-04-15",77.760002,78.709999,76.739998,78.68,3647700,62.037457
"2014-04-16",79.419998,81.150002,78.629997,81.110001,3800900,63.953468
"2014-04-17",80.669998,81.349998,80,80.279999,4512100,63.299015
"2014-04-21",80.360001,82.150002,80.190002,81.82,2938800,64.513298
"2014-04-22",81.330002,82.470001,80.730003,81.980003,2987200,64.63945
"2014-04-23",81.849998,82.949997,81.5,82.300003,2077200,64.891747
"2014-04-24",82.599998,83.050003,81.760002,82.57,2592200,65.104652
"2014-04-25",82.529999,83.099998,82.029999,82.589996,2544900,65.120415
"2014-04-28",82.889999,84.400002,81.870003,84.050003,3864300,66.271591
"2014-04-29",84.529999,84.849998,83.339996,83.75,2732500,66.035049
"2014-04-30",83.910004,84.5,83.110001,83.220001,2860200,65.617149
"2014-05-01",83.269997,84.669998,83.089996,84.050003,2602300,66.271591
"2014-05-02",83.989998,84.550003,83.43,83.529999,2095700,65.861588
"2014-05-05",83.139999,83.989998,82.650002,83.93,2101300,66.176987
"2014-05-06",84.129997,85.419998,83.660004,84.260002,2669000,66.437172
"2014-05-07",84.669998,85.25,83.470001,85.029999,2584100,67.044304
"2014-05-08",84.209999,84.75,82.489998,82.919998,3057500,65.380615
"2014-05-09",82.720001,83.190002,80.82,81.910004,3687700,64.584244
"2014-05-12",82.639999,84.080002,82.559998,83.540001,3181100,65.869484
"2014-05-13",83.779999,84.739998,83.470001,84.260002,2566700,66.437172
"2014-05-14",84.059998,84.68,82.959999,83.559998,3143600,65.885231
"2014-05-15",83.010002,83.010002,81.290001,82.010002,11581500,65.052338
"2014-05-16",81.849998,82.370003,81.230003,81.860001,2305200,64.933372
"2014-05-19",81.989998,83.099998,81.860001,82.730003,2907900,65.623489
"2014-05-20",82.449997,83.239998,81.860001,81.970001,2316600,65.020622
"2014-05-21",82.239998,82.620003,80.900002,81.589996,6323700,64.719208
"2014-05-22",81.690002,82.860001,81.589996,82.379997,2433300,65.345856
"2014-05-23",82.349998,82.709999,82.029999,82.029999,2540600,65.068214
"2014-05-27",82.260002,82.410004,81.459999,82.18,3004300,65.18721
"2014-05-28",82.050003,83.449997,82.040001,82.989998,3488700,65.829712
"2014-05-29",83.239998,84.410004,82.82,84.32,2451600,66.884705
"2014-05-30",84.360001,85.120003,84.169998,84.790001,4139400,67.257523
"2014-06-02",84.989998,85.449997,84.410004,85.239998,2520000,67.614479
"2014-06-03",84.889999,85.18,84.379997,84.540001,2335700,67.059235
"2014-06-04",84.059998,84.660004,83.550003,83.699997,2449600,66.392891
"2014-06-05",84.07,84.639999,83.419998,83.519997,3736300,66.250107
"2014-06-06",83.949997,84.599998,83.550003,84.360001,2492800,66.916443
"2014-06-09",84.18,84.510002,83.339996,83.730003,2308600,66.416695
"2014-06-10",83.599998,83.900002,82.440002,82.830002,2394900,65.702797
"2014-06-11",82.360001,83.160004,82.190002,82.889999,2355300,65.750397
"2014-06-12",83.370003,83.709999,82.43,82.800003,2879000,65.679008
"2014-06-13",82.800003,83.57,82.400002,83.489998,4330000,66.226326
"2014-06-16",83.519997,83.650002,82.940002,83.440002,2279700,66.186653
"2014-06-17",83.010002,84.099998,82.5,84.07,2965900,66.686394
"2014-06-18",83.879997,84.550003,82.93,84.5,2617000,67.027481
"2014-06-19",84.709999,85.540001,84.620003,85.260002,2950200,67.630333
"2014-06-20",85.589996,86.279999,85.25,85.940002,7281900,68.169731
"2014-06-23",86.25,86.82,85.919998,86.330002,2316700,68.479103
"2014-06-24",86.019997,87.050003,84.669998,84.940002,2801900,67.376511
"2014-06-25",80.949997,82.660004,79.160004,81.360001,10144700,64.536751
"2014-06-26",81.919998,82.459999,81.089996,82.099998,5304200,65.123741
"2014-06-27",81.68,82.07,81.019997,81.489998,5490200,64.63987
"2014-06-30",81.059998,81.190002,80.050003,80.43,3392600,63.799053
"2014-07-01",80.599998,80.830002,79.940002,80.599998,3127100,63.933937
"2014-07-02",80.639999,81.510002,80.599998,81,2437000,64.251175
"2014-07-03",81.199997,81.949997,81,81.5,1712300,64.64782
"2014-07-07",81.330002,81.440002,79.940002,80.5,2226500,63.854588
"2014-07-08",80.309998,80.529999,79.029999,79.279999,3010600,62.886833
"2014-07-09",79.660004,80.190002,78.529999,79.809998,3278400,63.30724
"2014-07-10",78.720001,80.089996,78.690002,79.730003,2722600,63.24382
"2014-07-11",79.550003,80.550003,79.510002,80.290001,2235200,63.688011
"2014-07-14",80.879997,80.900002,79.629997,79.949997,8384700,63.418316
"2014-07-15",79.739998,81.5,79.419998,81.120003,8653600,64.346375
"2014-07-16",81.209999,81.870003,80.410004,80.839996,2888000,64.124275
"2014-07-17",80.400002,80.980003,79.400002,79.540001,2370200,63.093086
"2014-07-18",79.910004,81.040001,79.449997,80.860001,3127200,64.140137
"2014-07-21",80.400002,80.800003,80,80.160004,2102800,63.584888
"2014-07-22",80.739998,81.150002,80.239998,80.5,2733900,63.854588
"2014-07-23",80.550003,81.730003,80.449997,81.269997,2118400,64.465347
"2014-07-24",81.730003,82.830002,81.300003,82.099998,3517400,65.123741
"2014-07-25",82.139999,82.870003,81.830002,82.650002,2064000,65.560028
"2014-07-28",83,83,81.660004,82.610001,2359500,65.52829
"2014-07-29",82.919998,83.25,82.470001,82.470001,3163300,65.417252
"2014-07-30",82.190002,83.410004,81.309998,81.720001,2664700,64.822311
"2014-07-31",81.139999,82.510002,80.559998,81.110001,3120000,64.338455
"2014-08-01",80.620003,81.010002,79.25,80.540001,4488000,63.886318
"2014-08-04",80.809998,82.040001,80.239998,81.879997,2934400,64.949242
"2014-08-05",81.440002,81.650002,80.580002,81.010002,2735500,64.259109
"2014-08-06",80.75,82.900002,80.75,82.279999,2730200,65.266518
"2014-08-07",82.5,83.029999,81.169998,81.519997,2532100,64.663666
"2014-08-08",82,83.169998,81.309998,83.050003,2290400,65.877312
"2014-08-11",83.510002,83.849998,82.300003,82.389999,2293700,65.35379
"2014-08-12",82.580002,82.93,82.139999,82.559998,2113300,65.488625
"2014-08-13",82.559998,82.879997,81.970001,82.779999,2411200,66.063232
"2014-08-14",82.949997,83.910004,82.550003,83.690002,2849900,66.789467
"2014-08-15",83.849998,84.370003,83.5,83.790001,4763500,66.869286
"2014-08-18",84.269997,86.080002,84.269997,85.610001,3347700,68.321739
"2014-08-19",85.610001,86.400002,85.339996,86.089996,2676900,68.704796
"2014-08-20",85.989998,86.790001,85.650002,86.599998,2128300,69.111794
"2014-08-21",86.699997,86.720001,86.010002,86.239998,1767600,68.824486
"2014-08-22",86.050003,86.279999,85.470001,86.089996,1633900,68.704796
"2014-08-25",86.379997,87.099998,86.120003,86.900002,1903500,69.351227
"2014-08-26",86.870003,87.099998,86.260002,86.669998,1869300,69.167664
"2014-08-27",86.699997,87,86.029999,86.440002,1824500,68.984123
"2014-08-28",86.029999,86.919998,85.82,86.610001,1188200,69.119797
"2014-08-29",86.580002,87.150002,86.449997,87.019997,2150300,69.447006
"2014-09-02",86.910004,87.199997,86.019997,86.949997,2376000,69.391129
"2014-09-03",87.199997,87.980003,86.800003,87.239998,2881000,69.622581
"2014-09-04",87.220001,87.870003,86.540001,86.879997,3332000,69.335274
"2014-09-05",86.940002,87.660004,86.059998,87.510002,2236800,69.838051
"2014-09-08",87.449997,87.599998,87.019997,87.059998,2060200,69.478928
"2014-09-09",87,87.540001,85.949997,86.470001,2486700,69.008064
"2014-09-10",86.129997,86.410004,83.900002,85.139999,4590100,67.946655
"2014-09-11",84.580002,85.110001,83.57,84.010002,3313500,67.044838
"2014-09-12",83.879997,84.239998,82.550003,83.019997,2782700,66.254753
"2014-09-15",83.040001,84.019997,82.690002,83.900002,2412600,66.957054
"2014-09-16",83.779999,86.68,83.5,85.779999,5220300,68.457382
"2014-09-17",85.940002,86.379997,85.290001,85.690002,4135200,68.38559
"2014-09-18",85.709999,86.389999,85.370003,85.889999,3497400,68.545197
"2014-09-19",86.040001,86.379997,85.580002,85.75,3614200,68.433456
"2014-09-22",85.5,85.529999,83.690002,83.839996,2576400,66.909157
"2014-09-23",83.849998,84.849998,83.139999,83.260002,2168700,66.446297
"2014-09-24",82.949997,83.339996,81.610001,82.690002,2514100,65.991409
"2014-09-25",82.830002,82.830002,81.739998,81.739998,2420500,65.233246
"2014-09-26",81.599998,82.519997,81.599998,82.230003,3274500,65.624298
"2014-09-29",81.370003,82.300003,81.080002,81.769997,2073500,65.257187
"2014-09-30",81.5,81.879997,80.68,81.309998,5197200,64.890083
"2014-10-01",81.309998,82,79.559998,79.629997,4192300,63.549358
"2014-10-02",79.18,79.389999,75.940002,77.760002,8948800,62.056973
"2014-10-03",78.230003,78.279999,77.040001,77.639999,4846200,61.961216
"2014-10-06",77.699997,78.120003,76.699997,77.349998,2580100,61.729771
"2014-10-07",77.589996,78.800003,77.150002,77.349998,3654200,61.729771
"2014-10-08",77.830002,79.209999,76.519997,79.160004,4384500,63.174267
"2014-10-09",78.970001,79.370003,76.559998,76.610001,3570400,61.139217
"2014-10-10",76.75,77.730003,74.809998,76.32,4702000,60.907742
"2014-10-13",75.980003,77.139999,72.849998,73.050003,5176000,58.29813
"2014-10-14",73.519997,74.160004,70.110001,70.589996,9368900,56.334915
"2014-10-15",69.82,70.860001,66.239998,67.889999,11400000,54.180157
"2014-10-16",67.459999,70.519997,66.120003,69.709999,8930400,55.632622
"2014-10-17",70.690002,73.150002,70.190002,72.209999,8218500,57.627747
"2014-10-20",71.760002,72.900002,71.660004,72.349998,3495500,57.739468
"2014-10-21",74.349998,77.080002,72.93,76.809998,6745200,61.298828
"2014-10-22",76.75,77.550003,75.349998,75.389999,5186800,60.165585
"2014-10-23",76.419998,77.07,75.959999,76.120003,3218500,60.748154
"2014-10-24",76.150002,76.57,74.849998,76.489998,2924800,61.043449
"2014-10-27",75.650002,76.110001,74.529999,75.480003,4295500,60.237408
"2014-10-28",75.849998,77.720001,75.169998,77.529999,7580200,61.873413
"2014-10-29",78.559998,78.970001,75.610001,76.389999,4319500,60.963623
"2014-10-30",76.349998,77.57,75.629997,77.400002,3747000,61.769695
"2014-10-31",77.699997,78.760002,76.650002,78.5,3848500,62.647545
"2014-11-03",78.459999,78.849998,76.379997,76.68,5523700,61.195068
"2014-11-04",76.019997,76.440002,73.480003,74.489998,6013000,59.447338
"2014-11-05",74.900002,76.370003,73.68,74.739998,5429500,59.646835
"2014-11-06",75.18,75.639999,74.32,75.419998,4054400,60.189522
"2014-11-07",75.300003,75.589996,74.279999,74.699997,5464000,59.614922
"2014-11-10",75,75.599998,74.379997,74.5,3332200,59.455311
"2014-11-11",74.889999,75.150002,73.230003,73.639999,3976000,58.768993
"2014-11-12",72.970001,74.209999,72.849998,73.040001,3703800,58.688641
"2014-11-13",72.629997,72.720001,70.220001,70.830002,5418400,56.912861
"2014-11-14",70.940002,71.839996,70.800003,71.779999,7638900,57.676189
"2014-11-17",71.790001,73.120003,71.790001,72.779999,4327600,58.47971
"2014-11-18",73.150002,74.540001,72.82,73.959999,4730000,59.427864
"2014-11-19",74.139999,76.080002,73.790001,75.769997,4721100,60.882214
"2014-11-20",75.519997,77.989998,75.5,77.830002,4789900,62.537449
"2014-11-21",79.010002,80.32,78.220001,79.419998,5331200,63.815044
"2014-11-24",79.129997,79.900002,79.059998,79.419998,2976700,63.815044
"2014-11-25",79.760002,80.169998,79.019997,79.540001,3458700,63.911465
"2014-11-26",79.57,79.650002,78.699997,79.279999,4383900,63.702549
"2014-11-28",78.410004,78.599998,72.760002,73.019997,5301900,58.67255
"2014-12-01",73,73.730003,71.07,71.860001,7524300,57.740475
"2014-12-02",71.75,74.290001,71.75,73.760002,5166700,59.267159
"2014-12-03",73.809998,75.260002,73.790001,74.830002,3270600,60.126923
"2014-12-04",74.330002,75.239998,73.620003,74.970001,3904000,60.239403
"2014-12-05",74.82,75.190002,72.919998,73.019997,4252400,58.67255
"2014-12-08",72.230003,72.629997,68.709999,68.93,6709000,55.386196
"2014-12-09",68.559998,69.129997,67.559998,68.809998,5270200,55.289776
"2014-12-10",67.629997,68.349998,66.419998,67.110001,5589700,53.923786
"2014-12-11",67.110001,68.120003,66.620003,66.82,4743700,53.690773
"2014-12-12",66.300003,67.120003,65.309998,65.68,4427800,52.774765
"2014-12-15",66.650002,67.419998,64.870003,65.089996,9156000,52.300697
"2014-12-16",64.599998,68.629997,64.019997,67.040001,6209400,53.867538
"2014-12-17",66.779999,69.150002,66.620003,68.360001,4530100,54.928204
"2014-12-18",69.900002,70.300003,66.830002,69.029999,5258500,55.466534
"2014-12-19",69.599998,71.889999,69.080002,71.809998,6677000,57.700294
"2014-12-22",71.059998,71.650002,70.300003,71.230003,3540100,57.234276
"2014-12-23",71.489998,72.730003,71.300003,72.559998,3717500,58.302959
"2014-12-24",72.099998,72.589996,71.309998,72.099998,2090100,57.933338
"2014-12-26",72.339996,73.339996,72.099998,72.650002,1842900,58.375267
"2014-12-29",73.010002,73.370003,72.099998,72.82,2980000,58.511852
"2014-12-30",72.800003,73.610001,72.190002,72.919998,3144000,58.592197
"2014-12-31",72.699997,73.029999,71.660004,71.699997,2565400,57.611908
"2015-01-02",71.610001,72.449997,70.949997,72.290001,2545200,58.086002
"2015-01-05",71.239998,71.589996,67.139999,67.919998,5886000,54.574642
"2015-01-06",67.660004,68.760002,66.019997,66.019997,5793500,53.047962
"2015-01-07",66.769997,67.889999,65.900002,66.309998,5556700,53.280975
"2015-01-08",67.099998,68.900002,66.599998,68.889999,5432700,55.35405
"2015-01-09",68.309998,68.5,66.699997,67.309998,4438000,54.084488
"2015-01-12",66.480003,66.519997,63.830002,64.239998,5232300,51.617706
"2015-01-13",64.309998,64.790001,61.369999,61.5,8886400,49.41608
"2015-01-14",60.639999,60.98,57.330002,59.419998,11611100,47.744766
"2015-01-15",60.240002,60.5,58.68,59.09,5531100,47.47961
"2015-01-16",59,61.080002,59,60.830002,4978600,48.877731
"2015-01-20",61.790001,63.709999,61.09,63.619999,7995200,51.119537
"2015-01-21",64.269997,66.620003,63.700001,66.25,7109000,53.232773
"2015-01-22",66.839996,67.589996,65.970001,67.309998,5501500,54.084488
"2015-01-23",67.470001,69.190002,66.970001,68.519997,4667600,55.056747
"2015-01-26",68.639999,69.040001,67.610001,68.400002,4149700,54.960331
"2015-01-27",67.699997,69.779999,67.519997,69.599998,4407900,55.924545
"2015-01-28",69.800003,70.059998,68.32,68.370003,6039300,54.936218
"2015-01-29",69.949997,70.690002,68.650002,70.480003,5810100,56.631638
"2015-01-30",69.730003,71.269997,68.839996,70.32,5793200,56.503063
"2015-02-02",71.309998,72.800003,70.07,72.800003,4818900,58.495781
"2015-02-03",73.720001,74.940002,73.330002,74.879997,6683000,60.167099
"2015-02-04",73.830002,75.129997,72.769997,74.419998,5353000,59.797478
"2015-02-05",75.300003,75.889999,74.330002,75.209999,3014400,60.432251
"2015-02-06",75.32,76.620003,75.099998,76.099998,3592200,61.147385
"2015-02-09",76.269997,76.620003,75.690002,75.93,2783100,61.01078
"2015-02-10",75.199997,75.860001,73.839996,75.669998,3340600,60.801868
"2015-02-11",74.93,75.010002,73.339996,74.190002,4125600,59.612671
"2015-02-12",74.730003,75.32,74.080002,75.110001,2812700,60.761406
"2015-02-13",75.760002,76.650002,75.32,76.620003,3479200,61.982948
"2015-02-17",76.379997,77.279999,75.870003,76.900002,3523800,62.209431
"2015-02-18",76.010002,76.610001,75.480003,75.949997,3997800,61.440929
"2015-02-19",75.470001,77.879997,74.940002,77.43,4599000,62.638184
"2015-02-20",77.519997,78.169998,76.269997,77.339996,4566600,62.56538
"2015-02-23",76.75,79.459999,76.75,79.330002,3785500,64.175247
"2015-02-24",79.709999,80.07,78.330002,80,4442900,64.717239
"2015-02-25",79.879997,80.589996,78.910004,79.089996,2959700,63.981071
"2015-02-26",78.989998,80.18,78.379997,80.059998,4279900,64.765785
"2015-02-27",80.099998,80.440002,78.440002,78.459999,4296600,63.471432
"2015-03-02",78.459999,78.459999,76.169998,77,5976200,62.290348
"2015-03-03",77.529999,78.379997,77.480003,78.089996,3361500,63.172108
"2015-03-04",77.699997,78.080002,77.080002,77.959999,2199900,63.066944
"2015-03-05",78.199997,78.349998,76.860001,76.879997,2721700,62.193268
"2015-03-06",76.160004,77.300003,75.139999,75.360001,3681700,60.963638
"2015-03-09",75.440002,77.470001,75.440002,76.290001,3630500,61.715973
"2015-03-10",75.839996,75.839996,74.019997,74.029999,3496400,59.887711
"2015-03-11",74.279999,75,74.160004,74.550003,2422400,60.308372
"2015-03-12",75.099998,75.910004,74.010002,74.160004,2960800,59.992878
"2015-03-13",74.139999,74.760002,73.540001,74.639999,2848900,60.381191
"2015-03-16",74.32,76.32,74.059998,76.290001,2471600,61.715973
"2015-03-17",75.589996,76.290001,74.739998,75.949997,2634300,61.440929
"2015-03-18",75.639999,78.589996,75.349998,78.120003,4731200,63.196388
"2015-03-19",77.220001,77.870003,76.690002,77.510002,2647400,62.70293
"2015-03-20",77.699997,78.879997,77,78.860001,5172300,63.795029
"2015-03-23",79,79.489998,78.519997,78.529999,2747400,63.528065
"2015-03-24",78.379997,78.529999,77.379997,77.629997,2198400,62.799969
"2015-03-25",78.589996,80.080002,78.330002,79,4135100,63.908283
"2015-03-26",79.699997,79.93,78.400002,78.440002,2035800,63.455254
"2015-03-27",78.610001,78.839996,77.32,77.610001,1979000,62.78381
"2015-03-30",78.260002,80.040001,78.150002,79.559998,3035700,64.361298
"2015-03-31",78.449997,79.389999,78.400002,78.599998,2715700,63.58469
"2015-04-01",79.07,80.300003,78.940002,79.940002,3257500,64.668709
"2015-04-02",79.279999,80.07,77.940002,78.169998,4424700,63.236835
"2015-04-06",78.489998,79.330002,77.82,78.550003,3260600,63.544243
"2015-04-07",78.639999,78.849998,77.699997,77.769997,2776100,62.913242
"2015-04-08",78.059998,78.800003,77.169998,77.410004,2352500,62.622028
"2015-04-09",77.279999,77.910004,76.800003,77.809998,3572700,62.94561
"2015-04-10",78,78.540001,77.559998,78.339996,2306300,63.374336
"2015-04-13",78.449997,78.480003,76.43,76.93,3996800,62.233734
"2015-04-14",77.580002,78.239998,77.279999,77.830002,3443900,62.961777
"2015-04-15",77.949997,79.18,77.900002,78.940002,2989800,63.859734
"2015-04-16",78.82,79.470001,78.129997,79.239998,2545700,64.102417
"2015-04-17",78.669998,78.779999,77.75,78.010002,2411000,63.107414
"2015-04-20",78.260002,79.660004,78.120003,79.300003,2620100,64.150955
"2015-04-21",79.300003,79.639999,78.699997,79.5,2458100,64.312759
"2015-04-22",79.919998,81.07,79.339996,80.919998,2822400,65.461502
"2015-04-23",81.139999,81.720001,80.839996,81.230003,2919000,65.71228
"2015-04-24",81.379997,81.839996,80.900002,81.589996,2067000,66.003487
"2015-04-27",81.870003,81.93,81.010002,81.07,2040000,65.58284
"2015-04-28",81.230003,81.989998,81.050003,81.610001,2265000,66.019676
"2015-04-29",81.43,81.940002,80.889999,81,2855600,65.526207
"2015-04-30",80.900002,81.169998,78.900002,79.309998,4829400,64.159058
"2015-05-01",79.410004,81.660004,79.139999,81.610001,3061900,66.019676
"2015-05-04",82,82.190002,80.739998,80.839996,2833700,65.396759
"2015-05-05",81.099998,81.400002,80.349998,80.440002,2279300,65.073181
"2015-05-06",80.550003,80.699997,79.610001,79.82,3398700,64.571625
"2015-05-07",79.800003,80.120003,78.910004,79.940002,4047600,64.668709
"2015-05-08",80.400002,81.82,79.440002,81.629997,3008900,66.035843
"2015-05-11",81.980003,81.980003,80.260002,80.540001,2406400,65.154076
"2015-05-12",80.279999,80.800003,79.650002,80.5,2245800,65.121742
"2015-05-13",80.949997,81.18,80.110001,80.769997,2343100,65.340141
"2015-05-14",80.410004,81.68,80.400002,81.629997,2658400,66.496887
"2015-05-15",81.540001,81.540001,80.860001,81.050003,2046500,66.024437
"2015-05-18",81.110001,81.559998,80.519997,81.330002,2015000,66.252518
"2015-05-19",80.900002,81.099998,80.230003,80.699997,2549200,65.739311
"2015-05-20",80.739998,81.220001,80.139999,80.519997,2551000,65.59269
"2015-05-21",80.690002,81.379997,80.269997,81,2289400,65.983688
"2015-05-22",80.620003,81.080002,80.510002,80.970001,1735000,65.959251
"2015-05-26",80.169998,80.379997,78.870003,79.360001,3202900,64.647728
"2015-05-27",79.82,80.379997,78.870003,79.190002,3368500,64.509239
"2015-05-28",78.940002,79.669998,77.980003,79.559998,3302200,64.810646
"2015-05-29",79.559998,80.540001,78.900002,79.120003,3734300,64.452202
"2015-06-01",79.550003,80.25,79.199997,79.349998,3007400,64.639572
"2015-06-02",79.379997,79.5,78.470001,79.099998,3281600,64.435921
"2015-06-03",78.790001,78.860001,77.720001,78.300003,3198400,63.784229
"2015-06-04",77.709999,78.07,77.18,77.379997,2623000,63.034779
"2015-06-05",77.239998,78.610001,77.169998,78.050003,1934400,63.580566
"2015-06-08",77.110001,77.760002,76.839996,77.18,3344500,62.871845
"2015-06-09",77.339996,77.809998,76.730003,76.790001,3383300,62.554176
"2015-06-10",77.410004,78.349998,77.18,77.800003,3600200,63.376934
"2015-06-11",77.980003,79.290001,77.480003,78.669998,3126400,64.085632
"2015-06-12",78.160004,78.339996,76.940002,77.650002,2574600,63.254745
"2015-06-15",77.699997,78.089996,77.160004,78.080002,2546600,63.605015
"2015-06-16",78,78.440002,77.269997,78.389999,2511000,63.85754
"2015-06-17",79.150002,79.660004,77.919998,78.839996,2799100,64.224136
"2015-06-18",78.910004,80.480003,78.800003,80.029999,2508100,65.193512
"2015-06-19",79.580002,80.620003,79.580002,79.669998,3030700,64.900246
"2015-06-22",80.019997,80.019997,78.940002,79.599998,3153000,64.843216
"2015-06-23",79.800003,80.599998,79.559998,80.309998,2453100,65.421608
"2015-06-24",79.699997,80.120003,78.959999,79.190002,3106400,64.509239
"2015-06-25",79.190002,79.519997,78.800003,78.889999,2347100,64.264854
"2015-06-26",78.800003,79.669998,78.559998,79.620003,8753600,64.859543
"2015-06-29",78.75,79.410004,78.459999,78.489998,4888300,63.939007
"2015-06-30",79.239998,81.360001,79.18,80.559998,4628100,65.625267
"2015-07-01",80.639999,81.860001,80.519997,81.300003,3779600,66.228081
"2015-07-02",81.470001,82.18,81,81.449997,3388900,66.350266
"2015-07-06",80.389999,81.790001,79.75,81.540001,3978700,66.423576
"2015-07-07",81.980003,82.629997,79.919998,82.349998,4170700,67.083405
"2015-07-08",81.849998,81.860001,78.059998,78.5,4513100,63.947151
"2015-07-09",79.599998,80,79.190002,79.449997,3839200,64.721024
"2015-07-10",79.860001,81.839996,79.660004,81.489998,3236100,66.382835
"2015-07-13",82.050003,84.239998,82.050003,83.419998,4148900,67.955055
"2015-07-14",82.889999,84.389999,82.889999,83.519997,4884500,68.036514
"2015-07-15",82.790001,83.349998,81.419998,81.769997,3737700,66.610931
"2015-07-16",82.419998,83.440002,82.019997,83.209999,3017300,67.783997
"2015-07-17",83.209999,83.300003,82.099998,83.239998,2502100,67.808426
"2015-07-20",83.129997,83.25,82.239998,82.330002,3095200,67.067146
"2015-07-21",82.300003,83,81.480003,81.980003,2215000,66.782013
"2015-07-22",81.839996,82.860001,81.199997,81.830002,3725600,66.659805
"2015-07-23",82.110001,82.480003,81.220001,81.389999,2110100,66.301399
"2015-07-24",81.339996,81.559998,78.300003,79.029999,5377100,64.378922
"2015-07-27",78,78.040001,75.440002,76.720001,7687900,62.497147
"2015-07-28",76.800003,79.07,76.419998,78.650002,4784200,64.069351
"2015-07-29",78.550003,80.18,78.440002,80.029999,4380000,65.193512
"2015-07-30",79.489998,79.980003,78.379997,79.120003,4040100,64.452202
"2015-07-31",78.470001,80.629997,77.910004,79.5,3615800,64.761772
"2015-08-03",78.669998,80.220001,78.25,78.68,4085500,64.093773
"2015-08-04",79.110001,79.440002,78.089996,78.260002,3601300,63.751637
"2015-08-05",79.57,80.449997,78.190002,78.279999,3102700,63.767948
"2015-08-06",78.449997,79.860001,77.940002,79.639999,4605300,64.875816
"2015-08-07",79.269997,80.610001,78.970001,79.620003,2969400,64.859543
"2015-08-10",80.07,82.529999,80,82.519997,3876700,67.221909
"2015-08-11",81.07,83.809998,80.900002,83.699997,3584100,68.183144
"2015-08-12",83.370003,84.849998,82.129997,84.32,5037900,68.688194
"2015-08-13",83.199997,84.400002,82.489998,83.080002,4177400,68.130562
"2015-08-14",82.699997,83.519997,81.82,82.300003,3277000,67.490929
"2015-08-17",81.919998,83.129997,81.660004,83.059998,2586100,68.114166
"2015-08-18",82.68,83.57,82.379997,83.25,2516800,68.269974
"2015-08-19",82.699997,82.93,80.370003,80.800003,4913600,66.260834
"2015-08-20",80.239998,81.779999,79.419998,79.529999,3737800,65.219345
"2015-08-21",78.690002,79.080002,75.669998,75.739998,7353200,62.111324
"2015-08-24",71.93,73.82,69.790001,71.660004,7050100,58.765484
"2015-08-25",73.620003,74.120003,70.400002,70.550003,4731500,57.855217
"2015-08-26",72.5,73.370003,70.559998,73.300003,4573100,60.110397
"2015-08-27",75.029999,76.540001,73.169998,75.019997,5814300,61.520901
"2015-08-28",75.139999,77.260002,75.099998,77.230003,4889900,63.333241
"2015-08-31",79.5,80.139999,77.279999,79.07,8614300,64.842125
"2015-09-01",78.129997,78.419998,76.809998,77.589996,5302200,63.628445
"2015-09-02",79.139999,79.18,76.849998,78.559998,3621900,64.423897
"2015-09-03",79.099998,80.059998,77.769997,78.459999,3358300,64.341888
"2015-09-04",77.5,78.010002,76.709999,77.199997,4266100,63.308613
"2015-09-08",78.209999,79.970001,77.010002,79.879997,6212500,65.506378
"2015-09-09",80.059998,82.75,79.959999,80.650002,6346100,66.137817
"2015-09-10",81.209999,82.07,80.110001,81.019997,4424900,66.441231
"2015-09-11",80.830002,80.980003,79.720001,80.599998,3950700,66.096825
"2015-09-14",80.529999,80.529999,78.050003,78.209999,4261200,64.136864
"2015-09-15",78.400002,79.639999,77.730003,79.209999,4053900,64.956932
"2015-09-16",79.400002,79.589996,78.25,79.190002,4018400,64.940544
"2015-09-17",79.480003,80.760002,78.379997,79.309998,4060300,65.038948
"2015-09-18",78.089996,79.559998,77.800003,78.589996,12950800,64.448494
"2015-09-21",78.809998,80.5,78.480003,79.260002,3399100,64.997948
"2015-09-22",78.120003,78.75,77.760002,78.169998,2957200,64.104073
"2015-09-23",78.550003,79.529999,77.82,77.849998,2485200,63.841652
"2015-09-24",77.610001,78.419998,76.510002,77.650002,3727500,63.677654
"2015-09-25",78.18,78.800003,77.260002,77.940002,3193100,63.915455
"2015-09-28",77.459999,78.07,73.93,74.110001,4161900,60.774639
"2015-09-29",74.809998,75.989998,74.25,74.510002,4335400,61.102673
"2015-09-30",76.209999,77.279999,75.449997,76.839996,3901000,63.013405
"2015-10-01",77.629997,78.480003,76.519997,77.93,3044000,63.907265
"2015-10-02",77.110001,79.480003,76.449997,79.480003,2467100,65.178368
"2015-10-05",79.940002,82.290001,79.879997,81.82,3449600,67.09729
"2015-10-06",81.709999,83.489998,81.620003,82.580002,5355200,67.720543
"2015-10-07",82.93,83.790001,81.260002,83.239998,4013700,68.261772
"2015-10-08",82.970001,84.870003,82.370003,84.580002,3179500,69.360649
"2015-10-09",84.610001,84.790001,82.510002,83.519997,3104300,68.491386
"2015-10-12",83.75,84,82.730003,83.870003,1791100,68.778419
"2015-10-13",83,83.959999,82.010002,82.160004,3322200,67.376122
"2015-10-14",82.160004,83.400002,81.669998,82.470001,2172100,67.630341
"2015-10-15",83.029999,83.889999,81.860001,83.489998,2289700,68.466782
"2015-10-16",84.029999,84.769997,83.440002,84.120003,2679000,68.983406
"2015-10-19",83.419998,83.699997,81.480003,81.620003,3054100,66.933289
"2015-10-20",81.32,81.830002,80.080002,81.599998,2896000,66.91687
"2015-10-21",81.879997,81.900002,80.230003,80.5,2347500,66.014832
"2015-10-22",81.330002,82.849998,80.730003,82.610001,3323800,67.745132
"2015-10-23",82.610001,84.449997,82.410004,83.349998,2522900,68.351982
"2015-10-26",83.309998,83.68,82.410004,83,3124300,68.064957
"2015-10-27",82.339996,83.559998,82.059998,83.559998,2595800,68.524193
"2015-10-28",83.690002,85.330002,83.339996,84.889999,2672500,69.614868
"2015-10-29",84.519997,86.919998,84.519997,86.43,3568900,70.877754
"2015-10-30",88.32,90.82,87.300003,89.050003,7125400,73.026329
"2015-11-02",88.389999,91.5,88.300003,90.599998,4939700,74.297417
"2015-11-03",90.720001,93.290001,90.18,92.669998,3636600,75.994949
"2015-11-04",93,94.120003,92.5,93.330002,3933900,76.536186
"2015-11-05",93.339996,93.949997,92.610001,93.68,3115200,76.823204
"2015-11-06",93.209999,93.720001,92.040001,92.75,2447100,76.060555
"2015-11-09",92.75,94,91.389999,92.010002,2730500,75.453705
"2015-11-10",91.389999,92.940002,90.910004,92.099998,2299200,75.989998
"2015-11-11",91.809998,92.720001,90.410004,90.589996,2590000,74.744125
"2015-11-12",89.959999,89.959999,88.410004,89.239998,2692300,73.630257
"2015-11-13",89.260002,89.959999,87.919998,89.080002,3080000,73.498245
"2015-11-16",88.980003,91.099998,88.330002,91.07,2743500,75.140175
"2015-11-17",90.769997,91.980003,90.489998,91.120003,2306700,75.181427
"2015-11-18",91.279999,92.720001,91.260002,92.540001,1857500,76.353027
"2015-11-19",92.360001,92.980003,91.629997,92.379997,2367400,76.221046
"2015-11-20",92.550003,92.989998,91.519997,91.669998,2758700,75.635201
"2015-11-23",90.489998,92.5,90.480003,92.169998,2725700,76.04776
"2015-11-24",92.099998,93.910004,91.540001,93.129997,2807400,76.839836
"2015-11-25",93.07,94.059998,92.760002,92.769997,1949500,76.542809
"2015-11-27",92.290001,93.309998,92.110001,92.760002,769900,76.534546
"2015-11-30",93.089996,93.459999,91.339996,91.529999,4113100,75.519699
"2015-12-01",92.330002,92.949997,91.209999,92.669998,2580500,76.46032
"2015-12-02",92.160004,93,90.080002,90.440002,3024700,74.620369
"2015-12-03",91,91.279999,88.199997,88.57,2834600,73.077469
"2015-12-04",90.349998,90.669998,88.699997,90.199997,3025900,74.422363
"2015-12-07",88.620003,89.459999,85.720001,86.690002,5261600,71.526299
"2015-12-08",85.57,87.43,85.110001,86.449997,3427300,71.328293
"2015-12-09",86.510002,87.849998,85.199997,86.089996,2916800,71.031265
"2015-12-10",86.480003,87.550003,85.68,86.75,2694500,71.575821
"2015-12-11",85.459999,85.910004,82.519997,82.779999,4232800,68.300247
"2015-12-14",82.32,82.830002,80.279999,81.400002,5113500,67.161629
"2015-12-15",82.419998,83.300003,81.419998,81.779999,5233100,67.475166
"2015-12-16",81.550003,83.400002,81.550003,83.059998,3981600,68.53125
"2015-12-17",83,83.339996,81.760002,81.779999,3147700,67.475166
"2015-12-18",81.5,81.779999,79.68,80.559998,6246600,66.468567
"2015-12-21",81.019997,81.269997,79.470001,80.620003,2809400,66.518074
"2015-12-22",80.919998,82.279999,80.669998,81.699997,2623100,67.409172
"2015-12-23",82.709999,84.849998,82.139999,84.800003,3113800,69.966919
"2015-12-24",84.529999,84.980003,83.809998,84.360001,1054200,69.603882
"2015-12-28",83.18,83.559998,81.910004,82.459999,1690500,68.036217
"2015-12-29",83.720001,83.870003,82.580002,82.769997,1906100,68.291985
"2015-12-30",82.309998,83.410004,81.870003,82.010002,1527700,67.664932
"2015-12-31",81.5,82.410004,81.209999,81.800003,2095800,67.491669
"2016-01-04",81.209999,81.889999,79.360001,80.080002,3251400,66.072533
"2016-01-05",80.370003,81.190002,80.050003,81,2849900,66.831612
"2016-01-06",79.120003,80,77.599998,78.029999,4273300,64.381096
"2016-01-07",76.669998,78.110001,75.949997,76.449997,6358000,63.077477
"2016-01-08",76.919998,77.18,75.150002,75.209999,6010000,62.054379
"2016-01-11",75.860001,77.510002,74.370003,76.18,4356000,62.854706
"2016-01-12",76.709999,78.379997,76,77.82,5370100,64.207855
"2016-01-13",78.910004,78.93,74.540001,75.25,6500200,62.087376
"2016-01-14",75.93,80.080002,74.32,79.279999,5363500,65.412453
"2016-01-15",76.919998,78.599998,76.610001,78.470001,5343200,64.744148
"2016-01-19",80.379997,80.639999,77.480003,78.669998,4574300,64.909157
"2016-01-20",76.900002,78.209999,75.370003,76.93,5169900,63.473518
"2016-01-21",76.709999,77.230003,75.290001,76.040001,4360700,62.739204
"2016-01-22",78.449997,80.900002,77.599998,80.029999,4035600,66.031281
"2016-01-25",79.07,79.739998,76.169998,76.230003,4273700,62.895969
"2016-01-26",76.910004,77.800003,76.190002,77.760002,3177200,64.15834
"2016-01-27",77.139999,79.769997,76.419998,77.730003,4782100,64.133598
"2016-01-28",79.239998,80,77,78.699997,5161000,64.933922
"2016-01-29",78.099998,80.230003,75.800003,80.150002,7448400,66.130302
"2016-02-01",79.68,80.660004,77.82,79.480003,4487700,65.577469
"2016-02-02",78.580002,79.440002,77.800003,78.5,4295400,64.768898
"2016-02-03",79.510002,79.940002,76.760002,79.099998,7337500,65.263939
"2016-02-04",79.089996,80.919998,78.599998,79.879997,5657700,65.907516
"2016-02-05",79.629997,80.480003,77.919998,78.330002,4650400,64.628624
"2016-02-08",78.330002,78.330002,73.300003,76.279999,7979800,62.937202
"2016-02-09",75.769997,76.620003,74.669998,75.440002,4348600,62.244156
"2016-02-10",76.019997,77.099998,74.669998,75.290001,5693400,62.120388
"2016-02-11",73.529999,75.040001,71.739998,72.900002,7720800,60.599171
"2016-02-12",74,75.32,73.839996,75.199997,4217700,62.511074
"2016-02-16",76.760002,78.279999,75.860001,78.25,5690300,65.046425
"2016-02-17",79.089996,80.889999,78.879997,80.589996,4464600,66.991592
"2016-02-18",81.339996,81.75,78.889999,79.440002,4609000,66.035629
"2016-02-19",78.75,80.18,78.389999,80.089996,3173500,66.575951
"2016-02-22",80.089996,81.419998,80.089996,80.870003,3278100,67.224342
"2016-02-23",80.400002,80.610001,78.529999,78.559998,3323400,65.304131
"2016-02-24",77.519997,79.150002,77.349998,79.089996,3667200,65.74469
"2016-02-25",79.25,79.330002,77.620003,78.760002,3297200,65.470375
"2016-02-26",79.519997,80.190002,78.919998,79.099998,2490100,65.753006
"2016-02-29",79.400002,80.379997,78.93,79.389999,3106400,65.994087
"2016-03-01",80.010002,83.790001,79.699997,83.410004,6029000,69.33577
"2016-03-02",83.150002,84.639999,82.839996,84.57,3585500,70.300034
"2016-03-03",84.940002,86.580002,84.550003,86.089996,3831300,71.563538
"2016-03-04",86.5,86.599998,84.839996,85.779999,2891100,71.305862
"2016-03-07",85.379997,87.830002,85.07,87.410004,3741800,72.660812
"2016-03-08",86.889999,87.75,84.75,84.800003,3514400,70.491219
"2016-03-09",85.519997,87.230003,85.199997,86.089996,3076700,71.563538
"2016-03-10",86.07,86.07,84.120003,85.43,2464600,71.014915
"2016-03-11",86.25,86.730003,85.110001,86.43,2914700,71.846176
"2016-03-14",85.669998,86.5,85.290001,86.18,2028600,71.638344
"2016-03-15",85,86.669998,84.900002,86.599998,2208900,71.98748
"2016-03-16",86.629997,87.900002,86.370003,87.57,2351800,72.793808
"2016-03-17",88.010002,88.660004,86.440002,88.379997,2463500,73.46714
"2016-03-18",88.800003,89.650002,88.129997,89.410004,5398200,74.323341
"2016-03-21",89.150002,89.959999,89.110001,89.690002,2170200,74.556107
"2016-03-22",89.620003,90.870003,89.029999,90.160004,2171400,74.946815
"2016-03-23",89.940002,89.940002,87.879997,88.120003,2012500,73.251007
"2016-03-24",86.970001,88.120003,86.57,88.059998,2547300,73.201126
"2016-03-28",87.870003,88.129997,87.07,87.489998,2083500,72.727303
"2016-03-29",86.800003,87.730003,86.019997,87.43,1974600,72.677437
"2016-03-30",88.190002,88.610001,86.980003,87.620003,1850900,72.835373
"2016-03-31",87.269997,87.809998,86.209999,86.589996,2810600,71.979164
"2016-04-01",85.599998,85.959999,84.879997,85.669998,2639100,71.214417
"2016-04-04",85.699997,86.660004,85.290001,85.730003,1817400,71.264305
"2016-04-05",85.080002,85.690002,84.209999,84.809998,2126100,70.499542
"2016-04-06",85.349998,85.620003,83.260002,85.019997,3172000,70.67408
"2016-04-07",84.599998,85.019997,83.830002,84.510002,1751800,70.25016
"2016-04-08",85.800003,86.809998,85.269997,86.059998,2741300,71.538612
"2016-04-11",86.5,86.849998,84.559998,84.580002,2158100,70.308342
"2016-04-12",84.669998,86.089996,84.059998,85.980003,2587500,71.472107
"2016-04-13",86.480003,87.099998,85.800003,87.010002,2089200,72.328308
"2016-04-14",87.110001,87.629997,86.57,86.919998,1735400,72.253494
"2016-04-15",86.660004,86.660004,84.849998,84.849998,2723400,70.532768
"2016-04-18",84.849998,85.730003,83.910004,85.650002,2454600,71.197769
"2016-04-19",85.720001,86.5,85.290001,86.419998,1935800,71.837868
"2016-04-20",85.910004,87.209999,84.809998,86.690002,2344300,72.062286
"2016-04-21",86.839996,87.650002,86.080002,87.400002,2270700,72.652496
"2016-04-22",87.639999,88.459999,87.379997,87.980003,2038900,73.134644
"2016-04-25",87.900002,88.239998,86.889999,87.93,1730700,73.093079
"2016-04-26",88.449997,88.849998,87.82,88.400002,1654800,73.48378
"2016-04-27",88.849998,89.309998,88.010002,88.949997,2451700,73.940948
"2016-04-28",88.360001,89.059998,87.339996,87.790001,3039000,72.976692
"2016-04-29",85.209999,86.029999,81.150002,82.110001,7296800,68.255127
"2016-05-02",82.440002,82.5,79.980003,82.199997,4486800,68.329895
"2016-05-03",80.699997,80.980003,79.449997,80.010002,4397100,66.50946
"2016-05-04",79.900002,80.389999,78.489998,79.32,2996800,65.93589
"2016-05-05",80.019997,80.82,78.440002,79.080002,2830500,65.736389
"2016-05-06",78.709999,80.18,78.269997,78.519997,3802800,65.270859
"2016-05-09",78.5,78.529999,76.879997,78.32,3064600,65.104607
"2016-05-10",78.760002,79.690002,78.660004,79.25,2236500,65.877693
"2016-05-11",79.160004,80.360001,78.620003,79.389999,2652200,65.994087
"2016-05-12",80,80.099998,77.839996,78.25,2603500,65.046425
"2016-05-13",78.25,79.139999,77.910004,78.339996,3029400,65.121246
"2016-05-16",78.220001,78.800003,77.199997,78.68,3107000,65.934105
"2016-05-17",78.559998,79.300003,78.040001,78.309998,2235800,65.624039
"2016-05-18",78.290001,79.480003,77.720001,78.129997,2508400,65.473206
"2016-05-19",77.550003,77.959999,76.68,77.650002,2240900,65.070976
"2016-05-20",78.150002,78.459999,77.489998,77.900002,2352300,65.280464
"2016-05-23",77.510002,78.629997,77.400002,77.82,2498900,65.213425
"2016-05-24",78.599998,80,78.489998,79.699997,3454500,66.788872
"2016-05-25",80.089996,80.470001,79.470001,80.129997,2917400,67.149216
"2016-05-26",80.419998,80.599998,79.120003,80.040001,3572100,67.073792
"2016-05-27",80.050003,80.800003,79.75,80.629997,2319000,67.568222
"2016-05-31",80.900002,81.080002,79.860001,80.360001,5908500,67.341957
"2016-06-01",79.900002,80.959999,79.389999,80.849998,3022500,67.752571
"2016-06-02",80.57,81.43,80.519997,80.830002,2303700,67.735809
"2016-06-03",80.610001,80.889999,79.389999,80.129997,2985100,67.149216
"2016-06-06",80.610001,80.769997,80.080002,80.760002,2185000,67.677155
"2016-06-07",80.870003,81.580002,80.540001,81.32,2708400,68.146423
"2016-06-08",81.580002,82.419998,81.010002,82.370003,3595800,69.026352
"2016-06-09",81.650002,81.889999,80.879997,81.129997,3298200,67.987221
"2016-06-10",80.25,80.660004,79.629997,80.07,2341400,67.098923
"2016-06-13",79.730003,79.940002,78.669998,78.800003,3347700,66.034668
"2016-06-14",78.629997,79.339996,77.629997,78.900002,2638700,66.118477
"2016-06-15",78.629997,79.970001,78.110001,79.139999,2321700,66.319595
"2016-06-16",78.470001,79.57,78.099998,79.43,1867400,66.562607
"2016-06-17",79.339996,79.459999,78.279999,78.5,4086500,65.783279
"2016-06-20",79.529999,80.239998,78.959999,79.059998,2748300,66.252548
"2016-06-21",79.300003,79.580002,78.230003,79.349998,2331100,66.495583
"2016-06-22",79.370003,80.300003,79.150002,79.540001,1842100,66.654793
"2016-06-23",80.019997,80.870003,79.599998,80.870003,2097300,67.769348
"2016-06-24",78.290001,79.739998,78.290001,78.620003,6031800,65.883835
"2016-06-27",78.190002,78.519997,76.400002,76.900002,3474000,64.442467
"2016-06-28",78,78.790001,77.07,78.75,2479000,65.992775
"2016-06-29",79.209999,80.010002,79.080002,79.699997,2348700,66.788872
"2016-06-30",79.400002,79.489998,77.709999,79.339996,3505600,66.487175
"2016-07-01",79.07,79.910004,78.959999,79.779999,2661000,66.855927
"2016-07-05",78.970001,79.32,77.400002,77.93,3063900,65.305588
"2016-07-06",77.260002,77.330002,74.839996,76.370003,5344900,63.998325
"2016-07-07",76.589996,77.099998,73.669998,74.269997,6056100,62.238506
"2016-07-08",74.540001,75.470001,74.059998,74.849998,4058200,62.724548
"2016-07-11",74.849998,75.580002,74.760002,75.209999,2704900,63.026241
"2016-07-12",75.989998,77.190002,75.720001,76.400002,3309200,64.023445
"2016-07-13",76.080002,76.510002,74.82,76.25,3586500,63.89777
"2016-07-14",76.360001,76.809998,76.059998,76.610001,2901000,64.19944
"2016-07-15",76.910004,76.910004,75.5,75.660004,2977600,63.403332
"2016-07-18",75.769997,76.07,75,75.650002,2418400,63.394966
"2016-07-19",75.730003,75.940002,75.32,75.739998,2018000,63.470371
"2016-07-20",75.739998,76.019997,75,75.339996,2144500,63.135178
"2016-07-21",75.550003,76.169998,74.949997,75.120003,2631000,62.950821
"2016-07-22",75.120003,75.400002,74.610001,75.389999,1688300,63.177074
"2016-07-25",75.029999,75.120003,73.970001,74.470001,3318200,62.40612
"2016-07-26",74.470001,76.300003,74.370003,76.230003,2901700,63.881012
"2016-07-27",76.43,76.870003,75.269997,75.400002,3108500,63.185474
"2016-07-28",75.690002,76.379997,75.089996,76.25,4051900,63.89777
"2016-07-29",75.379997,76.160004,73.82,76.059998,5548800,63.738541
"2016-08-01",75.300003,75.629997,74.019997,74.260002,3399600,62.230133
"2016-08-02",74.529999,76.330002,74.510002,76.150002,4528300,63.813976
"2016-08-03",76.599998,78.739998,76.300003,78.660004,4582400,65.917366
"2016-08-04",78.370003,78.830002,77.309998,77.540001,2692900,64.978798
"2016-08-05",77.709999,78.610001,77.5,78.279999,1619100,65.598907
"2016-08-08",78.889999,79.519997,78.480003,78.580002,2327900,65.850319
"2016-08-09",78.760002,78.790001,76.580002,76.720001,3052700,64.291618
"2016-08-10",76.889999,77.860001,76.5,76.949997,2228200,64.484352
"2016-08-11",77.419998,78.470001,77,78.160004,1962200,65.49836
"2016-08-12",78.389999,78.900002,78,78.809998,2454500,66.043037
"2016-08-15",79.150002,79.25,78.220001,78.589996,2808000,65.858681
"2016-08-16",78.120003,78.25,77.709999,77.980003,1624800,65.875595
"2016-08-17",78.059998,78.209999,77.260002,77.709999,2642600,65.647507
"2016-08-18",77.980003,78.18,77.18,77.949997,3632100,65.850235
"2016-08-19",77.629997,78.690002,77.510002,78.050003,2400300,65.934723
"2016-08-22",77.519997,77.660004,76.800003,76.970001,2252000,65.022354
"2016-08-23",77.169998,78.190002,76.959999,77.82,1724100,65.740425
"2016-08-24",77.800003,78.230003,77.199997,77.68,1655700,65.622162
"2016-08-25",77.889999,79.449997,77.830002,79.07,3666000,66.796402
"2016-08-26",79.099998,79.699997,78.169998,78.620003,2061300,66.416252
"2016-08-29",78.860001,79.300003,78.650002,78.879997,1782300,66.63588
"2016-08-30",78.879997,79.790001,78.879997,79.330002,1980800,67.016052
"2016-08-31",79.150002,79.370003,78.110001,78.449997,2648800,66.272621
"2016-09-01",78.93,78.93,77.660004,78.290001,2165400,66.137474
"2016-09-02",78.970001,79.029999,78.480003,78.870003,1561100,66.627441
"2016-09-06",79.279999,79.339996,78.760002,79.110001,2729900,66.830177
"2016-09-07",79.239998,79.989998,79.150002,79.589996,3312500,67.235672
"2016-09-08",79.800003,80.459999,79.470001,80.080002,2001800,67.64962
"2016-09-09",79.389999,79.410004,77.860001,77.860001,2834200,65.774208
"2016-09-12",77.489998,79.209999,77.169998,78.839996,2224700,66.602089
"2016-09-13",78,78.050003,77.120003,77.25,4007800,65.258904
"2016-09-14",77.139999,78.230003,76.760002,76.970001,3115100,65.022354
"2016-09-15",77.43,79.529999,77.099998,79.099998,2875300,66.821739
"2016-09-16",78.32,79.290001,78.230003,79.089996,7599600,66.813278
"2016-09-19",79.760002,80.879997,79.18,80.349998,3205500,67.877708
"2016-09-20",80.349998,80.470001,79.580002,79.580002,2218400,67.227219
"2016-09-21",79.82,80.190002,79.370003,80.07,2133400,67.641167
"2016-09-22",80.5,81.080002,80.010002,80.029999,1728500,67.607361
"2016-09-23",79.690002,79.949997,79.059998,79.580002,2065100,67.227219
"2016-09-26",79.779999,80.269997,79.389999,79.470001,2351000,67.1343
"2016-09-27",79.019997,79.82,78.919998,79.410004,2274600,67.083618
"2016-09-28",79.730003,81.309998,79.300003,81.190002,2954500,68.587326
"2016-09-29",81.050003,81.190002,78.860001,79.279999,4121800,66.973785
"2016-09-30",79.919998,80.959999,79.550003,80.550003,2819900,68.046677
"2016-10-03",80.419998,80.769997,79.809998,80.410004,1702800,67.928398
"2016-10-04",80.339996,81.269997,79.739998,79.82,1985400,67.429977
"2016-10-05",80.589996,81.410004,80.360001,81.089996,2358100,68.502838
"2016-10-06",81.18,81.5,80.040001,80.769997,1828800,68.232498
"2016-10-07",81,81.07,80,80.389999,1614700,67.911491
"2016-10-10",80.860001,81.440002,80.800003,81.300003,1338500,68.680244
"2016-10-11",81.239998,81.339996,80.18,80.559998,1581600,68.055107
"2016-10-12",80.559998,80.559998,79.510002,79.809998,1664600,67.421532
"2016-10-13",79.18,79.459999,78.059998,79.150002,2185300,66.863983
"2016-10-14",79.739998,80.120003,79.209999,79.309998,1420800,66.999123
"2016-10-17",79.309998,79.720001,78.75,79.139999,2397000,66.85553
"2016-10-18",79.730003,79.989998,79.300003,79.589996,1339300,67.235672
"2016-10-19",79.910004,80.110001,79.449997,79.669998,1737400,67.303246
"2016-10-20",79.400002,79.919998,78.910004,79.739998,1407300,67.362373
"2016-10-21",79.209999,80.43,78.800003,80.349998,2070800,67.877708
"2016-10-24",80.529999,81.029999,79.870003,80.589996,1490300,68.080444
"2016-10-25",80.290001,81.080002,79.940002,80.760002,2263300,68.224052
"2016-10-26",80.279999,81.510002,80.110001,81.059998,2064900,68.477478
"2016-10-27",81.120003,81.260002,79.860001,79.989998,2434400,67.57357
"2016-10-28",79.230003,81.760002,79,80.129997,2977400,67.691856
"2016-10-31",80.199997,81.989998,80.019997,81.150002,2819800,68.55352
"2016-11-01",82.349998,83.209999,79.470001,80.25,4350600,67.793221
"2016-11-02",79.5,79.809998,78.010002,78.339996,2958400,66.179688
"2016-11-03",78.589996,79.800003,77.660004,79.080002,2530700,66.804832
"2016-11-04",78.879997,79.550003,78.260002,78.599998,1568500,66.399345
"2016-11-07",79.620003,80.230003,79.519997,79.93,2051400,67.522919
"2016-11-08",79.720001,80.730003,79.610001,79.889999,1617300,67.489105
"2016-11-09",79.290001,83.160004,78.93,82.449997,4490400,69.651718
"2016-11-10",82.339996,83.760002,82.190002,83.089996,3188500,70.192383
"2016-11-11",82.900002,83.089996,81.870003,82.220001,2185500,69.457443
"2016-11-14",82.220001,83.5,82.029999,83.360001,2602400,70.420471
"2016-11-15",83.360001,83.779999,82.5,83.699997,2991100,71.24614
"2016-11-16",83.650002,83.82,82.779999,83,1601300,70.650314
"2016-11-17",83.720001,84.610001,83.300003,83.830002,2294800,71.356796
"2016-11-18",83.889999,84.18,83.529999,83.639999,2220300,71.195076
"2016-11-21",84.480003,84.93,83.970001,84.860001,2118400,72.233543
"2016-11-22",84.959999,85.629997,84.169998,84.879997,2853900,72.250565
"2016-11-23",84.839996,85.599998,84.480003,85.059998,2681300,72.403786
"2016-11-25",84.82,84.919998,84.510002,84.889999,972200,72.259094
"2016-11-28",84.800003,85.029999,84.019997,84.089996,3389300,71.578117
"2016-11-29",83.360001,83.5,82.300003,82.389999,2150500,70.131073
"2016-11-30",83.099998,83.809998,82.330002,83.080002,4999400,70.718399
"2016-12-01",83.919998,85.800003,83.599998,84.980003,3535500,72.335701
"2016-12-02",84.75,85.699997,84.699997,84.879997,2104400,72.250565
"2016-12-05",85.379997,85.889999,84.889999,85.440002,2811300,72.727249
"2016-12-06",85.129997,85.43,84.559998,84.910004,2564200,72.276108
"2016-12-07",85.080002,87.099998,84.940002,87.010002,2687000,74.063644
"2016-12-08",87.059998,87.970001,86.919998,87.629997,2240700,74.591393
"2016-12-09",87.690002,87.690002,86.860001,87.160004,1513000,74.19133
"2016-12-12",88,88.480003,86.730003,87.300003,1844200,74.310509
"2016-12-13",87.739998,88.870003,87.330002,88.169998,1976900,75.051041
"2016-12-14",87.650002,88.059998,86.349998,86.419998,2667500,73.56144
"2016-12-15",86.120003,87.089996,85.93,86.57,2133800,73.68911
"2016-12-16",86.800003,87.559998,86.540001,87.459999,2295800,74.446701
"2016-12-19",87.190002,87.440002,86.849998,87.169998,1516800,74.199837
"2016-12-20",87.379997,87.489998,86.669998,86.940002,1483700,74.004089
"2016-12-21",87.110001,87.230003,86.559998,86.779999,1512600,73.867882
"2016-12-22",86.699997,87.93,86.440002,87.559998,1456700,74.531807
"2016-12-23",87.279999,87.900002,87.279999,87.720001,948800,74.667992
"2016-12-27",87.870003,88.139999,87.610001,87.739998,926600,74.685028
"2016-12-28",87.730003,87.959999,87.029999,87.120003,1359800,74.15728
"2016-12-29",87.010002,87.489998,86.360001,86.650002,1035700,73.75721
"2016-12-30",86.650002,87.050003,86.010002,86.410004,1374800,73.552925
"2017-01-03",87.309998,87.919998,86.650002,86.790001,2257900,73.876381
"2017-01-04",87.169998,88.260002,87.080002,87.260002,2306900,74.276459
"2017-01-05",87.260002,88.120003,86.660004,86.739998,2056300,73.833817
"2017-01-06",86.779999,86.970001,85.279999,85.400002,1989400,72.693207
"2017-01-09",84.910004,84.910004,83.75,84.019997,2581900,71.518547
"2017-01-10",84,85.18,83.589996,83.760002,3697700,71.297226
"2017-01-11",83.910004,85.599998,83.800003,84.889999,3543500,72.259094
"2017-01-12",85.089996,85.120003,83.510002,84.339996,2169400,71.790916
"2017-01-13",84.059998,84.160004,83.07,83.290001,2242900,70.897163
"2017-01-17",83.209999,84.650002,83.080002,83.559998,2379700,71.126968
"2017-01-18",83.519997,84.510002,83.5,84.129997,1967400,71.61216
"2017-01-19",83.949997,84.080002,82.68,82.989998,1929600,70.641777
"2017-01-20",83.489998,84.029999,82.580002,83.040001,2068200,70.684341
"2017-01-23",83.279999,83.370003,82.019997,82.199997,2033700,69.96933
"2017-01-24",82.639999,84.459999,82.550003,84.190002,2398500,71.663239
"2017-01-25",84.709999,85.290001,84.470001,85,1707900,72.352707
"2017-01-26",85.18,85.339996,84.029999,84.239998,1618200,71.705795
"2017-01-27",84.010002,84.349998,82.5,82.769997,2099300,70.454514
"2017-01-30",82.5,82.75,81.690002,82.330002,2375000,70.079987
"2017-01-31",82,82.370003,81.150002,81.620003,2740200,69.475624
"2017-02-01",82.110001,82.32,80.360001,80.75,3030200,68.735069
"2017-02-02",80.93,81.260002,80.230003,81.050003,3386800,68.990425
"2017-02-03",80.5,81.199997,78.82,79.949997,3672500,68.054108
"2017-02-06",80,80.190002,79,79.139999,3016700,67.364639
"2017-02-07",79.099998,79.139999,77.809998,78.550003,3255400,66.862427
"2017-02-08",78.25,79.019997,77.809998,78.860001,3042800,67.126297
"2017-02-09",78.860001,79.629997,78.860001,79.25,2596900,67.45826
"2017-02-10",79.419998,79.980003,79.379997,79.860001,2030700,67.977493
"2017-02-13",79.860001,80.120003,79.57,79.900002,2111900,68.011559
"2017-02-14",79.980003,80.099998,79.150002,79.980003,2543900,68.079659
"2017-02-15",79.730003,80.389999,79.660004,80.080002,2272800,68.16478
"2017-02-16",79.599998,79.690002,78.400002,78.5,2939200,67.349709
"2017-02-17",78.489998,79.239998,78.349998,78.660004,2219200,67.486992
"2017-02-21",79.080002,79.389999,78.760002,79.029999,2833700,67.804428
"2017-02-22",79,79,78.220001,78.379997,2017500,67.246758
"2017-02-23",79,79.349998,78.360001,78.610001,1864600,67.444092
"2017-02-24",78.389999,78.489998,77.690002,78.029999,2225500,66.946487
"2017-02-27",78.199997,79.190002,78,78.860001,2648400,67.658585
"2017-02-28",78.779999,79.139999,78.110001,78.190002,3243100,67.083755
"2017-03-01",78.910004,80.029999,78.879997,79.370003,3204500,68.096153
"2017-03-02",79.279999,79.349998,78.160004,78.330002,2550400,67.203857
"2017-03-03",78.5,79.029999,78.18,78.339996,1737700,67.212433
"2017-03-06",78.160004,78.889999,78.010002,78.720001,1848200,67.53846
"2017-03-07",78.610001,78.809998,77.389999,77.480003,2679200,66.474586
"2017-03-08",77.610001,78.309998,77.129997,77.25,2817600,66.277267
"2017-03-09",77.019997,77.400002,76.279999,76.839996,2684500,65.925499
"2017-03-10",77.18,78.980003,76.589996,78.860001,5038100,67.658585
"2017-03-13",78.910004,79.489998,78.709999,79.010002,2178700,67.787277
"2017-03-14",78.5,78.769997,78.160004,78.510002,2343400,67.358315
"2017-03-15",78.940002,80.279999,78.940002,80.150002,2411800,68.765343
"2017-03-16",80.059998,80.099998,79.419998,79.690002,2474600,68.370689
"2017-03-17",79.860001,80.089996,79.629997,79.940002,2799600,68.585167
"2017-03-20",79.879997,79.989998,79.099998,79.410004,2285400,68.130455
"2017-03-21",79.489998,79.779999,78.260002,78.599998,4631300,67.435509
"2017-03-22",78.300003,78.940002,77.839996,78.830002,3026800,67.632851
"2017-03-23",78.57,79.190002,78.43,78.480003,2211800,67.332558
"2017-03-24",78.419998,78.669998,77.120003,77.269997,2359700,66.294418
"2017-03-27",76.970001,77.790001,76.660004,77.25,2089300,66.277267
"2017-03-28",77.410004,78.110001,77.080002,77.919998,2388500,66.852097
"2017-03-29",77.809998,78.5,77.540001,78.32,2282000,67.195282
"2017-03-30",78.379997,78.849998,77.940002,78.589996,3241500,67.426933
"2017-03-31",78.489998,79.43,78.410004,79.220001,2744100,67.96743
"2017-04-03",79.089996,79.220001,78,78.290001,1711600,67.169548
"2017-04-04",78.5,78.550003,77.669998,78.43,1368100,67.289665
"2017-04-05",78.739998,79.480003,77.529999,77.57,2867200,66.551819
"2017-04-06",77.589996,77.650002,76.650002,76.879997,3322400,65.959824
"2017-04-07",76.959999,77.660004,76.529999,77.150002,2484300,66.191475
"2017-04-10",77.510002,78.650002,77.5,78.050003,2503900,66.963638
"2017-04-11",77.809998,77.970001,77.150002,77.879997,2042900,66.81778
"2017-04-12",78.129997,78.260002,77.260002,77.379997,2006100,66.388786
"2017-04-13",77.260002,77.690002,76.459999,76.669998,2606600,65.779648
"2017-04-17",76.660004,77.010002,76.57,77.010002,1548800,66.071365
"2017-04-18",76.650002,76.989998,75.639999,75.93,2326300,65.14476
"2017-04-19",75.940002,76.150002,75.139999,75.330002,2511300,64.629974
"2017-04-20",75.5,76.370003,75.330002,75.75,1682300,64.990326
"2017-04-21",75.599998,76.589996,75.599998,76.349998,2561100,65.505112
"2017-04-24",77.120003,77.589996,76.739998,77.510002,2483300,66.500336
"2017-04-25",77.599998,78.18,77.25,78.080002,2632800,66.989365
"2017-04-26",77.93,78.889999,77.660004,78.110001,2977500,67.015121
"2017-04-27",78.010002,78.129997,76.93,78.050003,3001200,66.963638
"2017-04-28",79.599998,80.940002,79.07,79.559998,5260800,68.259148
"2017-05-01",79.519997,80.349998,79.32,79.559998,2632700,68.259148
"2017-05-02",79.93,80.07,79.059998,79.260002,2202900,68.001755
"2017-05-03",78.910004,79.75,78.739998,79.589996,1946200,68.284882
"2017-05-04",79.300003,79.300003,78,78.239998,2163800,67.126648
"2017-05-05",78.330002,79.43,78.32,79.349998,1764000,68.078964
"2017-05-08",79.07,79.730003,78.790001,79.639999,1867800,68.327789
"2017-05-09",79.540001,80.110001,79.379997,79.599998,1455800,68.293488
"2017-05-10",79.769997,80.040001,79.459999,79.75,1690500,68.422165
"2017-05-11",79.900002,80.019997,79.209999,79.519997,1440400,68.224838
"2017-05-12",79.470001,79.980003,79.300003,79.790001,1439900,68.456482
"2017-05-15",80.290001,80.68,79.830002,80.120003,1725800,68.739609
"2017-05-16",79.440002,79.470001,78.220001,78.540001,2011800,67.977951
"2017-05-17",78.540001,78.779999,77.629997,77.669998,2208700,67.224937
"2017-05-18",77.379997,77.940002,76.809998,77.550003,2534400,67.121101
"2017-05-19",77.660004,78.529999,77.349998,78.25,2293200,67.726936
"2017-05-22",78.309998,78.790001,78.209999,78.550003,1386600,67.986603
"2017-05-23",78.75,78.790001,78.089996,78.139999,2977000,67.631737
"2017-05-24",78.110001,78.610001,77.910004,78.279999,1424900,67.752937
"2017-05-25",78.510002,78.879997,77.220001,77.419998,2765100,67.008575
"2017-05-26",77.629997,77.910004,77.150002,77.440002,2300400,67.025879
"2017-05-30",77.279999,77.68,76.82,77,1920200,66.645042
"2017-05-31",76.900002,77.230003,76,76.110001,3842300,65.874733
"2017-06-01",76.379997,76.709999,75.900002,76.620003,2503800,66.316162
"2017-06-02",76.169998,76.809998,75.849998,76.370003,2150900,66.09977
"2017-06-05",76.190002,77.230003,76.190002,76.860001,2251900,66.523865
"2017-06-06",76.690002,77.099998,76.32,77.040001,1707200,66.679657
"2017-06-07",76.639999,77.160004,76.349998,76.959999,2556000,66.610435
"2017-06-08",76.959999,77.940002,76.800003,77.400002,2434700,66.991257
"2017-06-09",77.360001,79.699997,77.300003,79.57,2832800,68.869438
"2017-06-12",79.57,80.480003,79.57,80.209999,2971200,69.423363
"2017-06-13",80.290001,80.730003,79.900002,80.629997,1843100,69.786888
"2017-06-14",80.589996,80.639999,78.75,78.779999,2810800,68.185669
"2017-06-15",78.610001,79.379997,78.529999,79.080002,2157300,68.445335
"2017-06-16",79.43,80.980003,79.209999,80.940002,4870900,70.055206
"2017-06-19",80.989998,81.519997,80.849998,81.239998,2757400,70.31485
"2017-06-20",80.300003,80.599998,78.910004,79.550003,2299700,68.852135
"2017-06-21",79.550003,79.769997,78.629997,78.889999,2073900,68.280884
"2017-06-22",79.019997,79.410004,78.629997,78.910004,1016100,68.29818
"2017-06-23",78.82,80.370003,78.800003,80.269997,2696600,69.475296
"2017-06-26",80.279999,80.650002,80.059998,80.239998,1512900,69.449341
"2017-06-27",80.389999,81.300003,80.239998,80.540001,1653900,69.708992
"2017-06-28",81,82.129997,80.989998,81.790001,2317500,70.790901
"2017-06-29",82.099998,82.82,81.790001,81.870003,2514000,70.860138
"2017-06-30",82.32,83.110001,81.919998,82.690002,2458700,71.569855
"2017-07-03",82.970001,83.870003,82.919998,83.339996,1076900,72.132462
"2017-07-05",83.25,83.25,82.150002,82.330002,1974200,71.25827
"2017-07-06",82.400002,82.599998,81.690002,81.889999,1590800,70.877449
"2017-07-07",81.919998,82.82,81.550003,82.599998,1710800,71.491951
"2017-07-10",82.480003,82.870003,82.330002,82.459999,1498700,71.370804
"2017-07-11",82.279999,82.75,81.910004,82.360001,1365400,71.284233
"2017-07-12",82.830002,83.099998,81.910004,82.239998,1606000,71.180374
"2017-07-13",81.940002,82.25,81.110001,81.720001,2318400,70.730301
"2017-07-14",81.860001,82.349998,81.650002,82.199997,1435800,71.145752
"2017-07-17",81.919998,82.220001,81.639999,81.809998,1843700,70.808189
"2017-07-18",82.089996,82.129997,81.510002,81.959999,1339100,70.938011
"2017-07-19",81.949997,82.940002,81.860001,82.919998,1666200,71.768921
"2017-07-20",82.970001,83.120003,81.989998,82.360001,1167700,71.284233
"2017-07-21",82.309998,83.330002,81.980003,82.849998,2190600,71.708351
"2017-07-24",82.690002,83.019997,82.519997,82.650002,1417900,71.53524
"2017-07-25",83.209999,84.68,83.209999,84.449997,2335600,73.093163
"2017-07-26",84.690002,84.720001,83.620003,83.699997,1753700,72.444031
"2017-07-27",83.529999,84.93,83.339996,84.510002,2188400,73.145111
"2017-07-28",84.239998,84.650002,83.489998,83.650002,2169400,72.400764
"2017-07-31",83.879997,84.389999,83.75,83.75,3641500,72.487297
"2017-08-01",84.040001,85.809998,84,85.629997,2696700,74.114479
"2017-08-02",85.449997,87.300003,85.379997,86.669998,2952400,75.014618
"2017-08-03",86.769997,87.120003,85.589996,85.650002,2430100,74.131798
"2017-08-04",85.690002,86.190002,85.580002,85.599998,2087500,74.088516
"2017-08-07",85.529999,85.589996,84.879997,85.07,2187200,73.629807
"2017-08-08",84.839996,85.309998,84.529999,85.019997,1848000,73.586517
"2017-08-09",85,85.559998,84.32,84.489998,2297100,73.127792
"2017-08-10",84.419998,84.75,83.480003,83.639999,1850500,72.39209
"2017-08-11",83.089996,83.800003,82.959999,83.440002,1858200,72.218994
"2017-08-14",83.599998,84.300003,83.440002,83.879997,1758700,72.599831
"2017-08-15",83.75,84.080002,83.239998,83.68,1907600,72.426727
"2017-08-16",83.309998,83.480003,82.760002,83.029999,2138400,72.470352
"2017-08-17",82.669998,83.010002,80.889999,80.889999,2359100,70.602524
"2017-08-18",80.800003,82.169998,80.730003,81.559998,2288900,71.187302
"2017-08-21",81.410004,82.040001,81.139999,81.900002,1686900,71.484077
"2017-08-22",82.120003,82.599998,81.989998,82.230003,1709100,71.77211
"2017-08-23",81.970001,82.650002,81.879997,82.360001,1159800,71.885567
"2017-08-24",82.059998,84.410004,82.059998,83.870003,2463200,73.203545
"2017-08-25",84.300003,84.839996,83.370003,83.419998,1778600,72.810768
"2017-08-28",84.110001,84.599998,83.519997,83.650002,2285600,73.01152
"2017-08-29",83.5,83.989998,83.25,83.5,1696800,72.880585
"2017-08-30",83.5,83.739998,82.949997,83.599998,1853600,72.967873
"2017-08-31",83.970001,83.980003,83.120003,83.809998,2446000,73.151161
"2017-09-01",83.870003,84.610001,83.190002,84.43,2048800,73.692322
"2017-09-05",84.32,84.400002,82.660004,83.239998,2491400,72.653648
"2017-09-06",83.639999,83.949997,83.18,83.360001,1885900,72.758392
"2017-09-07",83.480003,84.199997,83.110001,84.040001,1853200,73.351913
"2017-09-08",84.029999,85.110001,83.959999,84.699997,1936700,73.927971
"2017-09-11",84.900002,85.419998,84.43,85.190002,1508900,74.355667
"2017-09-12",85.199997,85.839996,85.080002,85.730003,1567300,74.826981
"2017-09-13",85.889999,86.459999,85.519997,86.349998,1748100,75.368134
"2017-09-14",86.18,86.760002,85.949997,86.239998,2002600,75.272118
"2017-09-15",86.300003,87.82,86.290001,87.669998,4363600,76.520256
"2017-09-18",87.610001,88.349998,87.5,88.309998,1815900,77.078857
"2017-09-19",88.370003,89.309998,88.019997,89.089996,1928600,77.759666
"2017-09-20",89.029999,89.510002,88.769997,89.07,2279000,77.74221
"2017-09-21",88.900002,89.709999,88.800003,89.139999,2035700,77.803299
"2017-09-22",89.139999,90.099998,89.019997,89.889999,2036600,78.457916
"2017-09-25",89.970001,91.5,89.849998,91.010002,2039700,79.435478
"2017-09-26",91.150002,91.68,90.910004,91.349998,1986500,79.732254
"2017-09-27",91.389999,92.080002,90.580002,91.800003,2468200,80.125
"2017-09-28",91.980003,92.190002,91.290001,91.790001,2197400,80.11628
"2017-09-29",91.660004,92.080002,91.349998,91.610001,1947300,79.959183
"2017-10-02",91.360001,92.669998,91.209999,92.379997,1929500,80.631248
"2017-10-03",93.800003,94.690002,93.25,93.629997,2606100,81.722275
"2017-10-04",93.389999,93.709999,92.760002,93.43,2214300,81.547707
"2017-10-05",93.529999,94.120003,93.099998,93.330002,2046000,81.460411
"2017-10-06",92.769997,93.330002,92.410004,92.82,1769400,81.015289
"2017-10-09",93.449997,93.760002,93.040001,93.32,1238700,81.451691
"2017-10-10",93.660004,94,93.32,93.470001,1109900,81.582619
"2017-10-11",93.470001,93.949997,92.919998,93.68,1644300,81.765915
"2017-10-12",93.449997,94.459999,93.330002,94.339996,1692800,82.341972
"2017-10-13",94.690002,95,94.220001,94.43,1608600,82.420532
"2017-10-16",93.5,93.790001,90.699997,90.870003,3563000,79.313286
"2017-10-17",90.690002,91.099998,90.400002,90.629997,2398400,79.103798
"2017-10-18",90.739998,90.879997,89.900002,90.239998,1942200,78.763405
"2017-10-19",89.709999,90.580002,89.260002,90.389999,1899800,78.894333
"2017-10-20",90.790001,91.029999,90.389999,90.800003,2109800,79.252197
"2017-10-23",90.889999,91.760002,90.699997,91.239998,2036000,79.636223
"2017-10-24",91.279999,91.889999,90.669998,91.830002,1425700,80.151199
"2017-10-25",91.82,92.349998,91.230003,91.709999,2187400,80.046455
"2017-10-26",91.510002,92,90.800003,91.18,1683300,79.583855
"2017-10-27",91.050003,92.080002,90.199997,91.989998,2082900,80.290863
"2017-10-30",91.580002,92.32,90.989998,91.019997,1922900,79.444199
"2017-10-31",90.940002,91.440002,90.290001,91.080002,1442200,79.496567
"2017-11-01",91.029999,92.650002,90.919998,92.300003,2152200,80.561432
"2017-11-02",92.209999,93.599998,91.910004,93.459999,1822800,81.573883
"2017-11-03",93.330002,94.419998,93.059998,93.580002,1868100,81.678635
"2017-11-06",93.589996,94.949997,93.290001,94.43,1927100,82.420532
"2017-11-07",94.669998,94.870003,93.949997,94.57,1370900,82.542717
"2017-11-08",94.519997,94.669998,94.019997,94.550003,2035400,82.525276
"2017-11-09",93.610001,94.629997,93.610001,94.419998,1532600,82.411797
"2017-11-10",94.309998,94.510002,93.32,93.660004,1347800,81.748459
"2017-11-13",93.660004,94.209999,93.199997,93.32,1264000,81.451691
"2017-11-14",92.589996,93.389999,92.389999,92.830002,1774800,81.024017
"2017-11-15",92.199997,93.059998,91.449997,92.57,1766000,80.797081
"2017-11-16",92,92.739998,91.540001,92.459999,2197900,81.315979
"2017-11-17",92.239998,93.190002,91.970001,92.650002,1340700,81.48307
"2017-11-20",92.489998,92.980003,92.150002,92.620003,919600,81.456696
"2017-11-21",92.93,94.040001,92.860001,93.620003,1509100,82.336151
"2017-11-22",93.669998,93.959999,92.699997,93.290001,1414100,82.045937
"2017-11-24",93.330002,93.860001,93.290001,93.639999,605700,82.353745
"2017-11-27",93.540001,93.639999,92.550003,92.809998,2066200,81.623772
"2017-11-28",93.459999,94.220001,92.839996,94.050003,1584200,82.71434
"2017-11-29",94.050003,95.040001,94.050003,94.910004,2004100,83.470665
"2017-11-30",95,97.690002,94.919998,97.559998,3332600,85.801277
"2017-12-01",97.980003,98.160004,95.349998,97.57,2329600,85.810066
"2017-12-04",96.989998,99.349998,96.989998,97.529999,1953800,85.774895
"2017-12-05",97.75,99.349998,97.540001,98.269997,1820200,86.425713
"2017-12-06",98.120003,98.620003,97.290001,97.589996,1612400,85.827644
"2017-12-07",97.5,98.290001,97.32,97.860001,1485700,86.065117
"2017-12-08",98.519997,99.870003,98.199997,99.550003,2360000,87.55143
"2017-12-11",99.370003,100.25,99.370003,99.720001,1299500,87.700928
"2017-12-12",99.879997,100.129997,99,99.07,1670400,87.129295
"2017-12-13",99.330002,100.389999,98.989998,99.989998,1912700,87.938385
"2017-12-14",99.849998,100.459999,99.550003,99.550003,1455900,87.55143
"2017-12-15",100,100.410004,99.580002,99.919998,2957300,87.876831
"2017-12-18",99.919998,100.419998,99.669998,99.980003,1833000,87.929596
"2017-12-19",100.040001,100.139999,99.07,99.139999,1552300,87.190849
"2017-12-20",99.650002,100.980003,99.220001,100.720001,2223100,88.580414
"2017-12-21",100.669998,100.839996,99.910004,100.080002,2359900,88.017548
"2017-12-22",100.650002,101.279999,100.309998,100.889999,1092600,88.729927
"2017-12-26",101.139999,101.809998,100.860001,101.639999,900400,89.389519
"2017-12-27",101.809998,102.43,101.269997,102.059998,1226000,89.758911
"2017-12-28",102.099998,102.160004,101.419998,101.959999,1258300,89.670952
"2017-12-29",102.25,102.290001,101.150002,101.150002,1267600,88.95858
